kappa,rAB,rBC
1.361999e+05,1.386882e-11,1.642055e+00
5.205942e+05,7.260570e-12,3.614017e-01
2.040643e+05,5.429229e-12,3.015409e-03
4.091102e+03,2.163132e-13,7.852303e-06
4.684313e+04,5.190960e-12,1.246830e-02
4.502874e+02,6.069593e-14,4.039279e-07
1.285838e+05,4.115722e-11,2.877292e-01
2.601436e+06,2.294033e-10,1.142371e+00
8.628156e+04,1.318280e-11,1.437381e-02
4.149651e+09,7.822089e-08,1.001328e+00
7.258814e+05,3.966883e-11,1.221771e+00
1.713762e+06,3.560704e-10,6.577596e-01
3.983178e+05,1.743494e-11,1.162747e+00
4.841582e+01,2.083959e-15,3.359425e-09
2.779208e+02,1.263473e-14,6.055697e-09
1.600593e+03,2.244365e-14,4.962448e-06
3.334923e+03,2.218390e-12,1.348380e-04
1.275182e+10,9.531353e-08,3.852222e-01
7.685248e+03,1.074333e-12,6.700965e-05
1.694749e+03,9.072299e-14,5.694612e-06
8.476117e+04,1.109225e-11,5.084635e-01
6.108512e+10,3.708029e-07,9.999686e-01
9.904928e+05,8.706453e-11,9.595218e+00
6.668465e+04,5.190236e-12,1.257018e+00
1.593860e+07,5.774012e-12,1.002321e+00
1.092009e+06,6.533328e-12,3.086841e+01
2.983543e+05,9.499162e-13,2.685151e+00
8.188517e+11,7.207727e-05,9.999999e-01
6.609304e+01,5.315246e-16,2.681622e-08
8.885891e+06,4.241291e-10,8.718409e-01
6.856109e+03,9.215913e-15,8.889511e-05
1.406125e+04,1.382698e-13,4.450036e-04
4.281126e+05,4.998904e-13,3.963875e-02
2.902267e+05,5.600925e-12,4.225888e-02
2.019713e+02,2.037782e-14,1.554577e-07
1.142843e+12,1.473077e-05,1.000000e+00
3.188804e+03,1.352015e-14,1.998291e-05
1.712369e+01,2.438578e-16,1.079549e-08
4.171176e+05,1.262341e-11,5.679299e-01
1.217185e+04,6.913781e-13,2.757028e-04
9.012418e+02,5.174840e-14,1.555472e-06
8.155323e+02,9.464882e-14,4.220871e-06
6.870842e+06,2.836624e-10,1.002524e+00
5.235068e+10,2.823027e-07,9.999667e-01
1.270521e+05,9.914457e-12,6.740387e-02
5.349036e+07,2.077319e-10,9.925427e-01
7.638776e+03,2.310299e-13,1.541209e-04
1.338523e+02,2.858146e-14,3.810199e-08
4.090846e+04,6.309974e-13,1.473713e-03
1.651234e+02,8.565598e-15,8.665836e-08
1.815937e+07,1.053966e-09,9.799950e-01
5.245630e+01,1.938917e-15,7.689776e-09
2.115404e+01,1.039045e-15,1.199344e-09
3.503401e+04,2.785879e-12,1.209256e-03
2.184161e+05,3.575904e-12,7.679526e-03
7.614680e+03,2.116744e-12,1.140466e-04
4.537340e+04,1.063228e-12,3.413839e-02
4.531683e+10,3.405724e-07,1.000001e+00
2.576448e+01,3.974635e-15,1.210557e-09
1.031913e+07,4.317902e-11,3.576358e+00
1.114165e+02,3.899567e-14,2.417611e-08
2.426646e+07,3.689827e-10,9.693937e-01
6.791406e+02,9.651322e-14,5.654098e-07
6.338158e+11,6.799056e-06,1.000001e+00
1.638787e+02,2.423013e-14,5.748280e-08
3.013697e+02,1.906221e-14,5.793942e-07
8.362034e+10,2.577116e-07,9.999696e-01
4.780964e+01,1.305890e-14,4.085181e-10
1.012799e+03,4.257127e-14,2.745022e-06
9.582169e+10,4.269933e-03,1.000000e+00
4.474652e+03,1.016518e-13,3.875869e-05
1.703543e+06,3.265480e-11,7.654544e-01
5.291689e+05,1.443601e-11,9.111177e-01
7.823019e+06,1.245760e-11,9.889932e-01
1.889885e+02,1.752128e-14,4.793748e-09
1.351476e+04,5.352567e-13,1.246006e-04
1.080332e+12,2.680535e-08,1.000000e+00
1.126072e+06,9.286286e-11,1.104955e+00
3.104093e+05,3.579948e-12,1.038278e+00
8.629995e+09,6.496591e-07,9.999791e-01
1.467488e+08,3.653551e-06,9.954720e-01
3.357453e+11,2.194206e-07,9.999999e-01
1.767067e+07,5.062995e-10,9.351329e-01
5.446646e+02,1.341332e-13,2.503613e-06
1.019250e+03,6.257516e-15,1.748741e-06
7.793224e+06,7.111290e-11,9.852955e-01
2.465055e+06,4.682591e-11,1.644044e+00
3.198762e+03,1.146673e-13,6.377455e-06
7.014715e+11,8.880408e-01,3.156215e+01
8.375180e+03,5.822740e-13,1.041912e-03
2.562651e+05,1.813162e-10,3.054290e+00
1.048017e+04,1.949685e-13,1.748846e-04
1.248940e+05,3.720412e-11,2.799274e-03
8.543093e+05,4.317073e-11,2.623451e+00
9.595992e+02,1.725909e-13,6.016044e-06
1.593176e+02,2.361667e-15,1.312939e-08
5.800632e+02,2.404524e-14,5.655873e-08
7.847529e+06,7.727379e-10,9.088468e-01
1.007318e+03,3.337719e-14,4.371603e-08
6.081768e+02,1.478371e-14,1.631227e-06
2.900367e+03,2.789933e-13,1.649608e-05
2.446659e+07,6.367040e-10,9.715287e-01
7.917762e+02,1.284174e-14,1.003282e-06
3.243672e+06,1.340843e-10,1.012898e+00
1.941286e+08,2.071319e-10,9.886970e-01
3.694511e+02,2.004845e-14,1.043593e-06
3.203438e+02,1.489602e-14,2.357846e-07
1.064721e+06,4.375111e-11,8.721282e-01
1.059612e+08,1.354040e-09,9.860615e-01
1.397597e+05,5.446636e-12,2.971683e-02
3.771227e+04,2.129152e-12,4.325208e-06
3.473983e+10,3.996314e-07,1.000035e+00
2.990723e+06,8.725093e-12,1.965742e+00
5.916678e+11,3.871566e-05,1.000000e+00
2.695244e+01,8.355395e-16,7.504006e-10
5.588844e+04,1.265817e-12,6.320813e-03
6.648788e+02,5.584196e-15,7.832078e-07
2.473358e+06,3.363774e-11,1.009642e+00
2.010119e+02,5.111272e-15,4.544788e-07
2.361462e+10,1.435801e-07,1.000026e+00
1.893467e+01,6.991987e-16,2.334946e-10
6.969774e+06,5.729827e-10,9.784764e-01
1.840778e+03,4.225236e-14,2.916288e-07
1.302160e+04,9.751174e-13,2.911157e-04
2.647163e+12,4.662958e-05,1.000000e+00
1.986072e+11,7.513454e-07,6.861045e-01
7.068047e+06,2.012528e-10,1.231225e+00
1.755063e+04,3.891551e-13,4.203376e-04
9.979265e+05,1.942922e-10,1.637559e+00
2.981556e+04,1.307603e-12,1.788161e-03
2.333336e+06,1.040255e-10,9.985571e-01
7.373552e+10,2.137336e-07,9.999409e-01
4.912449e+04,1.074505e-12,4.902500e-03
3.739935e+05,9.775072e-11,6.928869e-01
6.503226e+03,8.581327e-13,3.433887e-05
7.790006e+06,8.839590e-11,8.400740e-01
6.967500e+04,2.051463e-12,2.021445e-02
2.173622e+06,7.727044e-11,7.123019e-01
5.401436e+06,4.470543e-10,9.539916e-01
2.404075e+02,1.738163e-14,1.349021e-08
2.864336e+04,6.415412e-12,4.325840e-03
4.696194e+05,8.338765e-12,3.430557e-01
8.659873e+01,3.513606e-15,3.418801e-08
8.936021e+05,2.507861e-11,1.619527e+00
2.680142e+05,5.772729e-11,3.304782e-01
4.791601e+09,2.910438e-08,9.999445e-01
4.232456e+03,2.090476e-13,3.579706e-05
2.785373e+05,1.102039e-11,7.640057e-01
1.191068e+06,4.074699e-10,1.563155e+00
1.259385e+02,1.254995e-14,3.343018e-09
7.319837e+07,3.938240e-10,9.957257e-01
6.920567e+04,2.091011e-12,4.037911e-03
1.698611e+10,3.131617e-07,9.999889e-01
2.827225e+07,7.641090e-10,9.603684e-01
7.988491e+04,4.210117e-12,1.657355e-02
2.230671e+11,3.819977e-08,1.000000e+00
3.532475e+05,2.686156e-12,3.897216e-03
1.185208e+05,1.030968e-11,2.671791e-02
5.633792e+05,1.354256e-11,2.271684e-01
1.683552e+04,3.966310e-13,1.686597e-04
2.388379e+03,3.167828e-13,2.475845e-05
2.394740e+02,3.982617e-14,3.871726e-07
7.159645e+02,6.047445e-14,8.391641e-07
1.700112e+05,1.298023e-12,1.370081e-01
4.185058e+03,3.662800e-14,3.311340e-08
5.922955e+08,6.771867e-08,9.998571e-01
1.185857e+06,2.623497e-10,8.953190e-01
2.727944e+04,2.628257e-12,1.312351e-03
6.785672e+05,1.011948e-11,5.897067e-01
7.132162e+02,2.408777e-13,7.534816e-07
3.442943e+04,9.439988e-13,3.967562e-04
1.295063e+03,2.640770e-13,9.026814e-06
1.049261e+03,1.772632e-14,2.239975e-08
3.353500e+07,1.359868e-09,9.950821e-01
3.762628e+06,3.148763e-11,4.804040e-01
2.369873e+07,3.927067e-10,1.051225e+00
1.794246e+02,2.623293e-15,1.504190e-07
2.026582e+02,4.798135e-14,2.460141e-09
1.983902e+04,2.740979e-12,5.447583e-03
1.369863e+03,2.664868e-14,2.633686e-06
2.945910e+03,1.267769e-13,1.759622e-05
5.066886e+08,5.640166e-09,9.994144e-01
2.769816e+09,1.762297e-07,9.999803e-01
1.608098e+05,2.236424e-13,3.839944e-02
5.946592e+10,2.155120e-06,9.999530e-01
5.497756e+03,1.029405e-12,4.204062e-05
1.292150e+02,4.178816e-15,2.800638e-08
2.738217e+02,7.991210e-15,1.787252e-07
1.881660e+08,1.417241e-09,9.965103e-01
1.314740e+02,1.947907e-14,3.708203e-08
1.502971e+11,2.221456e-05,1.000000e+00
4.010742e+03,4.053611e-14,1.451627e-07
1.294393e+04,5.662960e-13,3.253897e-04
8.518838e+03,6.987679e-13,2.841207e-05
1.629644e+10,2.839250e-06,9.999614e-01
3.576956e+02,7.148055e-15,2.538535e-07
4.770821e+01,3.221282e-15,1.805113e-09
2.449702e+04,4.038881e-13,2.740818e-04
5.691702e+05,3.333026e-12,4.057309e-01
8.309908e+00,1.066599e-15,3.063116e-10
3.455816e+02,1.260899e-15,1.652993e-07
9.300273e+01,3.921868e-15,1.776457e-08
2.695333e+12,7.221684e-05,1.000000e+00
1.012773e+04,6.245816e-13,6.216234e-04
1.783132e+04,8.172030e-14,5.671650e-04
1.745953e+11,1.256910e-05,1.000001e+00
3.045491e+09,2.754773e-17,9.998668e-01
2.619720e+04,3.172070e-13,1.376349e-03
5.481880e+03,2.722943e-13,4.524744e-05
1.344780e+05,4.934816e-12,4.132785e-02
8.843823e+05,3.127838e-11,1.674548e+01
5.988414e+02,2.104830e-14,8.865231e-08
1.682701e+05,1.689754e-12,6.123923e-02
3.344297e+02,1.784763e-14,3.616652e-08
7.078457e+02,6.423059e-14,2.342671e-08
3.017036e+09,4.025623e-07,9.999660e-01
4.520926e+05,9.837335e-11,3.100014e-01
2.584759e+02,9.681598e-15,1.173238e-07
3.537532e+04,2.251507e-12,2.478617e-03
6.518556e+11,1.475284e-05,1.000000e+00
6.455971e+01,4.170899e-15,5.746404e-09
1.635808e+02,8.728853e-15,1.636579e-09
2.016308e+07,3.087909e-10,8.420252e-01
3.214235e+02,1.994647e-13,1.124110e-06
3.342017e+01,1.049409e-15,2.431558e-09
1.105749e+05,1.009405e-12,2.650159e-02
6.431445e+04,6.398886e-13,8.509428e-03
9.294176e+04,2.183072e-13,1.774782e-02
5.012368e+07,7.265437e-10,1.168266e+00
7.592943e+09,5.978293e-08,1.001222e+00
1.641195e+03,6.588864e-15,5.213303e-06
2.135858e+10,3.999831e-06,1.000005e+00
7.759250e+05,1.755059e-10,1.020368e+00
8.901764e+03,5.145712e-13,6.267763e-04
2.121608e+01,5.236372e-16,5.283561e-10
1.881809e+10,2.341257e-07,1.000081e+00
2.634982e+07,2.512974e-10,1.000240e+00
2.154114e+01,2.272727e-15,5.838672e-10
3.751397e+09,3.845372e-08,9.996727e-01
5.783452e+02,8.339240e-14,2.448424e-06
7.658304e+02,2.149130e-14,8.640411e-08
1.399193e+08,1.130174e-09,9.906008e-01
1.181175e+03,6.139910e-13,6.174428e-06
1.127479e+10,1.434702e-06,9.999592e-01
1.717461e+05,8.859396e-13,8.854156e-05
3.435844e+04,2.959065e-12,2.378928e-03
2.144920e+08,1.801955e-09,9.776269e-01
4.171493e+03,1.461664e-14,3.429626e-05
1.869732e+03,2.010036e-13,1.035887e-05
1.933040e+11,2.069621e-06,1.796310e+00
1.155429e+03,8.036900e-14,6.562194e-06
2.050989e+04,1.434019e-12,2.285734e-03
1.096239e+06,6.221410e-11,9.161220e-01
7.345729e+10,1.566386e-06,6.847421e-01
4.832030e+11,6.161496e-06,1.000028e+00
2.166817e+03,3.265640e-13,6.636458e-08
3.022224e+06,3.646569e-11,7.728342e-01
5.400263e+09,1.530101e-06,9.999520e-01
1.909978e+04,1.112864e-12,7.084497e-04
1.525882e+05,7.864577e-12,4.472079e-01
4.058471e+04,2.521965e-12,1.569052e-02
3.709119e+11,2.854910e-05,1.000000e+00
3.192878e+04,8.705969e-12,4.559251e-03
1.191298e+05,2.460709e-12,2.830000e-02
1.993437e+06,8.975321e-11,1.944993e+00
9.790165e+03,5.873506e-13,1.917136e-04
2.994592e+05,3.165507e-11,3.929140e+00
2.478140e+05,1.094431e-11,1.847181e-01
1.477606e+03,9.344833e-15,2.170071e-06
1.134180e+12,8.189911e-06,1.334931e+00
5.893706e+04,2.290627e-12,1.108531e-04
2.972573e+05,2.843842e-12,8.300284e-02
8.740182e+03,2.048826e-14,1.484901e-04
5.990672e+11,1.072271e-04,1.000000e+00
1.936619e+07,5.628454e-10,9.953609e-01
2.467300e+02,1.851602e-14,6.651934e-07
2.016282e+05,1.990132e-11,3.827169e-02
4.761529e+03,2.346749e-13,3.831371e-04
3.514830e+04,4.588405e-12,1.058346e-02
1.497278e+03,1.164354e-13,1.554461e-07
2.740646e+07,3.902523e-09,9.702802e-01
3.479057e+05,1.184736e-11,1.091788e-03
9.517909e+03,9.940492e-14,2.314846e-05
7.031018e+03,1.013777e-13,1.401875e-04
6.574246e+03,5.163969e-13,6.881504e-05
2.036066e+04,2.231187e-13,7.234913e-05
1.180717e+03,4.890994e-14,2.796792e-06
2.314771e+02,6.479229e-14,8.533588e-08
4.140673e+06,1.871033e-10,9.614983e-01
3.741209e+02,1.853208e-15,2.505506e-07
3.409148e+02,1.000460e-13,2.468313e-07
6.056085e+00,4.481370e-16,1.487800e-11
1.256873e+09,2.241732e-07,9.998461e-01
7.393844e+05,5.967901e-11,3.582292e-01
6.128397e+04,2.906887e-12,7.637188e-03
6.122700e+05,1.217708e-10,9.888143e-01
2.357451e+02,5.855843e-14,9.317647e-08
6.145172e+04,3.530596e-12,5.229042e-03
3.039667e+06,8.514021e-11,2.645604e+00
1.218766e+05,3.636788e-12,2.683647e-02
2.547082e+06,7.860622e-11,1.289568e+00
6.978066e+10,6.818356e-07,1.000013e+00
9.289246e+10,1.964984e-05,1.000001e+00
1.589447e+05,2.948430e-12,1.413297e-02
1.231844e+06,2.517389e-11,2.392553e-03
7.022160e+06,1.919880e-09,1.502261e+01
5.778061e+03,1.216875e-14,3.113729e-04
2.013823e+02,3.505333e-14,8.146361e-08
1.227694e+07,3.589718e-10,9.351733e-01
2.326296e+06,8.992092e-12,9.827769e-01
2.791075e+01,8.558526e-16,1.444290e-09
9.097762e+09,1.069344e-06,4.176387e+01
1.197225e+04,2.480102e-12,7.691067e-04
2.695517e+11,1.058707e-08,1.000000e+00
5.643582e+06,3.033898e-10,8.962982e-01
3.430420e+03,3.960189e-13,2.339679e-05
2.061608e+10,4.194182e-07,1.000015e+00
4.597594e+04,2.070473e-12,4.347771e-02
1.281052e+04,1.118861e-13,8.963438e-05
1.873680e+03,1.189706e-13,6.061125e-06
1.086767e+03,1.573067e-14,2.354590e-06
7.806475e+01,1.035178e-14,1.063139e-08
7.645681e+04,2.382226e-12,3.530977e+00
2.015515e+09,1.644978e-07,9.999297e-01
5.578912e+04,3.020077e-12,2.236096e-02
1.654508e+10,8.859255e-07,3.096372e-01
4.881636e+07,2.984015e-10,9.533108e-01
1.029815e+10,9.098742e-07,9.999813e-01
2.576345e+04,2.909873e-12,8.799397e-05
5.497305e+02,2.636826e-15,3.348998e-07
3.549900e+05,1.137877e-11,9.539027e+00
7.984135e+10,7.785906e-06,1.000019e+00
1.549250e+06,6.661744e-11,4.280405e-01
3.341749e+03,4.527955e-14,2.000347e-05
1.633462e+06,8.738145e-11,7.689047e-01
7.119601e+05,3.742837e-11,5.211998e-01
1.887450e+02,3.559906e-14,6.186818e-08
2.291102e+04,5.059036e-13,1.024248e-03
1.247478e+11,5.025763e-06,1.000002e+00
6.794170e+04,8.792294e-12,3.983404e-03
8.944931e+06,5.210133e-10,9.348736e-01
2.492565e+06,4.544995e-11,5.280043e-01
1.320963e+13,1.460871e-03,1.000000e+00
3.447021e+02,7.204408e-14,1.242072e-07
1.276965e+02,1.415853e-15,2.656309e-08
1.100471e+03,1.578804e-14,1.760232e-06
1.553956e+10,1.937713e-08,9.997639e-01
1.719054e+05,1.785312e-12,8.040922e-03
4.141147e+06,6.888474e-10,1.107018e+01
6.269748e+10,1.067851e-07,9.999525e-01
3.355518e+11,5.407290e-05,9.999999e-01
3.420961e+05,2.464446e-11,1.003100e+00
4.033520e+03,8.430517e-14,2.631923e-05
1.559747e+03,1.234060e-13,3.500340e-06
8.561560e+10,3.759682e-06,1.273416e+03
3.686685e+06,3.134167e-11,8.881120e-01
2.941042e+05,3.140222e-11,2.902899e+00
2.721861e+05,6.723935e-12,1.091971e-01
1.475540e+05,2.910577e-11,4.755699e-01
1.023190e+06,1.877078e-11,7.676918e-01
2.743170e+01,1.194976e-14,2.729477e-09
1.074093e+12,9.593990e-06,9.999999e-01
3.737359e+10,3.636219e-06,2.481040e+01
2.783986e+05,4.704111e-11,2.135623e-01
1.835386e+10,5.233273e-07,9.999714e-01
3.078620e+03,7.609403e-13,3.060766e-05
2.194179e+01,6.888447e-16,8.336674e-10
7.838280e+03,3.156404e-13,1.585649e-06
1.949706e+04,1.257243e-12,6.114951e-04
3.102072e+03,7.276986e-14,2.426910e-05
2.050289e+01,5.561488e-15,3.544822e-09
2.058484e+13,1.596805e-03,1.000000e+00
2.783489e+09,1.836344e-07,9.997289e-01
3.349528e+02,3.182454e-14,1.978705e-07
3.467953e+10,1.145671e-06,9.999629e-01
9.033069e+02,2.077212e-14,6.435140e-07
1.212459e+02,6.391306e-15,3.970047e-09
2.441390e+05,3.739406e-11,4.698657e-02
6.977305e+03,1.451637e-13,6.065307e-05
2.444704e+06,3.891727e-10,1.879173e+00
1.003765e+05,2.030123e-11,4.277113e-01
2.907421e+07,1.096009e-09,9.683623e-01
9.404984e+04,4.171198e-12,3.402663e-03
4.107057e+02,1.756855e-14,3.248402e-09
8.807822e+00,2.510788e-16,2.875568e-11
3.709129e+03,2.113350e-12,1.187571e-04
5.167358e+00,1.512317e-16,6.995232e-11
1.020554e+04,2.612128e-12,1.084845e-03
4.152117e+02,1.235922e-14,1.024135e-09
9.118192e+04,5.377786e-12,2.095908e-01
1.088142e+02,1.328424e-15,1.000345e-09
1.554083e+05,1.091176e-11,5.166195e-02
3.905677e+06,2.821654e-11,8.965536e-01
1.837418e+11,1.273286e-06,1.000018e+00
1.457371e+09,3.303166e-08,9.997821e-01
2.529672e+04,6.588523e-13,8.462826e-04
6.599618e+04,3.244593e-13,6.957602e-03
1.626782e+02,1.599866e-14,1.495999e-07
2.285553e+05,1.534819e-12,1.923269e-01
6.467093e+06,3.685182e-11,5.036732e-01
3.887940e+04,3.196307e-12,9.202626e-03
6.027662e+01,1.574686e-15,6.357027e-09
1.461052e+01,7.081757e-16,3.788883e-10
1.153838e+05,8.792503e-12,3.800662e-02
1.224858e+06,1.302694e-10,1.468565e+00
6.286019e+05,2.388318e-11,1.570780e-01
2.881100e+04,4.327454e-13,1.325214e-03
1.208679e+10,2.545279e-06,9.999653e-01
4.247437e+05,5.905692e-11,7.521332e-01
9.482786e+05,6.443073e-10,1.000543e+00
1.840659e+07,1.275056e-09,9.942486e-01
1.539985e+06,8.109703e-11,6.891593e-01
1.891469e+04,1.379772e-12,2.857777e-03
1.290044e+05,3.020236e-11,7.026679e-01
4.725064e+10,8.817821e-09,1.000014e+00
6.513409e+03,4.897031e-13,1.710196e-05
4.433173e+01,8.300440e-16,4.728449e-10
1.402048e+11,2.227599e-07,9.999784e-01
1.662483e+05,9.209435e-12,5.884411e-02
7.319382e+10,2.296426e-07,1.000071e+00
2.973573e+09,1.889236e-16,9.993645e-01
4.737573e+03,8.200361e-13,3.744955e-04
2.338276e+09,2.687501e-07,9.999775e-01
1.927282e+10,3.038787e-06,1.000018e+00
3.360826e+03,2.495315e-13,8.094401e-05
1.242823e+04,6.030101e-13,3.097330e-04
1.469209e+03,7.298976e-15,4.418716e-06
4.329423e+07,8.859149e-10,9.479589e-01
1.620459e+03,3.321056e-14,7.966695e-06
2.269778e+05,1.100949e-12,2.790916e-01
1.229785e+06,2.509418e-11,1.388807e+00
4.699929e+09,1.403749e-07,9.999590e-01
2.441619e+02,3.155080e-15,3.289136e-08
8.475362e+05,1.289216e-10,8.160907e-01
3.128343e+03,9.612987e-14,1.866857e-05
8.217148e+09,9.898252e-08,9.998755e-01
1.008661e+14,2.542840e-02,1.000000e+00
9.504913e+03,3.604756e-13,2.770669e-04
3.125056e+04,1.654881e-12,1.871891e-03
2.405677e+01,2.454907e-15,4.460894e-10
5.162064e+02,7.657250e-15,1.054722e-07
5.157965e+05,6.772717e-11,7.041686e+00
1.531231e+02,2.107769e-14,4.046863e-08
1.798258e+06,3.538953e-11,6.536874e+00
7.067125e+03,1.339153e-12,9.868809e-05
5.316812e+02,6.615439e-15,6.746969e-07
2.890086e+11,2.816799e-05,1.000000e+00
4.971275e+07,8.589388e-11,9.904698e-01
5.709318e+11,2.566854e-06,1.000000e+00
1.594119e+06,1.469022e-10,1.189457e+00
9.287130e+11,6.961246e-06,1.000005e+00
4.291774e+03,2.578518e-13,8.950073e-05
3.281989e+10,6.080134e-06,1.000002e+00
5.019555e+10,2.364153e-07,9.999402e-01
4.695813e+06,1.440256e-10,1.310981e+01
5.701121e+05,1.048440e-11,7.020062e-01
1.326460e+04,2.914737e-13,1.313656e-03
7.170429e+04,5.006605e-13,9.742541e-03
1.218141e+01,1.175951e-15,8.426688e-11
1.188681e+01,3.575922e-16,3.618225e-10
3.688242e+06,2.964603e-10,9.626463e-01
5.816101e+09,9.616688e-07,9.999574e-01
6.601100e+00,1.053262e-15,2.414399e-10
1.967841e+05,5.513473e-12,4.352979e-05
1.037380e+03,3.393223e-14,2.414190e-07
9.341259e+02,4.942041e-15,1.737417e-06
2.831283e+07,4.571299e-09,1.000083e+00
9.906222e+04,1.067589e-11,8.659400e-03
4.819790e+05,9.092357e-12,9.295419e-01
2.970368e+03,2.386107e-14,8.602259e-06
4.806616e+01,5.942744e-16,4.802715e-09
1.759053e+09,9.518631e-09,9.999140e-01
6.431503e+01,9.314870e-15,7.700559e-09
1.125715e+04,5.129834e-12,9.962857e-04
8.562782e+01,3.012147e-15,5.433225e-09
3.126188e+04,1.278369e-12,1.948487e-03
6.877163e+05,1.933829e-11,4.766379e-01
4.603649e+05,3.399352e-12,2.209257e+01
1.079122e+06,6.033540e-12,3.024310e-01
7.080104e+02,1.016750e-13,2.327256e-07
3.570204e+01,3.023419e-15,5.283562e-10
4.273248e+03,3.300535e-13,2.992811e-05
1.938676e+04,8.286917e-14,7.514706e-04
1.587196e+11,1.484759e-05,1.000000e+00
1.998268e+03,5.366123e-13,6.053501e-07
6.880603e+01,9.762563e-16,2.665535e-09
2.279471e+02,1.395705e-14,9.492507e-08
8.950106e+04,1.323461e-12,1.897257e-02
2.357538e+01,1.552194e-15,8.667806e-11
2.848438e+03,1.713232e-14,1.321379e-05
2.463963e+10,3.791308e-07,1.543461e-01
1.958064e+10,6.015153e-08,9.998350e-01
2.071985e+02,2.298937e-14,8.740331e-08
9.693123e+05,1.105793e-11,8.616209e-01
8.402273e+05,3.025187e-11,5.821465e-01
1.953270e+06,3.190560e-11,8.499636e-01
2.233033e+01,1.587769e-15,4.806278e-09
1.260081e+04,2.274625e-12,3.060144e-04
9.585831e+01,7.705737e-15,1.735278e-08
2.749956e+04,2.081807e-12,1.494334e-03
2.591028e+05,2.791892e-11,1.590123e+00
2.207855e+06,2.341421e-11,9.147669e-01
4.332971e+09,7.032052e-07,9.999649e-01
8.751363e+04,2.744621e-12,4.394619e+00
3.437938e+09,4.585962e-07,1.000011e+00
2.208157e+01,1.570199e-15,1.818003e-09
5.297443e+02,4.097274e-14,5.323444e-07
3.434014e+03,1.634733e-13,2.116421e-05
8.965798e+02,1.425585e-13,3.974518e-06
1.365689e+12,2.624186e-06,5.894264e+01
5.487415e+04,4.260058e-12,3.711857e-03
7.988414e+04,4.686322e-12,1.156948e-02
9.054710e+11,5.612204e-06,1.000001e+00
4.382693e+05,1.855025e-11,9.678773e-02
3.299479e+05,3.167550e-11,8.564726e+00
1.033487e+04,1.893531e-13,1.172051e-04
9.206942e+11,6.183126e-05,4.526163e+00
4.191883e+07,2.925819e-09,9.802688e-01
5.671768e+02,1.337033e-14,3.292099e-07
7.518433e+10,1.747516e-07,1.315685e-01
2.030925e+05,8.367333e-12,6.302899e-01
2.632032e+02,1.602178e-14,1.017807e-07
5.101982e+05,1.845631e-11,3.150659e-01
3.052975e+10,9.142054e-07,9.999672e-01
1.903410e+05,3.299131e-12,1.012876e-01
6.066789e+04,7.973557e-13,6.726646e-03
5.077420e+05,1.611707e-10,7.524246e-01
2.434551e+11,2.300407e-05,1.000000e+00
5.329687e+10,1.065838e-05,9.999989e-01
2.148394e+06,7.054902e-11,9.842407e-01
1.717931e+05,8.500819e-12,1.300208e+00
1.024876e+06,1.342632e-10,1.815147e+00
2.533246e+06,7.864054e-11,1.060960e+00
9.310452e+05,3.855918e-11,1.173742e+00
4.566203e+05,1.804819e-11,7.477596e-01
3.340694e+09,5.484632e-07,9.999634e-01
2.237198e+05,3.826093e-13,5.368726e-01
8.218417e+05,7.502640e-12,5.681510e-01
4.484985e+04,1.713111e-13,1.880332e-02
1.468617e+03,4.323192e-15,3.788942e-06
7.021709e+04,2.233203e-12,4.084813e-02
3.152640e+11,9.919266e-06,8.367799e-01
5.494868e+11,4.617159e-05,1.000000e+00
1.784811e+02,2.711633e-14,7.899273e-08
1.917233e+03,6.492697e-14,4.256376e-05
7.835461e+02,1.695632e-13,1.143148e-07
2.599951e+07,2.301430e-10,8.642679e-01
3.444605e+01,4.717276e-15,2.471246e-09
1.265497e+04,2.379825e-13,8.925760e-05
4.145820e+05,2.444484e-11,1.387064e+00
2.011133e+03,2.111382e-14,5.464986e-05
5.556271e+02,2.262802e-13,1.386563e-06
5.620500e+04,8.352653e-12,9.209839e-03
9.142277e+04,4.372515e-12,2.190618e-01
3.345942e+03,7.310783e-14,6.648581e-07
2.841195e+09,5.638427e-07,9.999764e-01
2.914429e+10,3.186916e-07,9.999605e-01
1.105028e+06,4.859369e-11,3.529008e-01
2.568184e+03,8.742859e-15,1.138864e-05
1.379746e+03,8.147780e-14,6.602923e-07
1.161732e+04,2.154195e-13,2.470985e-04
2.177984e+07,3.389737e-10,9.725185e-01
2.232494e+05,2.080802e-12,9.932424e-02
5.843609e+03,3.146940e-15,6.961200e-05
2.734986e+04,6.027891e-13,2.310513e-05
1.305770e+03,3.742467e-13,5.012229e-06
2.664863e+03,8.251795e-14,1.040597e-05
1.781266e+07,5.860407e-11,9.748121e-01
1.127562e+06,5.196713e-11,3.465365e-01
4.140766e+04,4.220744e-13,5.249324e-03
9.279492e+05,1.183477e-10,9.179142e-01
1.228208e+04,1.224730e-13,9.525966e-05
1.018780e+12,2.687968e-06,9.551411e-01
1.024188e+06,5.608694e-11,5.015631e-01
4.625228e+01,1.628288e-16,3.387180e-09
5.613579e+02,2.914147e-14,8.815139e-07
8.023164e+02,8.702102e-15,1.322665e-06
1.669507e+02,3.428015e-15,5.245904e-08
5.265186e+09,5.209693e-07,1.000141e+00
1.253551e+10,8.410582e-08,9.999080e-01
2.990725e+03,1.455742e-12,3.642993e-05
1.454610e+07,1.010877e-09,9.792991e-01
1.898603e+12,8.110239e-06,1.000000e+00
7.219105e+02,8.384454e-15,4.991850e-07
9.511928e+03,5.877943e-13,1.556570e-04
1.055325e+03,9.891509e-15,1.573492e-06
2.139218e+05,4.129857e-11,2.371845e-02
2.789524e+10,3.318361e-06,9.998771e-01
9.842297e+05,8.884519e-11,5.493616e-01
2.541839e+02,1.512836e-14,5.598400e-08
1.433430e+06,5.081055e-10,1.075716e+00
1.331025e+11,8.435260e-08,9.988279e-01
2.662307e+11,4.169130e-06,1.000000e+00
3.072647e+11,1.212727e-05,1.000001e+00
3.012040e+05,4.717971e-12,4.609907e-02
2.601645e+02,1.221423e-15,8.779189e-08
1.523610e+04,8.870892e-13,1.261598e-03
5.295615e+06,2.791788e-10,1.001194e+00
2.342544e+03,2.686290e-13,2.844552e-05
4.014738e+04,4.233668e-12,3.183037e-03
1.387308e+05,4.111722e-11,1.216345e-01
4.061230e+08,4.551035e-09,9.942020e-01
1.098770e+11,7.145652e-07,5.709922e-01
8.309592e+05,1.068199e-10,2.631880e+00
1.130815e+01,4.993679e-15,1.352134e-10
9.573684e+00,3.244940e-15,4.078022e-10
3.466536e+02,2.960408e-14,2.401145e-07
3.984544e+10,1.346713e-05,1.000002e+00
9.846206e+03,3.719717e-12,9.503370e-04
1.161526e+02,4.818759e-15,2.076217e-08
3.034387e+05,1.002171e-11,2.173885e+00
3.753029e+03,1.493400e-14,3.023929e-06
4.162325e+02,2.415041e-15,3.165395e-07
3.670623e+03,1.106495e-12,3.210848e-05
4.049147e+06,1.138994e-10,5.276486e-01
3.080510e+02,4.323539e-15,1.967245e-08
1.839336e+10,2.433501e-06,1.000010e+00
6.032892e+05,2.629474e-11,8.480415e-01
2.931364e+01,4.186233e-15,1.259577e-09
3.269974e+02,6.469191e-15,5.871316e-09
6.439675e+02,4.724663e-14,6.618882e-07
7.672518e+05,2.225423e-11,4.159755e-01
1.224670e+02,3.026588e-14,6.190494e-09
1.754534e+04,3.311476e-13,5.672163e-04
4.357155e+03,3.624806e-14,3.268649e-05
1.015993e+04,1.002181e-12,5.505841e-04
7.659236e+09,4.341987e-08,1.000005e+00
4.160147e+05,2.665862e-11,1.120580e-01
3.620662e+09,3.851770e-07,1.000015e+00
8.478926e+05,1.268452e-11,5.031022e+00
1.506088e+11,1.509312e-16,1.000008e+00
8.298978e+05,1.299147e-11,1.761638e-05
2.649673e+07,1.039268e-10,9.692581e-01
2.866413e+06,4.253140e-10,9.250604e-01
6.984237e+10,9.148595e-07,9.999699e-01
7.507991e+10,6.702859e-07,1.000242e+00
1.141504e+05,1.536258e-11,1.316521e-01
4.689778e+05,3.518547e-11,6.687479e-01
8.461539e+05,1.442177e-10,4.400234e-01
5.372084e+04,2.441075e-12,4.472889e-03
2.635942e+04,3.864177e-12,7.279244e-03
3.305766e+03,1.031602e-13,2.067999e-05
1.799615e+06,1.853627e-11,5.983105e-01
2.661400e+03,6.908724e-13,3.132484e-05
2.687986e+11,1.393939e-05,1.000001e+00
8.365478e+05,7.633287e-11,9.764231e-01
4.484820e+02,4.832659e-14,4.076827e-08
1.272890e+05,2.807001e-11,6.027030e-01
4.279571e+06,4.129378e-10,8.957797e-01
3.713355e+02,5.088148e-14,1.684073e-08
2.385348e+04,1.284198e-12,1.127092e-03
1.044801e+03,1.926400e-14,1.317586e-06
1.448299e+04,1.127616e-12,2.062172e-04
3.169104e+11,3.630030e-05,1.000000e+00
2.894430e+02,4.603095e-15,1.833821e-07
1.132089e+03,1.321153e-14,1.783861e-07
1.581222e+05,7.357109e-11,2.933103e-01
7.439868e+00,8.201874e-16,1.026150e-10
3.860087e+01,2.861935e-15,3.054113e-09
9.578932e+02,1.425461e-14,1.174575e-06
1.029881e+05,2.116877e-12,6.610964e-05
8.677777e+11,2.729338e-07,1.000000e+00
7.267337e+10,8.504608e-06,1.000015e+00
2.731478e+11,1.163937e-07,9.999817e-01
1.182278e+02,6.354697e-15,1.429512e-08
5.223686e+02,9.715507e-14,2.822197e-07
9.236667e+09,5.773649e-07,9.998743e-01
6.356877e+07,7.322979e-10,9.874257e-01
4.082517e+07,4.839238e-12,9.994079e-01
3.699849e+01,8.116896e-16,1.976615e-09
1.951220e+11,1.091647e-08,1.000000e+00
5.180192e+02,2.717522e-14,1.877675e-07
9.191461e+04,2.099288e-12,1.705324e-02
6.705859e+06,7.954701e-10,1.012441e+00
1.376668e+09,2.076161e-10,1.000211e+00
1.356181e+03,3.067260e-13,8.142237e-06
1.285729e+05,7.347770e-13,7.609294e-05
1.442986e+12,2.760173e-04,1.000000e+00
1.040257e+06,4.688132e-11,8.498469e-01
8.062199e+10,2.449494e-08,1.000386e+00
1.304788e+05,6.766225e-12,7.313038e-01
5.741994e+05,8.381931e-11,8.436624e+01
9.844195e+09,8.996803e-08,1.000024e+00
1.937655e+04,2.209125e-13,5.666856e-04
1.060297e+10,2.160137e-07,9.999832e-01
1.167964e+02,1.245316e-15,1.890255e-08
1.330389e+05,8.276463e-12,3.942642e-02
8.768698e+09,8.087363e-09,9.998203e-01
7.746121e+10,1.666240e-05,1.000001e+00
1.555153e+06,3.034814e-10,8.440718e-01
3.135955e+04,7.850157e-13,2.952362e-04
1.298161e+06,2.722667e-10,1.163614e+00
6.630127e+09,5.465060e-07,9.999711e-01
1.113792e+05,1.866855e-11,7.066870e-01
4.123855e+02,5.262952e-14,1.059257e-06
9.419140e+02,1.244208e-14,2.528633e-08
1.466451e+03,3.479888e-13,9.991887e-06
1.022875e+03,3.178696e-14,1.338097e-06
1.290402e+02,5.407768e-15,1.163545e-08
1.713791e+04,5.240626e-13,4.875087e-04
1.396262e+03,1.342974e-13,4.592156e-07
5.401787e+03,5.360985e-13,4.626641e-05
1.281056e+03,9.282074e-14,1.215890e-06
7.328824e+02,2.600424e-15,1.182805e-06
3.820197e+06,2.368774e-11,1.749792e+00
4.392519e+06,7.363497e-11,8.673923e-01
3.653908e+10,1.099205e-06,4.133157e-01
3.626699e+01,3.638917e-15,1.472046e-09
2.603229e+03,6.913508e-13,1.220597e-05
3.270010e+10,3.316354e-06,1.000009e+00
3.203677e+02,2.999492e-14,1.800792e-07
4.717866e+03,9.666738e-13,9.729432e-05
1.103755e+03,1.303488e-14,1.592572e-05
7.490600e+02,7.412650e-14,1.318030e-06
6.303396e+01,9.370288e-15,1.248048e-08
8.612071e+00,5.258993e-16,8.434250e-11
4.789507e+01,4.096975e-15,2.138179e-09
1.716601e+05,1.378677e-11,7.593668e-02
7.378560e+08,7.129140e-17,9.985433e-01
1.050995e+03,1.820970e-14,1.171647e-06
3.527228e+05,8.506512e-11,2.372544e-01
6.833648e+10,6.703941e-06,1.000003e+00
3.043489e+10,4.083502e-07,9.999001e-01
9.928218e+01,1.354630e-14,1.638579e-09
3.159826e+06,2.483636e-10,1.291025e+00
3.572800e+05,8.391812e-12,2.648294e-01
4.548114e+01,8.609493e-15,4.525159e-09
4.843999e+10,1.067769e-05,1.000001e+00
4.871094e+03,6.500642e-13,1.538909e-04
1.011251e+01,7.503060e-16,2.785560e-10
7.765153e+04,5.373556e-13,7.924250e-03
8.452233e+03,1.157108e-12,2.547150e-04
7.298990e+05,3.875604e-12,1.537561e+00
1.747789e+06,1.390640e-11,1.239122e+00
3.833614e+02,2.811828e-14,2.874356e-07
4.939223e+11,8.680824e-05,1.000000e+00
6.256910e+06,1.107723e-10,9.476521e-01
3.796325e+03,2.160989e-12,1.646611e-05
2.180682e+04,2.273981e-13,8.399889e-04
1.291231e+04,2.171028e-13,1.886158e-04
1.407057e+06,1.399163e-10,4.006371e+00
5.911111e+03,3.368085e-13,3.584752e-05
1.760568e+04,8.232971e-13,2.059750e-06
8.718882e+03,2.106245e-13,4.031925e-05
4.439921e+04,2.067049e-12,3.765308e-03
9.358136e+01,4.292310e-15,1.268763e-08
8.658986e+05,1.782419e-10,1.012752e+00
4.251144e+04,3.605042e-11,1.846114e-02
2.483832e+05,5.480438e-12,9.400908e-02
1.043986e+04,2.090863e-13,1.823881e-05
2.028197e+01,5.945709e-15,7.762809e-09
4.217013e+06,1.892185e-11,5.034085e+00
1.392757e+06,1.468972e-11,3.419935e+00
2.304866e+05,1.205068e-11,2.466503e-02
2.296743e+03,1.086950e-13,2.326314e-08
6.660051e+04,1.503837e-13,7.813552e-03
6.539437e+04,1.389720e-11,1.067228e-02
1.772390e+04,7.881774e-13,1.286848e-03
1.470117e+03,6.704296e-15,8.885537e-07
2.285252e+03,1.156724e-13,1.198758e-05
1.379381e+02,7.681984e-16,4.608426e-09
4.007193e+03,2.442063e-13,1.113547e-04
3.397311e+01,3.450215e-15,3.266241e-09
5.093033e+04,4.826636e-12,5.246799e-03
1.476589e+10,8.385466e-08,9.999624e-01
4.601763e+10,1.347493e-05,1.000003e+00
5.860744e+06,8.771794e-10,8.988420e-01
6.902695e+07,5.456001e-09,9.142633e-01
2.758116e+06,1.451946e-10,9.388044e-01
4.585877e+02,4.580432e-14,3.344834e-07
2.579400e+05,1.229999e-11,8.183485e-02
1.095186e+10,7.218015e-01,9.998727e-01
1.194937e+02,1.717461e-14,1.472046e-09
1.966912e+09,2.753785e-09,9.999944e-01
2.241784e+11,2.269528e-05,1.000000e+00
4.482892e+01,2.278398e-15,7.504007e-10
1.906873e+02,1.382383e-15,4.358626e-09
1.126999e+03,6.408406e-14,3.381882e-06
2.891859e+11,3.542404e-18,1.000000e+00
5.048088e+00,1.372543e-15,1.112298e-10
2.529228e+06,3.472447e-11,1.085705e+00
4.418335e+04,1.419589e-11,1.422289e-03
3.604023e+02,1.918379e-14,2.073442e-08
7.877034e+02,6.637681e-14,1.023405e-06
5.452404e+09,3.332478e-08,1.000192e+00
5.397393e+03,7.516756e-13,3.151732e-05
1.890812e+06,1.741218e-10,6.807353e+00
6.318233e+04,1.095607e-11,2.013699e-04
9.717423e+02,7.584507e-14,5.416283e-06
1.421195e+07,4.780135e-10,8.798230e-01
2.859182e+06,1.096490e-10,9.055976e-01
1.064165e+04,4.658467e-14,1.281397e-03
1.797900e+10,7.587526e-08,9.999680e-01
1.029474e+11,2.451437e-05,1.000000e+00
7.831355e+04,4.785104e-12,3.367663e-03
4.351134e+00,5.593684e-16,1.018566e-09
1.671711e+04,1.508014e-13,2.490045e-04
4.192925e+06,1.292489e-11,6.988052e-01
7.153648e+03,2.451446e-13,1.003753e-04
2.724670e+06,7.046405e-11,1.036541e+00
2.371225e+06,1.073878e-10,8.781394e-01
7.924501e+05,3.742345e-11,1.735912e+00
1.764104e+05,5.806715e-12,6.498694e-02
2.914720e+10,4.158008e-11,1.000002e+00
2.752548e+02,3.845425e-14,1.286692e-06
9.133558e+11,8.778108e-05,1.000000e+00
1.014191e+11,7.907896e-06,1.000001e+00
3.632551e+02,8.428691e-15,1.125589e-08
1.456594e+02,2.410994e-14,2.191621e-07
2.180100e+04,9.294367e-13,7.987807e-04
1.329657e+11,1.330495e-05,9.999999e-01
9.074034e+04,5.501447e-12,1.730479e-02
8.330336e+09,3.270593e-08,9.999584e-01
5.432305e+01,2.328522e-16,8.953448e-09
2.121429e+01,2.014247e-15,5.679891e-10
6.521371e+05,2.885358e-11,8.131887e-01
7.428954e+04,3.281232e-12,1.146709e-02
2.811634e+02,1.981796e-15,1.453847e-07
4.153263e+09,1.330820e-07,1.000047e+00
9.233033e+02,3.898950e-14,7.635291e-07
2.142357e+11,6.823716e-06,1.000000e+00
2.775259e+10,2.323670e-16,9.999824e-01
1.210791e+02,2.300960e-14,3.859699e-08
3.488351e+06,2.809676e-10,9.682999e-01
8.332642e+10,9.220839e-06,1.000002e+00
3.316137e+04,1.936086e-11,4.147497e-03
1.494980e+04,7.041256e-13,5.290409e-08
3.427030e+10,5.087853e-06,9.996113e-01
2.053139e+08,1.895953e-09,9.946159e-01
1.826060e+01,3.828720e-16,4.450894e-10
4.073455e+05,3.618968e-12,1.344464e-01
8.523221e+09,4.542447e-07,9.999841e-01
1.386749e+06,1.530948e-11,9.040784e-01
9.608955e+01,1.120013e-14,1.829192e-08
1.310516e+07,4.496224e-18,9.337237e-01
4.766857e+03,8.891611e-14,9.599295e-06
1.925392e+09,4.196944e-08,1.000226e+00
1.529549e+06,1.538704e-10,7.833815e-01
2.181147e+06,8.834060e-11,1.366112e+00
1.506978e+13,1.865845e-03,1.000000e+00
2.884134e+06,2.406335e-11,8.425643e+00
2.104814e+02,1.666920e-14,8.873558e-08
5.292204e+06,1.731836e-10,8.807757e-01
1.630713e+09,4.201297e-10,9.998278e-01
7.575389e+10,3.439180e-07,1.000186e+00
7.217043e+06,1.837489e-11,1.140375e+00
1.782272e+02,5.126565e-15,6.532177e-09
2.844966e+03,2.026506e-13,2.031067e-05
5.787647e+05,3.139331e-11,9.691056e-01
1.913429e+13,2.180810e-03,1.000000e+00
1.963241e+05,1.994530e-11,2.383162e-01
1.062470e+05,1.556614e-11,3.773752e-01
1.789736e+04,1.153023e-12,6.880953e-04
4.115909e+04,5.088634e-12,3.412245e-03
1.187145e+07,7.326075e-10,7.318244e-01
4.890707e+05,3.892815e-11,2.164004e-02
1.279798e+03,2.576161e-13,4.807512e-06
1.578802e+10,5.075612e-07,9.999854e-01
6.403507e+12,1.485252e-06,9.999672e-01
3.366115e+04,1.210468e-12,1.518826e-03
6.049634e+04,1.204813e-12,7.622922e-03
3.575257e+01,2.728892e-16,2.610024e-09
6.777982e+02,8.779068e-15,6.056367e-08
1.694081e+03,1.199975e-13,1.056449e-05
8.660340e+06,5.132682e-10,9.928597e-01
3.761197e+02,4.032344e-15,2.384492e-07
1.873677e+07,7.330523e-10,9.762850e-01
1.303853e+07,1.490041e-09,2.386947e+00
3.169554e+05,8.644574e-12,1.165288e+00
1.232092e+07,1.591070e-09,6.604201e+00
8.674062e+03,2.504287e-12,6.467508e-04
1.112466e+05,6.787972e-12,1.881974e-03
6.844264e+10,2.172101e-07,9.999640e-01
6.354326e+11,1.250432e-05,1.000000e+00
6.824143e+01,1.437372e-14,1.188039e-08
2.098816e+07,6.472261e-10,9.569748e-01
7.074851e+02,7.654220e-15,6.774591e-07
2.285931e+07,1.772722e-11,1.036236e+00
3.442324e+04,1.013049e-12,1.199979e-03
1.578238e+05,3.731301e-12,2.456657e-03
4.778505e+10,3.943543e-08,9.999553e-01
2.218817e+04,2.729917e-13,2.909973e-04
1.168003e+10,7.947447e-08,1.000152e+00
1.718382e+01,7.577888e-16,4.728448e-10
2.383521e+04,8.189200e-13,1.140465e-03
5.631234e+02,7.530545e-14,7.725406e-07
1.414339e+03,5.510327e-14,2.306351e-06
9.414706e+01,1.265206e-14,6.987273e-08
1.283070e+10,2.510806e-07,9.999529e-01
1.366935e+06,4.405322e-10,9.834668e-01
6.118369e+06,3.134348e-10,9.704809e-01
1.021375e+06,5.273066e-11,2.429097e+00
2.474069e+02,4.204110e-15,1.222921e-07
8.900030e+01,1.021010e-15,2.464397e-09
9.789550e+02,4.579775e-14,1.186996e-06
1.433628e+06,4.802967e-11,7.391118e+00
1.033525e+13,1.191060e-06,1.000000e+00
5.068050e+03,2.125650e-13,3.004944e-05
1.367408e+06,7.283429e-11,4.857731e-01
7.719994e+04,1.231641e-12,1.162071e-02
4.546653e+09,6.164803e-07,9.999775e-01
2.321971e+02,9.840883e-15,4.754630e-08
2.952093e+01,2.164435e-16,1.860624e-09
3.425274e+02,3.231656e-14,6.625356e-08
1.133732e+09,6.531772e-09,9.999105e-01
2.528159e+11,1.984048e-05,1.000000e+00
1.855160e+04,2.247579e-12,1.337055e-03
3.156351e+03,4.449049e-13,6.883237e-05
8.916525e+04,5.342577e-11,7.910598e-02
7.139294e+03,2.635744e-13,2.372951e-08
5.662604e+05,6.192367e-11,3.120236e-01
2.355934e+07,2.454881e-09,9.922053e-01
1.027485e+07,3.407668e-10,9.510692e-01
5.111567e+11,2.247700e-05,1.082619e+00
7.316999e+05,5.530078e-11,1.767898e+01
2.539698e+05,7.709789e-12,1.797331e-01
1.760333e+10,8.637714e-08,1.019114e+01
1.770119e+06,1.323689e-10,9.634490e-01
9.446296e+03,2.916277e-12,5.752033e-04
9.352988e+02,2.394320e-14,3.852761e-07
1.035050e+04,8.007979e-13,8.079706e-05
2.848338e+02,1.430690e-14,2.938488e-07
1.758176e+06,4.110894e-11,9.977050e-01
5.802201e+02,6.358751e-14,3.532462e-07
1.288198e+05,1.940657e-11,4.749269e-03
1.673678e+12,5.366897e-07,1.000000e+00
1.565491e+03,1.207669e-13,2.632173e-06
3.727217e+07,1.086630e-09,9.975306e-01
2.541049e+03,6.390264e-14,3.064328e-06
4.040475e+06,1.158999e-09,1.343224e+00
6.310937e+09,2.634115e+03,1.000510e+00
2.734370e+04,8.763983e-13,4.193924e-06
4.418806e+02,1.405591e-14,3.737853e-07
4.177849e+11,9.738088e-06,1.000000e+00
1.383715e+08,1.593250e-08,9.969255e-01
1.173437e+05,3.067143e-11,1.611951e-02
8.472434e+05,4.247028e-11,1.601344e+00
1.680192e+06,2.062446e-11,8.599819e-01
4.154977e+06,1.705398e-10,1.324260e+00
3.461608e+03,3.269842e-14,5.217744e-06
2.798948e+09,7.802716e-11,9.999727e-01
8.130860e+01,5.336587e-16,1.416535e-09
6.451904e+03,1.352193e-13,2.418658e-04
6.952485e+05,2.620950e-11,1.032775e-01
5.401659e+04,2.600901e-13,1.211632e-02
4.058138e+02,5.561294e-15,8.624205e-07
5.536207e+08,3.570396e-07,9.998696e-01
4.480054e+06,3.822725e-11,9.279689e-01
1.029382e+07,5.519676e-10,1.024210e+00
3.159763e+07,3.432978e-10,4.852021e-01
5.763192e+03,6.657069e-13,4.854525e-05
7.898228e+11,1.827523e-06,7.311915e+00
4.720658e+06,1.459819e-11,9.056777e-01
4.999800e+05,1.253748e-11,2.963098e-01
2.753652e+05,3.779274e-11,1.855620e-01
2.535124e+07,6.171538e-10,1.120427e+00
1.747374e+04,3.541808e-12,3.840328e-03
1.261943e+07,2.454714e-16,1.019123e+00
4.838954e+10,4.677114e-08,1.000006e+00
3.113523e+05,9.358879e-11,5.778810e-01
3.290238e+05,3.769384e-11,1.181534e-01
1.082441e+04,1.364408e-12,1.168110e-03
2.580775e+10,7.615869e-09,1.000004e+00
1.017262e+11,2.898523e-08,1.000033e+00
3.978181e+05,2.385969e-11,1.251682e+00
3.387713e+02,1.187845e-14,2.138577e-07
1.667903e+01,1.631525e-15,1.194490e-09
4.244882e+01,7.152717e-16,2.971942e-09
4.676402e+05,8.872435e-11,1.107146e+00
2.095222e+05,3.227882e-11,5.985856e-03
2.338363e+02,1.112870e-14,7.194345e-08
1.267412e+01,3.032108e-16,2.508004e-10
8.243033e+04,4.106271e-13,1.409004e-02
1.833628e+04,1.487214e-12,2.005855e-03
5.173404e+03,4.423752e-14,5.322123e-05
5.878271e+03,9.378554e-14,6.243964e-05
2.040751e+05,5.413028e-12,1.328795e-02
5.966341e+09,4.815962e-08,9.998434e-01
1.749188e+11,2.072364e-05,9.999999e-01
2.152410e+03,3.330112e-15,3.282761e-09
7.484809e+05,3.499627e-12,8.491771e-01
9.462752e+08,6.005540e-07,9.999992e-01
1.348226e+06,5.266046e-12,3.856014e+00
2.689961e+10,1.554680e-06,9.999687e-01
1.969847e+04,6.268656e-13,1.741699e-05
3.616078e+03,4.475207e-14,2.296441e-05
5.126397e+10,8.154544e-07,9.999686e-01
1.273576e+05,9.296412e-11,3.565373e-01
6.771499e+00,2.848676e-16,8.502009e-11
2.994660e+04,3.212669e-12,2.053038e-04
5.467368e+09,6.752722e-07,9.999594e-01
9.469439e+01,1.691780e-14,6.829829e-08
1.701733e+04,1.377440e-12,3.508958e-04
4.121443e+02,4.867690e-14,2.856007e-06
1.597229e+01,7.394462e-16,6.948896e-10
4.839514e+02,6.882387e-15,6.521273e-08
2.044639e+07,1.042487e-09,3.580773e+01
5.726728e+11,1.869724e-05,1.000000e+00
4.740443e+02,2.025173e-14,1.714472e-07
8.931983e+02,2.291372e-14,1.546670e-06
4.192769e+01,1.797463e-15,1.428231e-09
2.604312e+05,8.605134e-12,2.939013e-01
8.218272e+02,3.728033e-15,1.498386e-06
1.998843e+07,3.703629e-10,9.234018e-01
3.895281e+11,3.003063e-06,1.000000e+00
5.795061e+07,2.512922e-10,1.004833e+00
3.393085e+02,1.264662e-14,2.085009e-07
3.118186e+05,1.638383e-10,2.585090e-01
1.507775e+07,9.476568e-11,9.121872e-01
1.873366e+05,4.211657e-12,2.273295e-04
1.046905e+04,8.314812e-13,4.096612e-05
3.437370e+04,3.610548e-12,2.348292e-03
1.806990e+07,1.545922e-09,1.109330e+00
3.068857e+03,8.443244e-14,2.620100e-06
6.007794e+02,1.489659e-13,3.326145e-07
8.769725e+06,6.122883e-10,9.957636e-01
3.786498e+07,7.268456e-11,9.892488e-01
1.586961e+02,2.757842e-14,7.518886e-08
2.046648e+05,1.465591e-11,9.402781e-02
2.745804e+03,5.178475e-14,3.121680e-07
1.481876e+04,8.765156e-13,4.371881e-04
7.655193e+05,1.461724e-11,2.767949e-01
1.150466e+04,1.230516e-12,9.315984e-05
2.334501e+03,5.710153e-13,2.179843e-06
1.365284e+05,1.339207e-12,4.037885e-02
1.288336e+02,2.373047e-14,2.961620e-08
7.805068e+02,8.435718e-15,9.066764e-06
6.838118e+05,5.165395e-11,1.920871e+00
2.847242e+03,8.557698e-14,3.682805e-06
3.427526e+03,1.874766e-14,4.212642e-05
5.537257e+04,4.171432e-11,5.935766e-02
3.289482e+03,3.069458e-13,5.139749e-05
2.991285e+11,2.932637e-05,1.542099e+00
7.020014e+03,2.568903e-13,9.877679e-05
2.489342e+02,6.357154e-15,4.238769e-08
5.763893e+06,2.694645e-10,8.410657e-01
4.624510e+04,3.676774e-12,7.093535e-03
4.189382e+02,9.107147e-14,4.121229e-07
9.470249e+05,1.482703e-11,1.079289e+00
2.160900e+02,2.028561e-14,6.925116e-08
5.297683e+11,2.293994e-06,1.000000e+00
2.613446e+06,5.161962e-11,5.915169e-01
3.909189e+05,4.369124e-11,4.840144e-01
3.452600e+02,2.821547e-15,1.824384e-07
1.414559e+02,3.488630e-14,9.721233e-08
1.211103e+05,1.506610e-12,3.047222e-02
1.115483e+11,3.422268e-09,1.000000e+00
1.568800e+07,3.890481e-10,8.502778e-01
4.327419e+03,6.240910e-13,5.598640e-05
3.552746e+06,6.012175e-11,6.271183e-01
2.826914e+09,1.557534e-09,9.999625e-01
1.421692e+08,1.342665e-09,9.763461e-01
1.379376e+02,1.077756e-14,2.983824e-08
4.082284e+10,4.365051e-07,9.995681e-01
4.737216e+10,7.624703e-08,9.999573e-01
3.348475e+04,5.971493e-12,2.550723e-03
4.154267e+01,1.587691e-15,1.364143e-09
4.816549e+10,3.561050e-06,1.000002e+00
2.033966e+04,5.349116e-13,1.516575e-07
7.876990e+04,3.665437e-12,1.226079e+00
6.018542e+04,1.998842e-12,5.866585e-05
8.888220e+03,2.219405e-12,9.957352e-05
8.456248e+03,1.296696e-13,1.971035e-06
5.592851e+09,8.695166e-09,9.999664e-01
2.063561e+06,6.342574e-12,7.399815e-01
7.672411e+05,4.553419e-11,2.381477e-01
6.272534e+04,1.023713e-12,8.092788e-03
2.629768e+10,1.063753e-07,1.000003e+00
2.263284e+05,1.402351e-12,1.630437e-01
2.534733e+05,3.183798e-12,2.291954e-02
2.691952e+03,9.082311e-14,2.053951e-05
1.344538e+09,1.459245e-07,1.000443e+00
4.277174e+10,1.762080e-08,9.999587e-01
3.207635e+05,8.744049e-12,2.711343e+00
1.488049e+05,7.904408e-11,7.729846e-02
3.821858e+02,3.585350e-14,6.950096e-08
2.524785e+02,1.350972e-14,1.218202e-07
9.662331e+08,1.133721e-07,1.001251e+00
6.257117e+02,5.030364e-14,6.872291e-07
3.244615e+10,1.010015e-08,1.000008e+00
5.710286e+02,2.076040e-14,2.578593e-08
4.773516e+06,2.501611e-10,9.486729e-01
4.016702e+01,4.237442e-16,4.372602e-09
9.048435e+03,3.236015e-13,1.632082e-07
1.037965e+08,2.135777e-09,1.036642e+00
4.618907e+03,7.229003e-13,1.032605e-05
1.819366e+03,1.979149e-13,1.555578e-05
1.760978e+08,6.668422e-09,9.972503e-01
2.026606e+10,1.604750e-09,1.000003e+00
3.843831e+04,2.863057e-12,7.008133e-03
4.089030e+02,5.313455e-14,7.012695e-07
1.792689e+09,3.911703e-07,9.999125e-01
1.904761e+03,5.693142e-14,6.689234e-06
8.888423e+05,4.824255e-11,1.694253e-01
1.019612e+12,1.051841e-04,1.000000e+00
4.891513e+04,4.205088e-12,4.632031e-03
3.009985e+11,5.094534e-05,1.000000e+00
2.878243e+04,3.819604e-13,1.657006e-03
1.807920e+05,1.962263e-11,1.723575e-01
4.724513e+02,1.308352e-14,1.147047e-08
3.719921e+05,2.485473e-11,3.258714e-01
9.223748e+03,3.223877e-13,6.958451e-04
2.086697e+05,1.924373e-12,8.473295e-02
1.371082e+11,1.518082e-05,1.000002e+00
9.919417e+06,2.416374e-10,8.789587e-01
1.075802e+07,4.790711e-10,9.886813e-01
2.652731e+05,2.476821e-12,4.764046e-01
2.357636e+04,6.352505e-13,8.394296e-04
6.341996e+05,2.664150e-11,1.569738e-02
2.063438e+07,5.164421e-10,9.742237e-01
3.118497e+06,1.005326e-10,5.483278e-01
1.897234e+03,4.045519e-13,2.815356e-05
4.220128e+04,5.036724e-12,2.228383e-03
1.417429e+03,5.969981e-14,1.067767e-07
5.792151e+04,1.617657e-12,1.406689e-05
1.455832e+02,2.271518e-14,3.534253e-08
1.713175e+01,6.777532e-16,4.076686e-10
1.841263e+04,1.309935e-12,8.539111e-05
7.689004e+04,3.250783e-12,4.915082e-05
5.788392e+06,1.096935e-11,1.184717e+00
1.041950e+04,7.255498e-13,2.237194e-05
1.535271e+03,1.710275e-14,2.571498e-05
1.703986e+05,7.467447e-12,7.430879e-02
3.331506e+06,1.127313e-11,7.742352e-01
1.162305e+06,1.088832e-10,7.865665e-01
5.028002e+03,9.447185e-13,4.868397e-05
4.253310e+05,4.800543e-11,1.091191e+00
5.927917e+07,3.680094e-10,9.959449e-01
4.129035e+09,4.256811e-07,1.000076e+00
2.053449e+01,3.093707e-15,3.730203e-10
4.240799e+04,2.573397e-12,1.905519e-02
8.075194e+06,2.312686e-10,8.986346e-01
1.383770e+03,6.025849e-14,8.936701e-06
1.553521e+06,3.278069e-11,4.669260e-01
5.209500e+10,4.759273e-10,1.000005e+00
3.258999e+10,3.137232e-06,1.000007e+00
9.481331e+03,1.810688e-13,3.223821e-05
1.010222e+07,9.804409e-10,1.118761e+00
1.725316e+03,1.544847e-14,2.766982e-06
6.623219e+09,4.342363e-08,1.000026e+00
2.021968e+11,2.817758e-05,9.999999e-01
2.754172e+05,2.745615e-11,3.882913e+00
1.142083e+03,3.089061e-14,5.410404e-07
4.516127e+07,1.265051e-09,9.425039e-01
2.050769e+04,3.379414e-12,1.685647e-03
8.389315e+12,3.840186e-05,1.000000e+00
8.340218e+05,8.604998e-11,1.183136e+00
2.130903e+06,1.066725e-10,3.007528e-01
2.759015e+11,2.705994e-05,9.999999e-01
2.875132e+04,1.000837e-13,2.823036e-03
5.774372e+05,5.220319e-11,5.668372e-01
8.532549e+03,5.734606e-14,1.456372e-04
3.022699e+03,5.128855e-14,1.207137e-05
1.008685e+03,7.565094e-14,1.962292e-06
4.140705e+02,3.600701e-14,3.270172e-07
3.502443e+07,2.684015e-10,9.694797e-01
5.076468e+05,1.142416e-11,6.225889e-01
9.125513e+04,7.786520e-12,2.147027e-04
2.143862e+01,3.163429e-16,4.173337e-10
7.161352e+06,8.724114e-11,9.274263e-01
4.292495e+03,5.801843e-14,8.571487e-07
1.166471e+05,1.126740e-12,2.893534e-02
1.002395e+04,8.095695e-13,1.248118e-04
2.658643e+04,1.046146e-11,7.348393e-03
7.912671e+05,1.623083e-11,4.726408e-01
1.459295e+04,2.678559e-12,6.312349e-04
1.156058e+04,5.687936e-14,2.036691e-04
5.762385e+08,4.116424e-09,9.909768e-01
8.189375e+02,3.033132e-14,1.500799e-06
1.511799e+06,4.457559e-10,9.176629e-01
2.325014e+04,1.881499e-13,1.214767e-03
9.414847e+02,3.684390e-14,7.688304e-07
4.920942e+11,7.384671e-07,9.999998e-01
6.061376e+07,1.664462e-09,1.006308e+00
2.275714e+10,4.860665e-07,9.999145e-01
1.631640e+03,1.506893e-14,5.332527e-06
1.550979e+10,1.294835e-07,9.999710e-01
5.148034e+02,1.443857e-14,4.276034e-07
8.589292e+09,8.052345e-08,9.999832e-01
1.883119e+04,3.662532e-12,1.043379e-03
5.167545e+09,1.509527e-07,9.997365e-01
5.044772e+09,1.362702e-09,9.999575e-01
1.495419e+02,1.517140e-15,3.545875e-08
5.150659e+11,1.986334e-05,9.999999e-01
1.190500e+02,1.633260e-15,3.250278e-08
1.588133e+09,4.185075e-07,9.997863e-01
4.847294e+04,1.413796e-13,2.414714e-02
1.040393e+04,6.316992e-13,2.161573e-04
7.879455e+03,5.779178e-13,1.237117e-04
5.963112e+06,1.361246e-10,1.008624e+00
6.613860e+02,1.646869e-14,9.273254e-07
9.637743e+06,1.244081e-10,7.285574e-01
2.005822e+05,1.200507e-11,1.022723e-01
5.372211e+03,1.351606e-13,9.714184e-07
1.189560e+04,6.701170e-13,1.781550e-03
4.736593e+06,3.608169e-10,8.869150e-01
1.022640e+06,9.805883e-11,8.212597e-01
4.445418e+04,1.703182e-12,2.095530e-02
3.202295e+04,2.325417e-12,2.051078e-03
2.395544e+02,8.726689e-15,1.130582e-09
6.110640e+01,1.742527e-14,9.724452e-10
2.029543e+06,5.475149e-11,6.741719e-01
2.378499e+11,1.413647e-05,1.000000e+00
1.919102e+02,1.065648e-14,5.608228e-08
1.098859e+07,1.750620e-09,8.389588e-01
2.617221e+10,1.214361e-07,9.999008e-01
3.686773e+04,2.819672e-12,1.900582e-03
4.834939e+09,1.914499e-06,9.999693e-01
5.188239e+03,4.706934e-13,4.784703e-05
3.653951e+11,1.464411e-05,9.999993e-01
4.985538e+10,4.559680e-06,1.000001e+00
4.239525e+09,5.715365e-08,9.999793e-01
1.439037e+11,2.789530e-06,6.933022e-01
3.408433e+04,7.725632e-12,1.057887e-02
4.259198e+05,6.130153e-12,6.720337e-02
3.581433e+11,1.169618e-05,1.000001e+00
6.678660e+00,8.923904e-16,1.377778e-10
1.089089e+14,3.458523e-06,1.000000e+00
4.934264e+06,1.983048e-11,2.958507e+00
6.329956e+06,5.514780e-11,7.043350e-01
7.724958e+01,8.858273e-15,5.544455e-09
2.199804e+04,3.025316e-13,8.367679e-04
1.428673e+03,1.556521e-14,3.512330e-06
1.808426e+11,7.644812e-05,1.000000e+00
1.181909e+06,7.834088e-11,2.089396e+00
2.468007e+04,2.036892e-12,1.089329e-03
1.410302e+11,7.758609e-06,1.156903e+00
1.378076e+07,6.251295e-10,1.064881e+00
8.511762e+05,7.392084e-15,8.957858e-01
8.676827e+06,1.293111e-10,9.093394e-01
7.101012e+04,3.867841e-11,7.996287e-02
1.037806e+11,4.977325e-07,9.999064e-01
6.762068e+06,9.572391e-10,9.862183e-01
5.407976e+04,1.265854e-13,4.784248e-03
2.292855e+06,2.098612e-10,4.205496e+00
6.136899e+02,1.290116e-14,1.235223e-08
9.191579e+04,1.153095e-12,1.749798e-02
4.782270e+04,2.215030e-12,4.205879e-03
1.468360e+06,3.377585e-11,9.222466e-01
2.842175e+02,1.475090e-14,3.165136e-09
4.165252e+10,9.398284e-07,9.999492e-01
2.178286e+06,2.119867e-11,5.498235e-02
2.185492e+05,2.345179e-11,9.821527e+00
4.354927e+06,2.252823e-11,1.177309e+00
5.278714e+12,3.656307e-04,1.000000e+00
4.833824e+04,1.263350e-12,4.591709e-03
1.430487e+12,3.089947e-05,9.999999e-01
9.569014e+11,5.573671e-05,1.000000e+00
4.961610e+04,3.063438e-12,5.133094e-05
2.130975e+07,2.955202e-10,1.146958e+00
1.028395e+03,5.707907e-14,1.078695e-05
3.011750e+04,7.419992e-13,4.495962e-04
2.698638e+05,2.065077e-11,1.164428e-01
3.950774e+03,1.018538e-13,4.890113e-05
7.260368e+07,6.274192e-10,9.525526e-01
3.606281e+04,8.167415e-12,1.320047e-02
4.140018e+10,5.340520e-06,1.000001e+00
1.328058e+05,1.143610e-11,2.086705e-02
1.082219e+04,1.400592e-12,5.733221e-04
3.268096e+04,1.172219e-12,1.460901e-03
1.961794e+02,8.114036e-14,4.836094e-07
1.461669e+03,1.048521e-13,3.120416e-05
5.659440e+03,1.037599e-13,4.031693e-06
1.635224e+02,1.112686e-14,5.895177e-08
2.153698e+04,2.244068e-13,9.269240e-04
4.037758e+04,1.569282e-13,2.899154e-03
1.495444e+06,3.212976e-11,1.004518e+00
6.655648e+01,9.213070e-15,2.131021e-09
4.838439e+02,8.769513e-14,2.970412e-07
9.900614e+04,2.770452e-12,2.075636e-02
1.181458e+03,3.658706e-14,3.824478e-06
2.904914e+04,3.281005e-12,6.100481e-04
2.157849e+03,1.578451e-13,8.624685e-06
1.295791e+05,2.312054e-12,5.967700e-06
1.744756e+03,1.856892e-13,6.073948e-06
1.976572e+11,3.599506e-20,1.000000e+00
3.445419e+02,2.652823e-14,2.863030e-07
1.218451e+04,8.971144e-13,2.505437e-04
2.229578e+10,1.941254e-07,9.999323e-01
5.682083e+03,1.719969e-13,2.528700e-06
1.539354e+02,5.314725e-15,1.480336e-08
2.506821e+10,1.770273e-06,1.000006e+00
1.602192e+02,9.615659e-15,9.006562e-08
3.319578e+07,8.852769e-09,9.965038e-01
2.225480e+05,1.376970e-10,1.312529e+00
7.033969e+04,5.209376e-12,8.052290e-04
5.308262e+07,2.548431e-10,3.573007e+00
1.233052e+06,8.812653e-11,2.525403e+00
1.673478e+11,5.135197e-09,1.000000e+00
5.116758e+03,6.440899e-13,5.201836e-05
3.217067e+11,3.706831e-06,8.112629e+00
1.348857e+10,2.076024e-08,2.866976e-01
3.553625e+03,9.758074e-15,2.444364e-05
1.296699e+06,1.624585e-11,3.022739e-01
2.911721e+01,1.025747e-15,2.082668e-09
1.163122e+04,2.175414e-12,4.674083e-04
8.033164e+06,4.869873e-10,8.858451e-01
1.714735e+11,5.293188e-06,1.000004e+00
9.714319e+02,2.254432e-14,1.860596e-06
6.767943e+03,1.988231e-13,9.019641e-05
9.035708e+03,1.137171e-12,1.272242e-04
2.115634e+10,2.109626e-06,9.999571e-01
3.875044e+04,1.257847e-11,1.708670e-02
1.536759e+04,3.491202e-13,1.265635e-05
6.114108e+13,5.999659e-04,1.000000e+00
1.527513e+07,7.725396e-10,8.280772e-01
7.644734e+01,5.701758e-15,1.649158e-09
2.150493e+04,1.178105e-12,8.880761e-04
9.475247e+01,1.939739e-15,4.728449e-10
7.133188e+04,1.927447e-12,1.002616e-06
6.429548e+03,3.288127e-13,2.075691e-04
3.329632e+12,3.086193e-04,1.000000e+00
3.518270e+11,3.177014e-06,6.674464e-01
8.494884e+02,1.478631e-14,1.287638e-06
5.451898e+07,5.090606e-09,9.982122e-01
1.287233e+04,3.979083e-13,3.107531e-04
2.145172e+02,5.330401e-15,7.266510e-08
4.129749e+11,1.117277e-06,1.000000e+00
2.010279e+04,6.773549e-14,3.225445e-04
1.133977e+03,1.621223e-14,2.288884e-06
2.627892e+04,3.515385e-12,1.173864e-02
3.340880e+07,5.433062e-10,1.036047e+00
2.874086e+09,4.508230e-08,1.000420e+00
4.150533e+02,1.273099e-15,4.123520e-07
9.274993e+05,5.514603e-11,9.682565e-01
2.408628e+05,9.566770e-13,2.160437e-01
2.538028e+02,9.537012e-14,1.393349e-07
8.271381e+03,7.438132e-13,1.261132e-04
3.965247e+05,1.644125e-11,3.825885e-02
1.910616e+06,2.454493e-10,2.266353e+00
2.366253e+07,7.369643e-10,8.693374e-01
1.492088e+01,2.217137e-15,1.551657e-10
1.076944e+04,5.702366e-13,3.582654e-05
1.065248e+06,3.627393e-11,4.547321e-01
3.862704e+05,2.843494e-11,1.415637e+00
2.959607e+10,1.207967e-07,9.999686e-01
1.658941e+03,4.374571e-14,4.508978e-06
7.353570e+04,6.283013e-12,1.368738e-04
1.045572e+04,2.534245e-13,2.671144e-05
6.639500e+03,4.580515e-13,2.385247e-04
3.237088e+03,2.537781e-13,1.061179e-04
4.946956e+04,6.715956e-12,2.135111e-04
3.712334e+03,2.021366e-13,1.583780e-05
2.509331e+02,8.698730e-14,1.211263e-07
4.890897e+04,2.979496e-12,6.434223e-04
5.093586e+03,9.075138e-13,1.400172e-05
1.090256e+03,1.683720e-14,1.058973e-05
6.108882e+06,4.546458e-10,9.758195e-01
1.147335e+04,1.984023e-13,1.375850e-05
2.887620e+01,9.142808e-16,2.349797e-09
4.074321e+05,2.839312e-11,1.163363e+01
1.227806e+02,6.152614e-15,1.262426e-08
2.056081e+06,1.013797e-10,9.451263e-01
1.118804e+05,1.562838e-12,2.734147e-02
1.740058e+03,1.120475e-13,4.045959e-06
1.784421e+06,3.393477e-11,8.333240e-01
3.692192e+06,1.395271e-10,1.365011e+00
1.912288e+04,3.059495e-13,3.706538e-05
2.164136e+06,5.826534e-11,8.849593e-01
9.412748e+05,1.111961e-11,9.647233e-01
4.231993e+03,2.364908e-13,3.527428e-05
1.825851e+05,2.052255e-11,8.532725e-02
6.766604e+03,6.482872e-13,8.639498e-05
9.751085e+09,9.387489e-07,9.999613e-01
1.898582e+06,2.541685e-11,5.221040e-01
2.962759e+09,4.047419e-07,9.999816e-01
2.398111e+05,1.764467e-11,3.973649e-02
1.498634e+03,3.212416e-14,3.135424e-06
3.772378e+05,2.438137e-11,7.451101e-01
4.169755e+03,8.182229e-14,3.276307e-05
2.242634e+04,2.409828e-12,4.499646e-04
3.730423e+07,1.728709e-10,9.295506e-01
2.194611e+02,3.246122e-14,1.278410e-07
6.340138e+05,2.617489e-12,4.192874e-01
1.449532e+06,1.261886e-11,5.845970e-01
2.893349e+06,1.662156e-11,9.006870e-01
3.848549e+03,1.181812e-13,7.973185e-05
1.998632e+05,1.773316e-11,1.232681e-01
1.325806e+02,2.260654e-14,1.038159e-08
5.578920e+03,4.139913e-13,3.386609e-05
2.788461e+11,2.373321e-06,7.318748e-01
5.545091e+06,2.691295e-11,8.662885e-01
3.569561e+04,2.476325e-12,2.478726e-03
2.880652e+11,3.404804e-07,9.535013e-01
1.415340e+07,1.046933e-10,1.000608e+00
7.972299e+01,4.699354e-15,1.032607e-08
2.734238e+05,3.278260e-11,7.908497e-01
8.158501e+02,5.309556e-14,4.516258e-07
2.907990e+05,2.496763e-11,1.407350e+00
5.441626e+01,6.169008e-15,1.029992e-10
1.439288e+04,2.069758e-12,3.095469e-06
1.645396e+04,6.430372e-13,8.576193e-05
2.433433e+03,3.852074e-13,2.567784e-05
1.531384e+11,2.431505e-05,1.000000e+00
9.701328e+06,4.505841e-10,9.603408e-01
8.655282e+06,5.163830e-10,8.782229e-01
1.050348e+04,5.526217e-13,3.451518e-04
2.983350e+03,2.298873e-13,1.021541e-05
2.692358e+03,2.420720e-13,1.382264e-05
3.074477e+03,3.033957e-13,3.464736e-05
6.861619e+07,8.956492e-08,9.946815e-01
3.866608e+05,6.852596e-12,2.850147e-04
2.099544e+06,4.068980e-12,3.565384e-01
1.521812e+04,3.312845e-13,6.095997e-04
2.878913e+06,4.298958e-12,9.656030e-01
7.050211e+10,5.103600e-07,9.999680e-01
2.665013e+09,5.586498e-07,9.999657e-01
1.959782e+04,2.014122e-12,2.168259e-03
1.808474e+10,2.269167e-07,9.999696e-01
9.438507e+02,5.812942e-14,5.095656e-07
5.294411e+01,1.165293e-14,8.446164e-09
2.223330e+10,1.630860e-07,9.999583e-01
7.074321e+04,3.480432e-13,4.068354e-03
2.864716e+12,2.440248e-05,1.000000e+00
5.376481e+05,2.241744e-11,1.349813e+00
3.774008e+04,7.242022e-12,7.947862e-05
4.189458e+03,7.646783e-13,4.454530e-07
7.190843e+04,1.129239e-11,1.649803e-02
5.127680e+03,2.353844e-13,1.334846e-05
6.446213e+01,2.121691e-15,1.268530e-08
5.146779e+04,6.501051e-12,3.091160e-02
2.192814e+03,5.569444e-13,9.296537e-06
2.504112e+04,2.654892e-12,4.933932e-04
2.954020e+02,3.529528e-15,1.697819e-07
3.984052e+05,5.119028e-11,9.553323e-01
2.344286e+09,6.184930e-10,1.000025e+00
1.476186e+04,4.236474e-13,3.545537e-05
2.440468e+07,1.940002e-09,9.710170e-01
6.194403e+10,1.207567e-07,1.000003e+00
1.107083e+11,4.989462e-07,2.381200e+00
4.436870e+06,1.176378e-10,4.098862e-01
2.150856e+06,3.611869e-10,1.052466e+00
1.296473e+06,4.264575e-11,1.251706e+00
1.728347e+12,6.817741e-07,1.000004e+00
2.717250e+02,1.187736e-14,4.346563e-07
1.088731e+05,5.361600e-13,1.288942e-02
4.192150e+01,2.789356e-15,2.009338e-09
7.596531e+05,5.436743e-11,3.680228e-02
5.074519e+04,1.262439e-11,8.885113e-04
5.586138e+02,1.311421e-13,1.910840e-06
8.511735e+01,5.131324e-15,1.387879e-08
1.311086e+05,8.374950e-13,4.491517e-03
2.258208e+04,1.696576e-12,6.971320e-04
2.739543e+04,2.397848e-12,4.505878e-04
1.888266e+10,5.902202e-07,9.999719e-01
4.490473e+01,4.413447e-16,1.298530e-09
3.172399e+11,1.461909e-05,1.000000e+00
3.343498e+04,3.202717e-13,4.591091e-04
1.409294e+01,1.703578e-15,1.606957e-10
2.838640e+01,8.392591e-15,5.591680e-09
3.635190e+03,5.804048e-14,2.594638e-05
9.614740e+01,1.322716e-14,1.912459e-08
4.423971e+05,1.563769e-11,2.262158e-02
1.188045e+11,1.510434e-06,1.000000e+00
6.804452e+02,8.903038e-15,8.494206e-09
1.412203e+04,5.764992e-13,3.164707e-04
8.550830e+02,6.493184e-14,1.380702e-06
3.088526e+02,1.452651e-14,2.728473e-08
3.045797e+03,1.631912e-13,2.191523e-05
5.575898e+00,2.552579e-15,4.096172e-10
1.153990e+03,1.076482e-13,2.631424e-06
8.753278e+06,2.256938e-10,9.899455e-01
1.391738e+06,1.009492e-10,4.196691e+00
6.145043e+09,1.513576e-07,9.998105e-01
1.253394e+02,4.760447e-15,2.689615e-08
5.462201e+02,1.120198e-14,2.517531e-08
2.328534e+01,3.809108e-16,7.781562e-10
5.258637e+02,7.708284e-15,1.488264e-07
2.665798e+03,7.261392e-14,3.063990e-05
4.300306e+06,1.858270e-11,2.059141e+00
3.706490e+07,6.227320e-10,1.005703e+00
9.622608e+09,4.485331e+00,9.999865e-01
5.113130e+04,8.933411e-12,9.749209e-03
3.156014e+05,1.259235e-11,1.257783e-01
2.295733e+05,1.981276e-11,7.405078e-02
5.673621e+06,2.111668e-09,9.936793e-01
5.712162e+04,1.426525e-12,3.036377e-04
4.091133e+05,2.463369e-11,8.884787e-01
1.287759e+04,1.343205e-12,2.276240e-04
4.462858e+04,1.289427e-13,3.975320e-03
6.269849e+09,3.015879e-07,1.000614e+00
1.623918e+05,1.217591e-11,9.841555e-05
7.090739e+09,1.392454e-08,9.999148e-01
4.402571e+02,3.080102e-14,2.718483e-06
1.494928e+06,2.026942e-10,5.965623e-01
5.543832e+05,2.737725e-11,2.728938e+00
6.431826e+09,2.104270e-08,9.999490e-01
1.080402e+02,1.147969e-14,2.344058e-08
7.193455e+05,1.573465e-11,2.386917e+00
8.449850e+09,1.553183e-08,9.996556e-01
5.215771e+01,9.424195e-16,5.413337e-09
4.898904e+06,2.531107e-10,9.639804e-01
1.441964e+05,9.440629e-12,4.358528e-02
2.310079e+06,1.761886e-10,8.682379e-01
1.262405e+06,1.358782e-11,9.554282e+00
5.890159e+05,1.300091e-11,1.972356e-01
1.438641e+12,7.163586e-08,1.000000e+00
9.322214e+01,3.691316e-15,1.222245e-09
8.069561e+10,1.140121e-05,1.000005e+00
3.466083e+02,9.377936e-15,8.360079e-08
1.101407e+07,6.536137e-10,1.100332e+00
3.762595e+11,3.407893e-06,1.000000e+00
8.803492e+03,1.214341e-13,7.615128e-05
5.936947e+01,3.410580e-15,1.259003e-10
3.147226e+02,4.742572e-15,7.430696e-08
7.596602e+02,1.106680e-13,9.913204e-08
9.043988e+09,1.706643e-07,9.998572e-01
6.739274e+04,2.499502e-11,1.420186e-02
2.967981e+05,9.887112e-12,4.152431e-01
8.091646e+05,9.796864e-12,3.787744e-01
7.216079e+05,7.463666e-12,8.713245e-02
9.980204e+04,3.890816e-12,1.393784e-03
2.185326e+03,3.767700e-14,3.183982e-06
2.416308e+09,7.264708e-09,1.000422e+00
2.411044e+10,4.337072e-18,9.999807e-01
1.745049e+05,8.008504e-12,2.102048e-03
3.935377e+04,1.086897e-12,3.910131e-04
1.200268e+06,7.868045e-11,2.765094e+00
4.452886e+03,3.633793e-13,6.435729e-05
5.295746e+05,2.142583e-12,2.020444e+00
1.860012e+01,8.982898e-16,3.063114e-10
1.377561e+03,1.527583e-13,4.544430e-07
7.219990e+05,4.030488e-11,1.063349e+00
7.717365e+01,4.786350e-16,6.134982e-09
1.217126e+01,1.381803e-15,4.728450e-10
1.564253e+04,8.271760e-13,4.896527e-04
9.816797e+10,3.146486e-08,9.999679e-01
3.420546e+07,1.130352e-10,9.853540e-01
1.169716e+06,7.968425e-11,7.683325e-01
3.764071e+09,2.952790e-07,9.997005e-01
9.457446e+03,8.625086e-13,6.609654e-04
6.363487e+04,9.247908e-13,4.689088e-04
3.852882e+02,3.232396e-14,1.162691e-07
5.355065e+06,1.154655e-10,8.061125e-01
1.719431e+04,1.280666e-12,1.715969e-05
4.068147e+08,1.256283e-09,1.001079e+00
6.671872e+03,5.032935e-13,3.271426e-05
7.262302e+10,9.892435e-06,1.000000e+00
6.781073e+03,1.419836e-12,8.704507e-05
6.957073e+02,2.482524e-14,2.194088e-07
2.191272e+03,6.330686e-14,6.120716e-06
2.396805e+03,2.418030e-14,3.498564e-06
2.909088e+03,1.957293e-13,1.684683e-05
7.991740e+02,9.514552e-14,2.340546e-06
1.489591e+02,3.599266e-15,1.496126e-08
4.674376e+05,1.825049e-10,4.371615e+01
3.042294e+05,2.095558e-11,4.151082e-01
1.111331e+11,2.798995e-07,1.000000e+00
1.708114e+06,2.784096e-11,6.431839e-01
3.502440e+02,4.416076e-14,4.179621e-07
5.950849e+06,1.831906e-11,1.045773e+00
4.818423e+11,4.400396e-05,1.000000e+00
6.854073e+04,3.903913e-12,4.607516e-02
8.092307e+03,2.156981e-12,4.144701e-04
8.122666e+05,9.520445e-11,8.490358e-01
3.609808e+02,2.200429e-14,1.594568e-07
8.354645e+01,3.739732e-15,5.010930e-10
8.365962e+02,5.638719e-14,1.355778e-06
6.112645e+04,8.401825e-13,1.512312e-03
4.793967e+05,1.763732e-11,7.351574e-01
3.999786e+05,6.026813e-12,2.600692e+00
2.271709e+07,6.495580e-11,9.860070e-01
2.017737e+10,4.264739e-06,9.999437e-01
9.269304e+02,3.336499e-14,2.283720e-06
1.164050e+06,3.324973e-11,2.276176e+00
8.940667e+04,1.315233e-12,1.673268e-02
6.290496e+04,1.597568e-12,2.272683e-03
2.715658e+04,1.203482e-12,1.202400e-03
2.673300e+02,2.011424e-15,6.697520e-08
2.220209e+06,1.670372e-11,8.388359e-01
1.856813e+06,1.685651e-11,3.341695e-01
3.456749e+03,9.607997e-14,1.695932e-05
6.283701e+10,1.110447e-06,5.002809e-01
2.621406e+04,4.544905e-13,1.140979e-04
1.574039e+04,2.552086e-12,8.699330e-04
5.149884e+02,1.923751e-14,5.087607e-07
1.243283e+05,1.152415e-12,1.655697e+01
5.546240e+05,6.301149e-12,8.461453e-02
3.751967e+04,4.872858e-13,3.374497e-04
5.144595e+03,1.162820e-13,1.212217e-05
1.747845e+03,1.119960e-13,5.964202e-06
2.172159e+02,2.256591e-14,8.940171e-08
3.535117e+05,1.119357e-12,1.163453e+00
1.534688e+06,3.475401e-11,3.756274e-01
5.286467e+07,2.527232e-09,9.897224e-01
1.211549e+01,1.902816e-15,3.598223e-10
1.598028e+12,1.363618e-06,1.000000e+00
2.076698e+03,1.534820e-13,8.669594e-06
2.057420e+10,7.765109e-07,9.999928e-01
1.411222e+07,3.928210e-09,1.540052e+00
2.305526e+01,5.031594e-16,1.937561e-10
5.129094e+09,1.454735e-07,9.999546e-01
6.723076e+01,5.159173e-16,1.583068e-09
9.139158e+05,6.731412e-11,7.062482e-01
1.293903e+10,3.048518e-07,9.999672e-01
6.029434e+02,1.172084e-14,9.832500e-07
6.981807e+00,1.098030e-16,1.952890e-10
2.262471e+07,6.370254e-10,1.004099e+00
4.399468e+07,1.705787e-09,9.969308e-01
6.625383e+05,1.842231e-11,1.038437e+00
1.850884e+11,2.276005e-05,1.000000e+00
8.911703e+02,1.147392e-13,1.747669e-06
1.920536e+05,8.384683e-13,9.427306e-02
9.675263e+02,3.124984e-14,3.171233e-06
9.580304e+05,6.351088e-11,8.913277e-01
4.438668e+04,3.185484e-13,2.098710e-02
1.641853e+11,3.720221e-05,1.000000e+00
3.197809e+03,4.490044e-13,8.532002e-05
2.575916e+02,4.527598e-14,8.620073e-08
1.112223e+04,6.107963e-13,1.396800e-06
1.458037e+06,3.196730e-11,6.973741e-01
8.263516e+03,4.256599e-13,1.297391e-04
3.466202e+05,9.286524e-12,3.191098e-02
4.961904e+02,6.088205e-15,3.695942e-07
2.614805e+09,3.957918e-08,9.997265e-01
7.578322e+03,2.132339e-13,8.027428e-05
2.916553e+10,1.278335e-10,1.000002e+00
2.684448e+04,4.256065e-12,1.072871e-02
2.025160e+11,2.131640e-06,1.000000e+00
1.134837e+01,3.634559e-16,4.063316e-11
1.062543e+02,7.784721e-16,1.063560e-07
9.638009e+04,1.681542e-12,5.072996e-03
6.899219e+09,2.740518e-07,9.999302e-01
9.706526e+11,5.900694e-06,8.556577e-01
2.369156e+03,2.017854e-13,2.119098e-05
3.104517e+02,1.542908e-14,1.507138e-07
7.594228e+11,3.018973e-09,1.000000e+00
1.022549e+08,1.773494e-06,9.961376e-01
2.708411e+11,1.687189e-06,1.000000e+00
3.780184e+01,2.403829e-15,1.777357e-09
7.785737e+03,1.619737e-13,3.329256e-04
7.047799e+09,3.792504e-07,1.000040e+00
1.648177e+06,2.388041e-11,7.998450e-01
1.025140e+11,1.281464e-09,1.000001e+00
2.253826e+11,2.469231e-08,1.000000e+00
5.011993e+05,2.057796e-11,6.971342e-01
2.268684e+04,2.106545e-12,1.457070e-03
3.570189e+03,7.164820e-14,8.404167e-06
1.026096e+11,2.488127e-05,1.000001e+00
5.145814e+11,8.729170e-05,1.000000e+00
1.352369e+02,3.037944e-15,5.263558e-10
1.644941e+04,6.836318e-13,7.538623e-05
2.672564e+04,3.719690e-13,2.739652e-03
2.070581e+03,7.982111e-13,1.612544e-05
1.144135e+02,1.387131e-15,3.525958e-09
1.834298e+04,1.272297e-12,4.939662e-04
1.957168e+03,6.207414e-15,5.731167e-06
2.310831e+11,6.054311e-07,1.000001e+00
4.278111e+01,2.199455e-15,4.802715e-09
3.255864e+05,7.073773e-12,1.409470e-01
1.576601e+06,1.950406e-11,9.869485e-01
1.753413e+05,2.598467e-13,1.506319e+00
4.367248e+05,5.193187e-11,8.017716e-01
1.899467e+06,1.479135e-10,8.361259e-01
2.102757e+09,4.175522e-08,9.998030e-01
1.613552e+04,1.973005e-12,3.468611e-04
8.655721e+09,6.166407e-07,9.999754e-01
1.082701e+02,5.574753e-15,2.206668e-08
1.051140e+11,1.481132e-05,1.000001e+00
5.468683e+06,3.345199e-10,6.761406e-01
1.690503e+07,2.583289e-11,9.540431e-01
3.044579e+03,6.874200e-13,1.835485e-05
5.601807e+06,2.531393e-10,9.136703e-01
3.105940e+02,1.293441e-15,1.296195e-07
7.648259e+02,4.311093e-14,1.156104e-06
2.338581e+09,2.090273e-10,9.999678e-01
1.918374e+06,8.405061e-12,7.254004e-01
4.712852e+11,3.191206e-07,1.000000e+00
6.724481e+09,2.030403e-08,1.000166e+00
5.463871e+04,3.652370e-13,6.086326e-03
4.244163e+05,4.151831e-11,6.718869e-01
9.361789e+02,8.233444e-14,4.667665e-07
8.598975e+04,2.411809e-12,9.402317e-03
3.287210e+03,7.195768e-14,5.128204e-06
3.981912e+03,9.351366e-14,2.114001e-05
5.859206e+05,7.345651e-11,1.788816e+00
7.234362e+05,2.426069e-11,3.535336e-01
7.815448e+03,3.753539e-13,5.408536e-06
1.751717e+06,7.132732e-11,7.642738e-01
3.194495e+03,3.349540e-14,1.063340e-05
4.356771e+03,1.478214e-13,8.013135e-08
4.287813e+02,1.063921e-14,5.415213e-08
2.357790e+04,5.361312e-13,1.477875e-04
2.559797e+03,1.140134e-13,1.147380e-05
2.111457e+05,1.525405e-11,4.591732e+00
4.721855e+07,4.077161e-10,9.949288e-01
3.130825e+05,1.023670e-11,8.134375e-02
2.792159e+06,9.624274e-11,8.558884e-01
1.760115e+06,3.815554e-10,2.429141e+00
1.117974e+02,1.629492e-14,2.348222e-08
1.458640e+02,4.838535e-15,8.744006e-09
1.947949e+08,4.199086e-09,9.976265e-01
3.001608e+05,4.129402e-11,6.155815e-01
3.438004e+09,7.328672e-09,9.999776e-01
1.250354e+08,2.937895e-10,9.887639e-01
1.798328e+10,3.471396e-07,9.996294e-01
2.490719e+04,2.412902e-13,3.606423e-04
2.704786e+03,6.479862e-14,2.062385e-05
5.284001e+02,4.322179e-15,4.215249e-07
4.274666e+11,2.472085e-07,9.999744e-01
4.190495e+03,1.114139e-13,3.469039e-05
2.430975e+10,1.193120e-06,1.000002e+00
2.813278e+10,2.038821e-06,9.999646e-01
3.366994e+10,8.910585e-09,1.000001e+00
2.049862e+03,1.008525e-13,7.558552e-06
3.713370e+04,4.111501e-12,1.451116e-03
1.883935e+06,2.449347e-11,9.380035e-01
6.301446e+04,6.687905e-13,8.246785e-02
2.475086e+06,2.792663e-10,9.017395e-01
2.918576e+09,6.135730e-07,9.999651e-01
1.404331e+02,8.318387e-16,5.399460e-09
1.043319e+05,2.841012e-12,2.306936e-02
1.068295e+06,1.246877e-11,3.067942e-01
1.155708e+04,3.284662e-12,3.885522e-04
1.892116e+01,1.890240e-15,8.059118e-10
3.071810e+03,2.690036e-14,1.165607e-05
5.848548e+01,6.205368e-15,3.720247e-09
1.619539e+03,7.489837e-13,1.606070e-05
2.166260e+04,2.716718e-12,7.068808e-04
5.223953e+10,2.552552e-06,1.000092e+00
1.960022e+06,2.087206e-10,4.203573e-02
6.809268e+02,4.565633e-14,2.532756e-07
9.836557e+02,5.252076e-13,3.935426e-06
3.063539e+12,3.011961e-05,9.999999e-01
7.850040e+09,8.625377e-07,9.999960e-01
2.748909e+04,3.871090e-12,5.089336e-03
7.765158e+02,1.070406e-13,1.117524e-06
3.147352e+10,3.828794e-06,9.999486e-01
2.440703e+06,1.975539e-10,9.162107e-01
6.612525e+02,3.270610e-14,2.367977e-07
1.790651e+11,8.689751e-06,1.000000e+00
2.228248e+03,2.350958e-14,9.387644e-06
3.468241e+03,8.714224e-14,3.898281e-07
1.131805e+05,1.260103e-11,6.330084e-01
2.397224e+03,9.108868e-14,1.844886e-06
9.233093e+03,3.172215e-13,1.624737e-04
1.784668e+02,3.569410e-15,1.223268e-08
4.880182e+04,5.113456e-12,1.205803e-03
6.715681e+03,1.140645e-14,8.875159e-05
1.959449e+03,8.500669e-14,6.374596e-06
9.726044e+06,5.198349e-11,8.126206e-01
1.830034e+05,2.958750e-13,9.032007e-02
2.593241e+01,8.148220e-16,1.388779e-09
3.568206e+05,3.509122e-11,2.168482e+00
7.843677e+10,1.573862e-06,9.224113e-01
2.260074e+06,1.824123e-10,6.423119e-01
5.521211e+04,6.757178e-12,3.536827e-03
6.509701e+03,2.699509e-13,4.540113e-05
4.490310e+06,3.275139e-10,1.093963e+00
5.134131e+04,4.642714e-13,4.208348e-03
4.211221e+03,2.529308e-14,3.488082e-05
2.080836e+08,2.021393e-09,9.953303e-01
1.776978e+05,1.082023e-11,2.190165e-02
6.630277e+06,2.763636e-10,8.993106e-01
2.495038e+03,2.918219e-13,1.995213e-05
2.899483e+03,2.564235e-14,5.025622e-05
4.446230e+06,1.387087e-10,1.090908e+00
4.108173e+05,1.882832e-12,8.878656e-01
1.438374e+10,1.708296e-06,1.529914e-01
8.239698e+11,1.403258e-16,1.000000e+00
8.248885e+06,8.389755e-11,1.148303e+00
1.793119e+05,5.956106e-12,6.566143e-02
7.658294e+03,5.734762e-14,1.227935e-06
2.292640e+02,1.808934e-15,2.978694e-07
3.124508e+06,1.388214e-10,7.094140e-01
8.952496e+07,2.470429e-09,9.879957e-01
1.156063e+10,6.401322e-08,9.999211e-01
2.792151e+06,3.234094e-10,6.391086e-01
1.244764e+03,9.217626e-14,2.441742e-06
9.158167e+06,5.504756e-10,1.012547e+00
1.828862e+11,0.000000e+00,9.709384e+01
2.258943e+11,7.174804e-06,1.000004e+00
4.859775e+11,8.198608e-07,9.999680e-01
9.888937e+06,2.305214e-11,9.572565e-01
2.141327e+04,3.992240e-12,8.344991e-04
9.504514e+01,2.221886e-15,4.254804e-09
1.685570e+08,1.797491e-09,9.749726e-01
1.696827e+06,1.252755e-10,6.622601e-01
1.188941e+03,8.510770e-14,1.226195e-08
9.564500e+05,8.408672e-11,3.611198e-01
1.848532e+11,1.454783e-05,1.000006e+00
6.797732e+02,1.175582e-14,9.269262e-07
1.208770e+06,3.744271e-11,8.571185e-01
1.039619e+10,1.935669e-07,9.998308e-01
4.662257e+05,3.523174e-12,1.670235e+01
5.929375e+09,1.115001e-08,9.999543e-01
2.942841e+04,8.774252e-14,1.484658e-03
1.114728e+10,2.051758e-06,1.000067e+00
1.910739e+12,1.774279e-07,1.000000e+00
8.809416e+04,1.963032e-11,2.713989e-02
1.285451e+04,3.709525e-13,3.167876e-04
2.517817e+05,3.298874e-11,1.747059e-01
3.026950e+02,3.869073e-14,4.067706e-07
2.265253e+06,6.049992e-11,7.662514e-01
5.108237e+08,6.515409e-07,1.000422e+00
1.064503e+04,1.167789e-12,1.176005e-03
6.968493e+10,6.634539e-08,9.999592e-01
3.602981e+04,1.675745e-13,9.421238e-03
1.562550e+04,9.090831e-13,1.881560e-04
3.550038e+10,2.468295e-06,7.386788e-01
8.128862e+09,1.191132e-07,9.999101e-01
1.432451e+07,1.726664e-05,9.879555e-01
1.032429e+05,1.174661e-11,4.645518e-03
8.633512e+10,2.121165e-06,7.990951e-01
4.940907e+01,1.090585e-15,1.246842e-09
4.582339e+10,5.128957e-08,9.999694e-01
1.919299e+04,9.047959e-13,7.037929e-04
9.092007e+04,2.328682e-11,1.671804e-03
5.765913e+03,1.569465e-12,1.634928e-04
3.834324e+06,5.390177e-10,7.076088e-01
5.023347e+06,2.478661e-10,7.078028e-01
6.382083e+07,5.147030e-10,8.949322e-01
8.147153e+11,8.131695e-06,5.467523e+00
1.788447e+04,1.259446e-12,8.639479e-06
4.264709e+04,4.613013e-12,3.542474e-03
3.993037e+04,8.588001e-13,1.073174e-03
4.126271e+09,1.305422e-07,9.999044e-01
3.934714e+01,3.255715e-15,2.027157e-09
5.982437e+04,2.443634e-13,7.017288e-03
3.091418e+02,3.735368e-16,1.000599e-07
1.121863e+06,1.240363e-09,1.874568e+00
2.789622e+03,7.575943e-15,1.251629e-05
7.940588e+02,6.239187e-14,6.114203e-09
1.977163e+04,1.761761e-13,2.274520e-03
2.589446e+08,1.572927e-09,9.910226e-01
2.374751e+06,4.508690e-11,1.931665e+00
3.301743e+03,1.433661e-12,7.258602e-05
1.340495e+11,4.581172e-06,5.118968e-01
5.790684e+11,2.317989e-06,1.000006e+00
6.522472e+02,4.744135e-13,2.722933e-06
5.893155e+03,9.370996e-14,6.863901e-05
1.483071e+11,1.256570e-06,1.000000e+00
2.258482e+07,1.525914e-10,8.886482e-01
6.385184e+04,6.513686e-12,1.419338e-02
1.739368e+06,1.426427e-10,8.628306e-01
2.007474e+02,6.790139e-15,4.976675e-08
4.748038e+10,2.646402e-06,6.566307e-01
1.416281e+03,2.001542e-13,1.209062e-06
4.221887e+01,1.853513e-15,6.374725e-10
1.550218e+05,4.494106e-12,3.603290e-02
5.442012e+11,1.300201e-06,7.459147e-01
9.593688e+03,3.201274e-12,1.715047e-04
5.597325e+03,2.426132e-13,8.105471e-07
3.550528e+03,8.000482e-13,9.149624e-05
2.256821e+10,2.733358e-06,9.999618e-01
2.664148e+04,1.693909e-12,1.589418e-03
1.906891e+05,6.742878e-12,7.755828e-02
3.038923e+04,1.070477e-11,1.753838e-02
1.170344e+07,3.319598e-10,6.223747e-01
1.338767e+02,4.693012e-15,2.721047e-09
1.791937e+05,1.418105e-10,8.247113e-01
8.923905e+04,6.814751e-12,1.227996e-01
1.017371e+05,7.796107e-13,2.217500e-02
4.732998e+05,2.952204e-11,1.891785e-01
1.134687e+05,3.956773e-12,1.141628e-01
1.538984e+04,9.721446e-13,1.068069e-03
1.697871e+05,7.638249e-12,4.248891e-02
5.384191e+06,1.994873e-11,9.735821e-01
1.358728e+11,2.930128e-05,1.000000e+00
2.404499e+04,2.192699e-13,1.165676e-03
2.013152e+11,1.502834e-07,1.000000e+00
9.811541e+01,5.291119e-15,2.859825e-09
2.876428e+03,6.152066e-14,5.310158e-05
1.398248e+05,1.262174e-11,2.507824e-02
1.437777e+05,2.696232e-13,4.866936e-02
5.011172e+05,6.622886e-13,1.758613e-01
9.652110e+02,2.561833e-13,1.238577e-05
1.379846e+03,1.563366e-13,1.103516e-05
2.309525e+03,1.032710e-13,5.835342e-07
4.939114e+01,4.326509e-15,1.604475e-09
2.753865e+01,1.292159e-15,7.720310e-10
3.939533e+03,9.271543e-14,8.783817e-07
1.025713e+03,1.493794e-13,4.686593e-06
8.870814e+03,3.661601e-13,1.468777e-05
8.073641e+05,4.233363e-11,7.769485e-01
2.121688e+05,1.696500e-11,4.617792e-05
7.018733e+00,9.949182e-16,1.379318e-10
1.053028e+09,7.810008e-09,9.998739e-01
1.315105e+02,3.325348e-15,4.801624e-08
3.769358e+06,9.879577e-11,9.513738e-01
2.204753e+08,2.799400e-08,9.997267e-01
8.955707e+01,8.334275e-15,5.208460e-08
1.808983e+10,6.559793e-07,9.999720e-01
1.498603e+11,9.326309e-08,9.999297e-01
8.639290e+02,1.548516e-15,1.560891e-06
4.272488e+10,4.558843e-07,9.999617e-01
7.156952e+10,3.807194e-05,1.000002e+00
8.055389e+01,3.455835e-15,1.213019e-08
1.727544e+06,2.590610e-11,4.652599e-01
1.011053e+01,1.275888e-15,2.875578e-11
1.671109e+03,1.359685e-14,5.654228e-06
2.122490e+04,4.012972e-13,3.505143e-03
2.348678e+03,3.533660e-13,6.613886e-07
8.071513e+04,2.092854e-12,1.140119e-02
3.427921e+02,2.563882e-14,4.845130e-08
2.069341e+11,2.563209e-05,1.000001e+00
1.114360e+02,4.210350e-15,8.059119e-10
5.404572e+04,5.373638e-12,2.031448e-04
3.505251e+05,1.469558e-11,2.305644e+00
1.723130e+04,1.687370e-12,6.291923e-05
2.644178e+03,9.613705e-13,9.340522e-05
1.934852e+01,3.289394e-16,1.397780e-10
3.015091e+05,2.187026e-11,5.232953e-01
1.652926e+11,7.489248e-06,1.000002e+00
2.216033e+05,5.099819e-11,1.723776e-01
6.953884e+04,3.741534e-13,5.211038e-03
8.205651e+04,1.685744e-12,9.331088e-03
1.908804e+04,5.109476e-12,5.502672e-04
5.480031e+03,6.343324e-13,4.750393e-05
6.627626e+01,1.293861e-14,8.446304e-09
6.488140e+01,6.081040e-15,1.517510e-08
2.360576e+05,1.005504e-11,1.285559e-01
5.319471e+02,1.678399e-14,8.867689e-07
2.411667e+04,5.480665e-13,1.735209e-03
1.982800e+03,4.144321e-14,2.584656e-06
6.772004e+02,4.144481e-15,1.061478e-06
1.427052e+10,6.676281e-06,1.000002e+00
8.781679e+03,2.930327e-13,1.357823e-04
1.768968e+06,9.298556e-11,7.652115e-01
5.239241e+10,7.314492e-07,9.999642e-01
5.730550e+09,3.500132e-07,9.999885e-01
1.291318e+02,7.963895e-15,2.634104e-08
3.312196e+06,1.119135e-10,9.354815e-01
3.635036e+01,2.452713e-16,1.063619e-10
1.218298e+06,1.353490e-10,2.679432e+01
3.387946e+03,1.640756e-13,1.384193e-05
3.243647e+10,3.820700e-07,1.000005e+00
1.442080e+03,1.333413e-13,2.031626e-06
2.791870e+05,1.178950e-11,4.715523e-01
4.054152e+04,5.981623e-12,3.294042e-03
8.610436e+03,2.806138e-13,1.400381e-04
1.919524e+06,2.720311e-11,8.101940e-01
8.147504e+04,1.558274e-11,2.001873e-01
1.021502e+03,5.009167e-14,2.015337e-06
5.348765e+05,5.731116e-11,1.664120e+00
5.705714e+05,1.211100e-11,7.921451e-01
2.817664e+03,4.969916e-13,3.155076e-06
2.149844e+05,5.917642e-12,6.523233e-02
1.529486e+02,3.283115e-15,6.430996e-09
4.992756e+03,1.381989e-14,4.216136e-05
1.946638e+10,3.158934e-08,9.999388e-01
4.543959e+04,6.792255e-13,1.343149e-03
3.603244e+05,3.401489e-11,6.365452e-01
5.851690e+05,3.060106e-11,3.640383e+00
5.812266e+02,2.882449e-14,2.018951e-07
1.938325e+03,1.659138e-14,1.180926e-05
7.892244e+04,1.932601e-12,3.480937e-02
8.973088e+06,1.182761e-10,9.310680e-01
2.484516e+09,4.003723e-07,9.999935e-01
1.367279e+03,2.911905e-13,2.997560e-06
2.864342e+12,7.575850e-06,1.000000e+00
2.623933e+01,1.960727e-15,1.694090e-09
2.522852e+05,1.053790e-11,8.657511e-01
7.997077e+10,4.544174e-06,1.000109e+00
4.590090e+04,2.653627e-12,4.023426e-04
1.238881e+05,2.185142e-14,1.834114e-01
5.643138e+03,3.358780e-13,1.199196e-04
6.600297e+02,3.182573e-14,1.609001e-07
1.124043e+03,1.408674e-13,1.877138e-06
4.090767e+02,3.233974e-14,2.382826e-07
1.523393e+06,4.817949e-11,9.883054e-01
8.504706e+10,1.281660e-16,9.999658e-01
2.967926e+05,4.282218e-11,7.631411e+00
2.420469e+09,5.914893e+01,9.999013e-01
6.259715e+01,2.450185e-15,5.746404e-09
1.256612e+11,3.389618e-06,1.127594e+00
1.836568e+01,1.920914e-15,5.006921e-10
4.421303e+06,3.537984e-11,1.354261e+00
1.105146e+05,2.298305e-12,2.679207e-02
1.626502e+03,1.826843e-14,2.777529e-06
5.789409e+05,2.526516e-10,6.347125e-01
4.350123e+02,1.900024e-14,2.844124e-07
5.133925e+05,6.024430e-11,1.785070e+01
6.984434e+02,4.281987e-16,5.035982e-07
5.351392e+03,6.370249e-14,4.390374e-05
9.813215e+01,1.009723e-14,2.306588e-08
9.429905e+04,7.274064e-12,2.420423e-01
5.245378e+01,1.317159e-15,5.912938e-09
1.416334e+08,1.579221e-10,9.761414e-01
6.780401e+10,1.062548e-06,1.000014e+00
6.636114e+02,1.577605e-14,8.709848e-07
7.003057e+11,9.129751e-06,1.000001e+00
4.068734e+07,2.427146e-10,9.334230e-01
4.841979e+04,3.478309e-12,4.441985e-03
2.594295e+07,9.652392e-10,9.602814e-01
6.360687e+02,2.629059e-14,5.136457e-07
1.228138e+12,1.663436e-05,9.999999e-01
4.549079e+03,8.104959e-13,1.701704e-07
2.902029e+07,3.971306e-10,1.134441e+00
1.571806e+02,3.645700e-14,8.188564e-08
3.386194e+05,2.259395e-10,1.103394e+00
1.192370e+10,1.665252e-16,9.997642e-01
8.601733e+05,5.517454e-12,7.941132e-01
6.076125e+05,4.118074e-11,5.685267e-01
5.404711e+01,3.012548e-15,7.467250e-09
3.276430e+08,4.512824e-09,9.552067e-01
2.474995e+05,2.948872e-11,6.282853e-02
2.166074e+04,2.306264e-12,6.994692e-03
4.827760e+05,8.453640e-11,9.874930e-01
5.608118e+01,3.187199e-16,4.365820e-09
1.195030e+05,5.534321e-12,1.455815e+00
1.654785e+10,7.970602e-07,1.000043e+00
1.967827e+03,1.857536e-13,7.661678e-06
6.123132e+05,9.050371e-12,1.614035e-02
1.228475e+10,8.532693e-07,9.999619e-01
6.063929e+01,5.766458e-15,4.150156e-08
5.889735e+06,2.842777e-10,1.109442e+00
5.752652e+06,3.230732e-10,9.674111e-01
9.907289e+07,8.480556e-10,1.002674e+00
4.328789e+06,1.494718e-10,2.145466e+00
3.551578e+05,2.536047e-11,5.120734e-01
3.111276e+04,2.205617e-12,1.611584e-04
1.261068e+04,8.727819e-14,4.041071e-04
3.249782e+04,1.105021e-12,2.347050e-05
6.072714e+04,5.980114e-13,7.381222e-03
9.823565e+02,1.357849e-13,9.454947e-07
5.691082e+01,2.283251e-15,6.745605e-09
1.236546e+05,1.278701e-11,4.663059e-01
6.360471e+06,4.107783e-10,9.308479e-01
8.749395e+01,3.571783e-15,1.327864e-09
8.018731e+06,3.995661e-11,8.136401e-01
5.698507e+01,5.129803e-15,6.301516e-09
3.600698e+05,5.702762e-11,1.708132e+00
3.656080e+07,4.726427e-10,1.354687e+00
3.473523e+02,4.689464e-14,1.338106e-07
1.801688e+12,3.407748e-04,1.000000e+00
2.728978e+06,2.516018e-10,8.764379e-01
3.380289e+04,1.026019e-12,6.835554e-03
6.806592e+07,2.537620e-09,9.969835e-01
4.051580e+06,8.041751e-11,4.436701e-01
1.140646e+05,5.661367e-12,3.870041e-01
9.799893e+09,1.230600e-07,9.999782e-01
3.500352e+02,3.428776e-14,7.519085e-08
2.254962e+07,3.418084e-10,8.174281e-01
8.349210e+05,1.832060e-10,1.676980e+00
5.083541e+06,3.379738e-10,1.156667e+00
4.369234e+07,2.656885e-09,1.008097e+00
5.836377e+04,5.092387e-12,3.101607e-03
6.375094e+02,2.253586e-14,5.580546e-07
4.658634e+06,1.747102e-10,1.895308e+00
7.093996e+03,8.007928e-13,3.858876e-04
1.033562e+03,7.423695e-14,3.238107e-06
3.271023e+09,1.095002e-10,9.999835e-01
4.043290e+03,9.629258e-14,1.929768e-05
2.592518e+08,1.733223e-09,9.949549e-01
5.056399e+05,1.305050e-11,6.200302e-01
8.683120e+05,5.602940e-11,8.452600e-01
5.818382e+02,1.315261e-13,4.429719e-06
2.234785e+11,6.307605e-05,1.000000e+00
7.642813e+06,1.357770e-10,6.885065e+00
1.574892e+03,8.990487e-14,2.824037e-05
8.918099e+06,5.088206e-10,9.762163e-01
6.738937e+09,7.903984e-08,9.998644e-01
2.981524e+02,3.976233e-14,2.000697e-07
3.666990e+04,1.081576e-12,5.034344e-03
4.247051e+08,1.304021e-09,9.712106e-01
6.317222e+04,5.822325e-12,2.802655e-03
3.325811e+02,5.761758e-14,6.075057e-07
8.802995e+03,6.060540e-14,2.393864e-05
2.558217e+02,3.128594e-14,9.590623e-07
4.975932e+10,4.029554e-07,9.999102e-01
1.205221e+05,9.184770e-12,3.156723e-02
9.858568e+05,1.921259e-11,1.745612e-02
8.792633e+01,3.399923e-15,1.479472e-08
5.189841e+10,1.271634e-05,1.000003e+00
3.149595e+04,4.655543e-12,1.501478e-03
4.132008e+11,1.523961e-06,1.000003e+00
1.025558e+07,1.593711e-10,8.998116e-01
1.301520e+01,8.387124e-16,6.358394e-10
5.657389e+03,2.611660e-13,7.344210e-06
2.686163e+02,1.378746e-14,5.625265e-08
3.609577e+04,4.984124e-12,1.744280e-02
9.137909e+01,1.523494e-14,8.089607e-08
5.751447e+03,3.841537e-15,6.175180e-05
1.301847e+03,9.136094e-14,7.558655e-06
3.503063e+02,1.454035e-15,1.726684e-07
2.813334e+04,4.846829e-13,2.933634e-04
6.118267e+02,3.450452e-14,1.257428e-08
6.838494e+11,6.338620e-05,1.000000e+00
7.123907e+01,5.787721e-15,8.327673e-09
2.841702e+04,1.472422e-12,4.358733e-03
1.769756e+02,1.058881e-14,3.094847e-08
6.809789e+04,1.119130e-12,6.385702e-03
1.284169e+07,6.798555e-10,9.097645e-01
1.290963e+02,1.327560e-14,2.212219e-08
5.068640e+09,8.484607e-08,9.999756e-01
9.679072e+02,6.517548e-13,1.263460e-05
5.316353e+10,2.172924e-08,1.000020e+00
4.325230e+02,1.745470e-14,2.432421e-06
9.144227e+04,8.142858e-12,1.437981e-02
8.509342e+10,1.830818e-08,1.000001e+00
9.535591e+01,5.391804e-15,3.581524e-08
1.819160e+02,5.003945e-15,6.300616e-08
3.584991e+04,7.996801e-13,2.460844e-03
3.128981e+10,1.071681e-07,3.661370e-01
3.624075e+03,1.713692e-13,1.311787e-05
1.692589e+05,2.525781e-12,1.692714e-03
2.032806e+03,3.277279e-13,1.279897e-05
4.363501e+05,1.069022e-10,9.698281e+00
4.797612e+06,1.190683e-10,1.168011e+00
8.918384e+03,1.873314e-12,8.604112e-06
6.336706e+00,1.176338e-15,2.230448e-10
6.367282e+03,1.146724e-13,3.836162e-05
9.511991e+04,3.367439e-11,6.367721e-02
3.666662e+02,3.653310e-14,2.455546e-07
3.389936e+02,2.434672e-15,1.704292e-08
4.040508e+03,5.979240e-14,2.515857e-05
2.044665e+04,4.928843e-13,8.120524e-05
1.194502e+06,2.783824e-11,3.948257e-01
5.023801e+09,1.034400e-07,9.999722e-01
1.362099e+06,1.127186e-10,9.767635e-01
6.142198e+09,1.307820e-09,9.999880e-01
4.288018e+05,2.717108e-11,1.759010e+01
6.089542e+03,3.028148e-14,9.786122e-05
1.456187e+03,1.425517e-13,4.208385e-06
4.527651e+11,3.687830e-11,1.000001e+00
8.982391e+05,6.264409e-11,1.005077e+00
1.402931e+03,8.115727e-14,2.566283e-06
6.358600e+10,3.373444e-21,1.000001e+00
5.150575e+02,2.177548e-13,1.917164e-06
9.767475e+01,2.873769e-15,9.195152e-09
1.131246e+09,9.886446e-08,9.997770e-01
1.561041e+03,1.576223e-13,5.951163e-06
3.393127e+03,2.831066e-13,1.798365e-07
9.448640e+02,3.321875e-14,1.631335e-06
3.923029e+06,3.516800e-10,8.470688e-01
7.199814e+04,1.948407e-12,8.220301e-03
1.366099e+03,7.243157e-14,3.471807e-06
1.053311e+06,3.035027e-10,9.578279e-01
5.067555e+06,5.600767e-10,9.448627e-01
6.331356e+06,1.332633e-09,9.342485e-01
1.928556e+05,4.737844e-11,4.582215e-01
1.007676e+04,6.145072e-13,8.068115e-04
3.162794e+06,1.815208e-10,1.305218e+00
1.216293e+10,1.069358e-07,9.999495e-01
7.964377e+02,2.241802e-14,2.868055e-06
7.801765e+04,3.940192e-12,9.164069e-03
5.725659e+03,1.011118e-12,1.526890e-04
1.351178e+05,4.106225e-11,2.677381e-02
2.758585e+01,4.795804e-16,2.473732e-10
1.774266e+02,1.414309e-14,1.179511e-07
3.469995e+02,1.167643e-14,8.415591e-08
1.542947e+07,1.877473e-10,9.842460e-01
1.157103e+01,1.047242e-15,4.173337e-10
2.132738e+01,8.207525e-16,9.723417e-10
6.082725e+03,3.127431e-14,9.206359e-06
1.838100e+03,7.632913e-14,2.455191e-05
9.436097e+03,1.680795e-13,1.667038e-04
7.002565e+10,3.772736e-07,9.999703e-01
4.207691e+02,1.211650e-14,6.101109e-08
3.070043e+09,6.576557e-07,9.999696e-01
3.425667e+11,6.189200e-06,1.000000e+00
8.456214e+05,6.528219e-12,4.217136e-01
4.573175e+11,5.388316e-08,3.725708e+00
2.419556e+07,6.497476e-10,1.007471e+00
2.966994e+03,1.367793e-13,4.483923e-07
5.096607e+11,5.412477e-05,1.000000e+00
2.138566e+04,2.583001e-12,6.932792e-04
4.660017e+03,5.980295e-13,4.210118e-05
7.359492e+02,3.086634e-14,1.045276e-06
2.227479e+05,5.898996e-13,4.514717e-03
1.337623e+10,7.121598e-08,1.000017e+00
5.858695e+02,7.856843e-14,3.027854e-09
9.467078e+05,4.000137e-11,6.599106e-01
5.277907e+09,2.745935e-08,9.997729e-01
1.083505e+03,3.848416e-14,2.349399e-06
1.663360e+09,2.443043e-07,9.998696e-01
6.625607e+05,4.055244e-11,8.894038e-01
2.970431e+01,9.951241e-16,1.952891e-10
4.374545e+03,1.747450e-13,2.474157e-05
5.947934e+04,1.019261e-11,1.380559e-02
2.824579e+11,6.963299e-07,1.708581e+00
4.980259e+04,3.464371e-12,1.370280e-03
7.053131e+02,2.605095e-15,8.667799e-07
5.046538e+10,1.323410e-06,5.938023e-01
1.547974e+04,1.827194e-13,4.791510e-04
2.769031e+06,1.135555e-11,7.945256e-01
2.694346e+04,1.705947e-12,7.525089e-04
1.119848e+04,2.612993e-12,1.597852e-03
5.903426e+03,8.931768e-14,4.515383e-05
1.820801e+03,1.048049e-13,3.134343e-08
1.100484e+04,2.447482e-12,7.304110e-05
4.352295e+07,1.517769e-10,9.491038e-01
1.234361e+07,2.150827e-09,9.831985e-01
2.543958e+02,2.379402e-15,1.342695e-07
1.405965e+02,2.399280e-14,7.010549e-09
2.209421e+04,4.715965e-13,7.167038e-04
9.560180e+05,1.360211e-11,8.375489e-01
2.266176e+11,8.070912e-07,1.000000e+00
2.524087e+07,2.372276e-09,9.891870e-01
2.686330e+07,3.666785e-10,9.610532e-01
7.066391e+02,2.341555e-14,4.099599e-08
4.891066e+05,9.535132e-12,1.075181e+00
8.671889e+02,8.256224e-15,1.276813e-06
1.026556e+08,5.503629e-10,9.959279e-01
2.318895e+10,2.213651e-07,1.000051e+00
1.108140e+03,4.498581e-14,2.656496e-07
7.231499e+05,9.451534e-12,5.055823e+00
8.610987e+02,1.136675e-13,4.932672e-06
3.167776e+06,1.502180e-11,9.578331e-01
2.857415e+04,3.622349e-12,1.636544e-03
1.080089e+02,1.481894e-15,3.720247e-09
3.570433e+10,3.841668e-06,9.999683e-01
3.937365e+02,2.138855e-14,8.607521e-07
4.624045e+03,1.148245e-12,2.569257e-04
6.293342e+02,1.025211e-13,5.384427e-06
1.323761e+12,2.347515e-05,1.000000e+00
1.148797e+04,1.509334e-12,2.064601e-03
1.396594e+11,3.919693e-07,1.000005e+00
1.743901e+04,5.836670e-12,6.096437e-04
8.141198e+04,7.845199e-13,1.631367e-01
1.538805e+02,3.567729e-15,4.105150e-08
6.317898e+04,1.727331e-12,5.130743e-03
4.799754e+03,3.893152e-13,4.579684e-05
1.050715e+03,2.507338e-14,7.362454e-07
1.914317e+05,3.680387e-11,4.002537e-01
6.770985e+09,8.303023e-09,1.000113e+00
3.504959e+01,4.740516e-15,1.766116e-08
7.508388e+02,7.586033e-14,1.010082e-06
6.284803e+01,1.453541e-15,3.707051e-08
2.549805e+04,7.634349e-14,8.238354e-04
5.615193e+04,1.832244e-13,5.660026e-03
1.522706e+04,1.663983e-13,4.412975e-04
5.024456e+03,5.715147e-13,9.371228e-05
1.154362e+08,3.446820e-09,9.911775e-01
6.014061e+07,8.996977e-10,9.981467e-01
7.814087e+01,5.573798e-16,1.424959e-09
7.297938e+03,4.385706e-13,1.690009e-05
3.192650e+04,1.080125e-12,6.297934e-05
5.714764e+09,3.958697e-08,9.999562e-01
3.990086e+06,2.583670e-10,1.023181e+00
3.916612e+09,7.033025e-09,9.994665e-01
7.648126e+01,2.162388e-15,1.326817e-08
2.597094e+05,7.279921e-12,2.725901e-01
1.804355e+05,9.065910e-12,8.332799e-02
3.662648e+04,6.878000e-12,1.666899e-04
1.357912e+06,1.085621e-10,8.890972e-01
3.262826e+04,1.510628e-12,2.143051e-03
1.867547e+05,1.624490e-11,8.137973e-01
4.187275e+06,1.112802e-10,9.457317e-01
2.572305e+04,3.842822e-13,8.212185e-04
2.976906e+05,1.066502e-12,3.674676e-01
5.593686e+05,4.349388e-11,3.125389e-02
4.739104e+06,1.007186e-09,8.591885e-01
7.178440e+06,1.050153e-10,7.889130e-01
2.467443e+06,2.772513e-10,1.121607e+00
8.814685e+03,3.613883e-13,3.058895e-05
1.276605e+09,1.478610e-07,9.998747e-01
8.371740e+05,8.396757e-12,2.103377e+01
3.112362e+01,5.561656e-15,1.799698e-09
2.999694e+05,2.500389e-11,1.510435e-01
8.939318e+06,5.321163e-11,1.227246e+00
1.685924e+07,9.224964e-10,1.019661e+00
1.167860e+06,4.636463e-11,8.499119e-01
1.332748e+02,3.215633e-14,9.077073e-09
2.265045e+11,1.465104e-06,9.999683e-01
7.871044e+05,4.176072e-11,2.863402e+00
1.129844e+10,9.591161e-10,9.999633e-01
1.864574e+06,9.413529e-11,2.613268e+00
1.740877e+05,2.252894e-12,7.630725e-02
4.735090e+02,3.854246e-14,4.175399e-07
1.782474e+05,1.153933e-11,3.660890e-04
2.835893e+06,6.174074e-11,1.792046e+00
1.265942e+05,3.928784e-12,2.087183e-04
1.589634e+04,8.697616e-14,4.766039e-04
4.829097e+03,5.211514e-13,8.278892e-05
1.062242e+04,1.210884e-12,9.290341e-04
2.169618e+04,1.311604e-12,8.375831e-03
3.633681e+04,1.133914e-12,2.247668e-03
5.856497e+09,4.053356e-09,9.999716e-01
4.007844e+05,2.165734e-11,3.176069e+00
2.018313e+04,1.064752e-12,6.910795e-04
2.034395e+02,2.795916e-15,6.891809e-08
8.014376e+03,6.633149e-13,1.275488e-04
1.092986e+05,4.974508e-12,6.662124e-04
8.669291e+07,3.438852e-09,1.021383e+00
2.189372e+10,1.308095e-06,9.999084e-01
2.239907e+02,7.695878e-15,4.218452e-07
4.606038e+06,1.692106e-09,2.463923e+00
1.559260e+06,5.941193e-11,6.567619e-01
1.656256e+11,4.083009e-05,1.000000e+00
3.652945e+04,1.017483e-12,1.707821e-03
2.348780e+06,1.757514e-10,9.826932e-01
8.247956e+10,2.455476e-07,1.000035e+00
3.768174e+03,8.434662e-14,1.325996e-06
4.199909e+01,7.487314e-16,8.340202e-10
6.867019e+07,5.518841e-10,9.903657e-01
5.470860e+05,2.746564e-11,7.356237e-01
1.146904e+12,9.536525e-05,1.000000e+00
6.137475e+08,3.439591e-08,1.000795e+00
9.112457e+05,1.611787e-11,4.758054e-01
3.776758e+04,5.218760e-13,8.290003e-03
2.231161e+03,1.360901e-13,1.869193e-05
2.355405e+02,3.358263e-15,1.172406e-07
1.985933e+05,9.578822e-12,3.856043e-01
2.226823e+06,3.045499e-10,9.838952e-01
6.608269e+12,5.521616e-07,1.000000e+00
8.438916e+04,2.469879e-12,1.499515e-02
2.997886e+00,3.083542e-16,8.426688e-11
3.887460e+03,4.597251e-13,3.029679e-05
8.709676e+05,1.954340e-11,9.937112e-01
1.912470e+05,2.944109e-12,1.545458e-01
1.210526e+10,3.621697e-06,1.312470e+01
6.948890e+01,1.101999e-14,5.801915e-09
3.232897e+05,4.226811e-11,7.911393e-01
8.490391e+04,2.835245e-12,1.607974e+01
3.170578e+06,2.504587e-10,9.139377e-01
1.950274e+04,2.435619e-12,2.184557e-04
6.966578e+05,1.768693e-11,7.514234e-01
8.893019e+06,1.437069e-10,8.918792e-01
4.069096e+02,5.321404e-15,1.141884e-09
9.221735e+05,3.200796e-11,2.785523e+00
1.650193e+06,1.689749e-11,1.030313e+00
2.213165e+01,1.939768e-15,4.868292e-10
1.259792e+04,7.346941e-13,2.197054e-04
6.125776e+01,1.931891e-14,1.527557e-09
8.429439e+06,5.083879e-11,9.019528e-01
1.534752e+11,7.282591e-06,1.000002e+00
5.974793e+03,3.532732e-14,1.289057e-04
1.092200e+12,1.434313e-07,1.000000e+00
1.510065e+10,1.247357e-06,9.999560e-01
1.341427e+10,1.946048e-07,1.000122e+00
8.339442e+01,3.984384e-15,1.651557e-08
1.732554e+02,2.389842e-15,2.367651e-08
2.518297e+10,4.486243e-06,1.000004e+00
1.014208e+11,5.651848e-07,9.999743e-01
9.867807e+10,3.862286e-05,1.000000e+00
4.381111e+03,4.653249e-13,2.390985e-04
1.264180e+10,1.474207e-07,9.999972e-01
1.707768e+04,2.699794e-12,4.323844e-04
3.582917e+06,2.693356e-10,1.011957e+00
7.752389e+05,3.276235e-11,1.023599e+00
8.218736e+10,2.116133e-06,1.000005e+00
9.750399e+06,6.179866e-11,1.755857e+00
5.076946e+05,3.757225e-11,9.736834e-01
4.336682e+01,7.134328e-15,2.874373e-09
1.850022e+06,2.340728e-10,7.202268e-01
7.735802e+04,1.142794e-11,1.534267e-02
3.925856e+04,6.709242e-13,4.815609e-05
2.950154e+04,1.360214e-12,1.112474e-05
9.180916e+01,5.361611e-15,1.650710e-10
5.516198e+05,2.066663e-12,7.427532e-01
3.276341e+02,1.336250e-14,4.052414e-08
7.015581e+09,1.184877e-07,9.999794e-01
9.052549e+09,5.236368e-08,9.987273e-01
4.590509e+10,8.691593e-06,1.000002e+00
9.977912e+04,4.961112e-12,2.024581e-03
7.918897e+06,5.772966e-11,9.780910e-01
1.409469e+03,7.007734e-14,5.771227e-07
2.242214e+03,1.233080e-13,4.706369e-08
4.082069e+11,6.421141e-06,1.000000e+00
1.702844e+05,3.024661e-12,9.522505e-01
1.628355e+06,7.765082e-10,9.492881e-01
8.278948e+01,4.581880e-15,1.135303e-08
5.550777e+03,2.442218e-13,6.119497e-05
5.520019e+05,8.581692e-12,5.679753e-01
2.553059e+03,2.415242e-13,4.054822e-07
8.522590e+03,4.261044e-13,6.062540e-04
6.954185e+11,2.332032e-06,1.000000e+00
1.586346e+02,6.092846e-15,1.878689e-07
7.772494e+02,1.493125e-14,7.447108e-07
6.829124e+09,2.267623e-06,6.452624e-01
8.374074e+06,4.828578e-11,8.859787e-01
4.256348e+03,7.242833e-13,3.619569e-05
3.980428e+10,7.920563e-06,1.000030e+00
2.868621e+11,9.833611e-06,2.507380e+00
5.813377e+02,5.458068e-14,2.912680e-07
5.168041e+05,8.133670e-11,8.402655e-01
1.992038e+02,2.479396e-15,1.766177e-08
1.305490e+02,2.238198e-14,1.629352e-08
3.473210e+02,1.208056e-14,2.372014e-07
8.793376e+04,1.150236e-11,1.458050e-01
1.907378e+05,9.858139e-12,6.581427e-02
6.608003e+05,1.284668e-11,3.952559e+00
5.689894e+05,6.124913e-11,1.271960e+00
5.297072e+10,4.350540e-06,1.000003e+00
1.168889e+05,5.972089e-13,2.820216e-02
3.455380e+06,3.511407e-10,8.973960e-01
1.663576e+02,1.420336e-15,1.174161e-08
1.696144e+11,9.898416e-17,9.998872e-01
1.327127e+04,4.180812e-13,1.777718e-06
2.484329e+09,1.289939e-08,9.960290e-01
3.984519e+02,1.481754e-14,1.064570e-06
4.678160e+05,7.934076e-11,8.576813e-01
5.893008e+01,5.440381e-15,2.780989e-09
8.191330e+05,8.954458e-11,2.402632e+00
4.063635e+03,4.960292e-14,3.205211e-05
6.932345e+04,3.902018e-12,9.940470e-03
4.627530e+03,1.444787e-13,1.408948e-05
8.583863e+09,7.953286e-07,9.999797e-01
1.308147e+10,3.245648e-06,1.000020e+00
4.929199e+07,1.561311e-09,9.982621e-01
2.037136e+03,4.799069e-14,4.749174e-06
1.921106e+03,2.678064e-14,7.220031e-06
1.544627e+05,1.425655e-11,3.620599e-01
1.221809e+03,2.019285e-13,5.359471e-06
2.074054e+11,7.682632e-07,1.000002e+00
2.112063e+05,5.120671e-12,2.212345e+01
9.481442e+05,9.841232e-11,7.837116e-01
7.432060e+10,1.544226e-06,9.999621e-01
1.022467e+03,9.382269e-14,8.739672e-06
2.742798e+02,1.748667e-15,3.408791e-07
1.098583e+04,1.412836e-13,1.885105e-04
1.773511e+05,8.806383e-12,1.499656e-02
1.360004e+06,8.987637e-12,1.604462e+00
1.101226e+04,2.726005e-13,9.038248e-05
1.550780e+03,1.652170e-13,3.068186e-06
2.286682e+03,1.930715e-13,1.308116e-06
2.101092e+04,4.639434e-13,3.568790e-04
2.669130e+04,3.996072e-13,3.754092e-04
5.850910e+02,3.514732e-15,3.899758e-08
1.209880e+04,1.588540e-13,2.922987e-04
2.761280e+10,5.509551e-06,1.000007e+00
1.065489e+06,1.447414e-11,5.454751e-01
3.322457e+05,1.071125e-12,1.601784e-01
1.212947e+11,3.631246e+00,5.403964e+00
3.357463e+06,2.486115e-11,9.775902e-01
1.000806e+03,4.590978e-14,1.296853e-06
4.798365e+04,2.326709e-12,6.503913e-05
2.574669e+13,4.013721e-03,1.000000e+00
4.130345e+02,1.074986e-14,1.040409e-06
2.796843e+04,1.820634e-11,4.718227e-03
2.485763e+10,5.632642e-08,1.000002e+00
8.402811e+06,1.157850e-09,1.007031e+00
1.276872e+06,9.041818e-11,1.350498e+00
1.242071e+06,3.019607e-12,4.507134e-01
1.423212e+11,2.364959e-08,9.999265e-01
1.925530e+01,4.683408e-16,4.728450e-10
3.812536e+10,7.337829e-08,2.292360e+03
4.436746e+07,5.046755e-10,9.872154e-01
1.757104e+03,2.055047e-13,3.095503e-05
7.761693e+03,3.394262e-14,1.107072e-04
1.187579e+03,2.974238e-14,2.339506e-06
3.753536e+01,4.067150e-15,1.638579e-09
3.536419e+06,3.887317e-11,6.386519e-01
2.543778e+11,6.183497e-06,1.000002e+00
1.209755e+03,1.092700e-14,1.000321e-07
3.868621e+04,6.721885e-12,9.313009e-03
4.229562e+03,2.303897e-13,3.497864e-05
9.655784e+05,2.125227e-10,9.593236e-01
1.493316e+05,1.108231e-11,5.325862e-02
2.538889e+07,3.568039e-10,1.006848e+00
6.215648e+03,6.150309e-13,1.164460e-05
1.983365e+13,4.324078e-04,1.000000e+00
2.997891e+06,1.374992e-10,2.375140e+00
1.447226e+01,1.295233e-15,2.230446e-10
1.225549e+06,4.962433e-11,1.190736e+00
2.108181e+06,3.679986e-10,7.505506e-01
1.659890e+04,3.726354e-13,5.524734e-04
9.748211e+07,1.656048e-09,9.953666e-01
1.611613e+03,6.949425e-14,6.603529e-06
6.754641e+09,3.973825e-07,9.999882e-01
9.135277e+02,5.238773e-14,1.292283e-06
2.731515e+06,3.675279e-10,7.823128e-01
1.347289e+02,3.814429e-14,2.216870e-07
6.662385e+09,4.204006e-08,9.998096e-01
4.388018e+03,9.593843e-14,2.609649e-05
9.360526e+01,4.998254e-15,1.225575e-08
8.483416e+03,8.201278e-13,9.719088e-06
6.310795e+10,6.304347e-06,1.000017e+00
4.843785e+12,1.678325e-04,1.000000e+00
6.662416e+04,9.606890e-12,1.276362e-01
1.101715e+03,1.143179e-13,1.490170e-06
3.925982e+12,3.569515e-07,1.000000e+00
1.019189e+11,2.708896e-07,1.000000e+00
3.568410e+06,5.846957e-10,9.962881e-01
4.968663e+03,5.706197e-14,4.739902e-05
2.144848e+10,2.721055e-06,1.000009e+00
1.429591e+07,7.413955e-10,6.840296e-01
1.927992e+11,5.267878e-17,9.999105e-01
2.802557e+10,3.568072e-06,1.000707e+00
1.203911e+04,4.568810e-13,2.865173e-04
2.237362e+09,2.621069e-07,1.000009e+00
2.182942e+07,2.945744e-09,1.055751e+00
2.450083e+11,7.788364e-06,5.551391e+00
1.463333e+06,4.120056e-11,1.014826e+00
4.465149e+05,1.088689e-12,6.824742e-01
1.053211e+10,5.372487e-06,1.000012e+00
1.155577e+04,3.113875e-12,3.111362e-07
6.393590e+02,5.074297e-15,6.970020e-06
5.227735e+01,9.734707e-15,1.255783e-08
5.511952e+04,3.823175e-12,5.104874e-03
2.392196e+05,3.705787e-12,2.621950e-02
1.984081e+06,8.752847e-11,1.650627e+00
7.818937e+03,8.988586e-13,5.813790e-04
3.163761e+06,1.325042e-09,9.683629e-01
3.920446e+04,1.448812e-12,1.537969e-03
3.622923e+03,6.626979e-13,3.302060e-05
4.284194e+09,1.836821e-07,9.998744e-01
1.030269e+02,3.016437e-15,2.478673e-08
1.947868e+01,4.270321e-15,1.148765e-09
1.383953e+03,1.310968e-13,3.817503e-06
2.709443e+10,1.178126e-09,1.000004e+00
1.621778e+10,1.313525e-06,1.000028e+00
2.735020e+02,1.999901e-14,1.246137e-07
6.634099e+02,1.686838e-14,4.767308e-07
1.482442e+05,2.029946e-11,4.706605e-02
2.925496e+05,1.185239e-11,2.273669e+00
2.752490e+03,9.965191e-14,2.804830e-05
1.743853e+02,7.468759e-15,1.977465e-07
1.204708e+10,1.266093e-06,5.461778e-02
1.495532e+05,6.952613e-12,6.441273e-03
1.250146e+01,8.868405e-16,2.525436e-10
2.138271e+05,8.084066e-12,5.275797e-02
1.025674e+07,6.981662e-11,7.835433e-01
6.217854e+03,3.022426e-13,5.348588e-05
1.452068e+03,2.791549e-14,1.546125e-06
8.098504e+09,9.276741e-08,9.994809e-01
1.508907e+02,3.794975e-15,2.526758e-09
2.737363e+02,1.034901e-13,2.431057e-07
5.471772e+03,6.590718e-14,3.915444e-04
1.000748e+13,9.922137e-07,1.000000e+00
6.322842e+04,2.072050e-12,5.391822e-03
9.230191e+02,6.030616e-14,1.717988e-06
4.354499e+04,1.184077e-12,1.711643e-04
1.843999e+05,3.617494e-12,1.755155e+00
5.535507e+01,5.924306e-16,2.415735e-09
4.665892e+04,4.974625e-12,1.826533e-03
1.212999e+02,5.899342e-15,8.250558e-09
2.048519e+11,3.604154e-06,1.000008e+00
1.250947e+02,7.895295e-15,2.828895e-08
4.034936e+04,2.478012e-12,2.485307e-03
1.802055e+10,1.828775e-07,9.999668e-01
6.895042e+00,9.694571e-16,3.320668e-10
9.713753e+05,7.647264e-11,7.387326e-01
3.563909e+00,1.238297e-15,1.158152e-10
8.194210e+06,5.574301e-10,1.028174e+00
1.056710e+03,7.165617e-15,1.548901e-06
7.176695e+05,3.607857e-11,5.068364e+00
6.909029e+05,1.037984e-10,1.163228e+00
3.115964e+06,1.968731e-11,4.070837e-01
7.373054e+03,6.824330e-13,2.927853e-06
1.866269e+11,7.741265e-07,8.078209e-01
5.703999e+01,2.872034e-15,6.412538e-09
1.174984e+02,1.092861e-14,2.578593e-08
2.540780e+03,4.955556e-14,2.489212e-07
3.887812e+06,5.477229e-11,7.721352e-01
8.546987e+05,1.061050e-11,3.140069e-01
4.067551e+05,1.921323e-10,1.093597e+00
1.658971e+06,1.466483e-10,8.435048e-01
1.320830e+04,2.441931e-14,1.057233e-04
3.704698e+09,6.034761e-09,1.000505e+00
2.800117e+03,2.910103e-13,1.311737e-04
3.167391e+06,3.266109e-10,9.800708e-01
5.389596e+03,4.769349e-14,1.781193e-05
2.584215e+07,3.697121e-10,9.578318e-01
3.234719e+03,9.937633e-14,3.176774e-06
4.673323e+03,3.551599e-13,8.911674e-05
2.715040e+02,1.403283e-14,6.217349e-08
1.881120e+02,4.331172e-15,3.921555e-08
2.344834e+06,2.058800e-11,8.713115e-01
3.311896e+04,1.507173e-12,6.138764e-05
2.476751e+07,1.606281e-11,9.511005e-01
6.622142e+04,5.039862e-12,3.606044e-02
3.722375e+04,1.370980e-11,3.875604e-03
2.600747e+05,2.145132e-11,9.756943e-01
2.924268e+09,8.400457e-08,9.999837e-01
9.091544e+06,4.165380e-10,9.596735e-01
3.209831e+03,6.219424e-13,1.415559e-05
1.272141e+02,1.562488e-14,7.161939e-09
6.533239e+06,7.517987e-11,8.953673e-01
1.353663e+06,1.138038e-10,6.249005e-01
1.890440e+03,1.481556e-13,5.721855e-06
4.285985e+07,8.702946e-10,9.860244e-01
3.531618e+02,3.241269e-14,2.305666e-07
1.220747e+08,1.421631e-09,9.872769e-01
5.790651e+04,2.981557e-12,2.853826e-03
3.913949e+05,3.922072e-12,6.136941e+00
1.260809e+11,1.343809e-06,1.000000e+00
1.851749e+04,2.426299e-12,3.814624e-04
4.860989e+04,9.726222e-12,3.887261e-03
4.020485e+02,6.850320e-15,3.082610e-07
1.868979e+03,1.204197e-14,1.665355e-05
4.614498e+10,4.489782e-06,1.000003e+00
2.060227e+10,4.205296e-17,9.999737e-01
3.422467e+09,1.403248e-07,9.998986e-01
1.000445e+03,1.033586e-15,2.993833e-06
3.498194e+05,3.539072e-12,2.012479e+00
1.380787e+02,1.292969e-15,3.466771e-08
5.090306e+02,1.232056e-13,4.811439e-07
2.015720e+06,1.119930e-11,1.160068e+00
2.582351e+06,3.669078e-10,8.584087e-01
2.771260e+01,1.737315e-15,2.488000e-10
4.538446e+11,5.038545e-05,1.000000e+00
3.410978e+05,2.536691e-11,6.226006e+00
1.424638e+06,1.961818e-10,1.103492e+00
2.258757e+06,2.119056e-11,8.922794e-01
6.107022e+02,2.086571e-14,7.230893e-07
1.326932e+04,4.889062e-13,6.473429e-04
3.546484e+02,2.856290e-14,2.486730e-07
3.032811e+05,3.234098e-11,1.193607e-02
2.462627e+10,4.304930e-06,1.000003e+00
2.381991e+06,5.722996e-11,7.470830e-01
7.558492e+06,7.628884e-11,9.156252e-01
2.467887e+06,3.172265e-10,1.531364e+00
1.622801e+02,1.166617e-15,1.598821e-08
1.230054e+11,1.051507e-05,1.000002e+00
2.297637e+05,6.579806e-12,8.870191e-01
7.037741e+06,2.652604e-10,9.145169e-01
5.359726e+05,1.344193e-11,1.060560e-01
5.682869e+03,7.719827e-14,5.281986e-08
8.515001e+07,1.800508e-09,9.847975e-01
1.441779e+06,7.465217e-11,9.926745e-01
5.465629e+03,7.371708e-15,5.731746e-05
8.479146e+01,8.474688e-16,5.663138e-09
6.947380e+09,2.025470e-08,9.997058e-01
2.316291e+02,4.940583e-15,2.439815e-08
1.407122e+03,6.231427e-14,3.322038e-06
6.310558e+01,2.775126e-15,1.732586e-08
2.911338e+05,2.040116e-11,2.456077e-01
2.991786e+04,9.068397e-14,1.612256e-03
3.674778e+01,6.186087e-16,2.082668e-09
4.115267e+10,1.071130e-08,1.000002e+00
3.406975e+07,7.332259e-10,9.823123e-01
9.188147e+09,1.020676e-07,9.997904e-01
1.178187e+06,1.365936e-10,4.404840e-01
1.012509e+02,1.183123e-15,1.074241e-08
1.011299e+08,1.060598e-09,1.001805e+00
1.324397e+10,9.771371e-07,3.337621e-02
7.765298e+05,8.617284e-11,7.875810e-01
6.943854e+10,3.092286e-07,1.000042e+00
1.384455e+09,1.772848e-08,9.980527e-01
3.933017e+12,4.236592e-06,1.000000e+00
3.856100e+04,1.259394e-12,8.023802e-04
6.065387e+03,7.993260e-13,5.127760e-06
2.708580e+10,2.621000e-06,2.512703e+00
1.409775e+06,1.264231e-10,1.186902e+00
1.538972e+04,6.967166e-13,2.043011e-03
3.407246e+04,1.176030e-12,3.481460e-04
7.672070e+04,2.468469e-12,1.149216e-02
3.485956e+05,7.775938e-11,1.944346e+00
4.614535e+03,1.559072e-13,8.660850e-05
1.221467e+03,3.884123e-14,2.961299e-06
1.455276e+02,1.563103e-14,3.377954e-08
1.099062e+03,1.340517e-13,2.277679e-06
1.024284e+05,5.977968e-12,1.903891e-03
2.740144e+04,3.659419e-12,3.369280e-03
1.649708e+08,2.026423e-10,1.002545e+00
2.824681e+10,2.249463e-07,9.998905e-01
3.558392e+03,1.299232e-13,1.225373e-05
6.558027e+04,2.219509e-11,2.466410e-02
5.269435e+11,8.702709e-09,1.000000e+00
6.197547e+02,1.186506e-15,6.620270e-07
3.347501e+04,8.087126e-13,2.246393e-03
9.067890e+05,1.673778e-10,1.143660e+00
8.012025e+10,1.893336e-05,1.000001e+00
1.573422e+12,5.643938e-09,1.000000e+00
9.560338e+10,1.139110e-06,2.088446e-01
6.355635e+04,3.698115e-13,6.198785e-03
6.563437e+11,5.341066e-07,1.000000e+00
1.511580e+06,1.002699e-11,4.743971e-01
2.417876e+02,7.950796e-15,1.184340e-07
2.435151e+04,1.689073e-13,2.971807e-03
3.458367e+09,2.367122e-07,1.000089e+00
1.782237e+01,6.703931e-16,1.377776e-10
5.416778e+11,1.154946e-05,1.000001e+00
1.214569e+05,3.053193e-11,1.275011e+01
6.296811e+03,2.035638e-13,6.157200e-05
5.389361e+07,7.682450e-10,1.084582e+00
3.219995e+05,6.356553e-12,8.250068e-01
1.301956e+06,7.899929e-12,1.114897e+00
7.154330e+11,6.052975e-07,9.999680e-01
2.120284e+06,2.728449e-11,8.664192e+00
1.440266e+03,1.615060e-13,3.669982e-06
5.071658e+03,3.366087e-14,2.100037e-05
8.780707e+01,1.401360e-15,1.608536e-08
3.059657e+04,2.494068e-12,1.125343e-03
1.772511e+03,1.235166e-14,6.412788e-06
5.681179e+05,7.728905e-11,7.697131e-02
3.630709e+05,9.370614e-12,4.837397e-02
2.240537e+11,4.565813e-07,1.000000e+00
1.242247e+04,4.309886e-13,9.058560e-06
3.502474e+03,2.789466e-13,2.430903e-05
8.142632e+04,7.001332e-12,1.270652e-02
2.039479e+07,3.164978e-09,9.949362e-01
1.610676e+10,1.143661e-07,1.000569e+00
6.128221e+02,4.789448e-14,6.745605e-09
4.669568e+09,3.075787e-08,5.951229e+00
2.735641e+03,2.718029e-13,1.041667e-07
5.906064e+05,9.856878e-12,1.375185e+01
1.238598e+12,3.522997e-04,1.000000e+00
1.032574e+03,1.972085e-14,1.755236e-06
2.462197e+03,4.537908e-14,5.719065e-06
3.444734e+01,1.086325e-15,2.230447e-10
1.612695e+03,8.554961e-14,9.109906e-06
1.579351e+03,2.142686e-14,9.339484e-07
2.684747e+07,1.101583e-10,2.042506e+00
2.542886e+02,2.048974e-14,1.423961e-08
6.096303e+02,1.279598e-13,2.329540e-06
4.357962e+01,6.186762e-15,3.636981e-09
4.125791e+02,3.853439e-14,5.528802e-07
8.182004e+03,1.189693e-14,3.708793e-04
1.664790e+05,5.103225e-13,6.959108e-02
2.894819e+06,1.454446e-11,8.882507e-01
1.121338e+04,1.396941e-12,2.025771e-04
2.516101e+03,2.251801e-13,2.160901e-05
9.472367e+03,1.086166e-12,1.691315e-04
1.346438e+05,3.017764e-11,1.579481e-01
1.078221e+07,7.908120e-10,9.958021e-01
4.221933e+01,5.649811e-15,2.175902e-09
4.610238e+02,2.292885e-14,2.775845e-07
3.120308e+03,7.950989e-14,1.909753e-05
3.384648e+05,9.369457e-12,8.736625e-01
1.336948e+06,1.366497e-11,6.802531e-01
1.282942e+02,2.393757e-15,3.999678e-08
7.430265e+05,1.299890e-10,1.041899e+00
1.107054e+01,4.757723e-16,1.675335e-10
4.294388e+04,1.245781e-12,2.222615e-04
7.006538e+02,6.030979e-14,3.798270e-07
7.417201e+11,1.805474e-05,2.808085e+00
1.488004e+07,7.391501e-10,1.037111e+00
9.920396e+04,3.447438e-12,1.286667e-02
3.696269e+04,1.558169e-12,1.312328e-04
3.143544e+04,4.910597e-13,9.197889e-04
9.196548e+12,1.298701e-03,1.000000e+00
5.496541e+05,3.325108e-11,1.186303e-01
3.516790e+03,4.097882e-13,7.428263e-05
2.044155e+04,9.738745e-13,3.265501e-04
1.256650e+06,4.191380e-10,1.775721e+00
1.935062e+04,6.247136e-14,6.783609e-04
6.473837e+10,6.418504e-08,9.999690e-01
6.671320e+04,2.188421e-12,9.168293e-03
1.977225e+06,8.206526e-11,3.023339e+00
9.197073e+09,1.175546e-06,9.999793e-01
1.522124e+05,7.286262e-13,4.967500e-02
1.603179e+06,1.523429e-10,1.025948e+00
1.631999e+07,9.832062e-11,1.060226e+00
5.975775e+11,1.846577e-06,1.000001e+00
1.361289e+04,4.578634e-13,6.669539e-04
9.075922e+09,2.834921e-07,9.997583e-01
2.376550e+04,4.687839e-13,1.053592e-03
1.902981e+05,8.979850e-12,1.002443e-01
2.486209e+10,1.729472e-07,1.000025e+00
3.320826e+06,6.161123e-11,9.763294e-01
8.369140e+07,1.236536e-09,1.002514e+00
8.282894e+02,4.917974e-13,8.780104e-06
9.940330e+01,3.755710e-14,4.306986e-08
3.354494e+02,1.661476e-14,3.984587e-08
1.064211e+03,2.105580e-13,1.360012e-05
6.003721e+05,1.273698e-12,5.830193e-01
2.201720e+06,1.009203e-10,3.829621e-01
1.664642e+06,2.534089e-11,9.873630e-01
4.481973e+10,3.655251e-06,9.999695e-01
8.934930e+07,1.111238e-03,4.958370e-01
5.135833e+06,1.285096e-10,7.900045e-01
2.220354e+01,1.198498e-15,7.848568e-10
1.254909e+05,3.402954e-12,3.489207e-02
8.291553e+11,1.110033e-04,1.000000e+00
3.348997e+09,2.048034e-07,9.988891e-01
4.369603e+03,4.018113e-13,4.867482e-05
2.225933e+03,4.541243e-15,8.241187e-06
2.873044e+06,2.577050e-10,3.634636e+01
2.423104e+04,3.632925e-13,1.083143e-03
3.961194e+05,1.943041e-11,2.931052e-01
4.637088e+05,5.031906e-11,4.536332e-01
1.524787e+10,4.163569e-09,1.000022e+00
1.404256e+05,5.964329e-11,1.000079e+00
1.109406e+08,8.940576e-10,9.564202e-01
1.095300e+06,1.845739e-11,2.830591e-02
1.344467e+02,1.289506e-14,2.883904e-08
1.483852e+07,5.067209e-11,9.930713e-01
2.890579e+05,2.038744e-11,1.142928e-01
9.479825e+02,1.957609e-14,1.632128e-08
3.452363e+10,4.449652e-07,9.998977e-01
3.694771e+11,1.085609e-04,1.000000e+00
1.064412e+08,3.868022e-10,9.975781e-01
5.370342e+02,1.236842e-13,3.361269e-06
7.717045e+05,4.566980e-12,5.471254e-01
1.253587e+03,2.857958e-14,2.060893e-05
3.114755e+07,2.548359e-09,9.690258e-01
3.044252e+05,6.856559e-12,2.946128e-03
1.752113e+05,5.976758e-12,4.999332e-01
1.118381e+07,1.845462e-10,9.696283e-01
1.085268e+04,4.123935e-12,5.325315e-04
2.083230e+04,4.037392e-12,5.838340e-04
2.805849e+06,1.159627e-10,7.119373e-01
1.206022e+05,3.292244e-12,1.163288e-02
1.609693e+09,2.575469e-07,9.998753e-01
2.541312e+06,1.069747e-11,9.026098e-01
6.261015e+04,1.498481e-12,5.412371e-03
3.806609e+07,1.049320e-09,9.981714e-01
1.451146e+03,5.757409e-14,1.832711e-07
3.233069e+11,2.771359e-05,9.999999e-01
2.003960e+09,1.096347e-08,9.987710e-01
5.858974e+05,2.109896e-11,5.079349e-01
1.294649e+02,3.962827e-15,1.088254e-08
7.075149e+10,1.757847e-08,9.999718e-01
2.186775e+10,1.204134e-08,9.999762e-01
1.238663e+11,3.229968e-06,6.751163e-01
8.643566e+02,2.531966e-13,9.465941e-06
3.784288e+02,3.149812e-15,2.095001e-07
1.435094e+02,3.657069e-14,2.601848e-07
1.389592e+11,4.856458e-07,1.000000e+00
2.096469e+06,1.074891e-10,1.597100e+00
2.008723e+01,3.123486e-16,9.724452e-10
1.687025e+03,1.631409e-14,4.283602e-06
5.747190e+07,1.541560e-10,1.002398e+00
2.933107e+10,1.627771e-06,1.000859e+00
4.649173e+02,3.734442e-15,1.564314e-07
4.540012e+03,5.178572e-14,3.511833e-05
1.295893e+06,6.678690e-12,7.007661e+00
2.409384e+04,7.681472e-13,1.009838e-03
2.766011e+02,1.519276e-14,1.326009e-07
2.392524e+02,3.820212e-14,7.090473e-09
4.901963e+05,2.044067e-11,4.775031e-01
3.776876e+06,4.661794e-11,1.024589e+00
1.165215e+02,3.000261e-15,7.467250e-09
1.385529e+06,1.272346e-10,1.704118e+00
2.205882e+06,1.632822e-11,1.102695e+00
1.174125e+08,1.200235e-09,7.669942e-01
1.730619e+10,4.166207e-18,5.091923e-02
2.526080e+07,2.533764e-10,9.859586e-01
1.920008e+06,4.750154e-11,1.024308e+00
1.843551e+07,1.070903e-09,9.750271e-01
1.025789e+10,1.249272e-08,9.999407e-01
1.378028e+02,5.824726e-15,3.144807e-08
7.352305e+07,3.185791e-10,9.874752e-01
5.318084e+05,1.221888e-11,3.876586e-01
3.233371e+01,1.962847e-15,2.969534e-09
7.265111e+01,3.711097e-15,8.966051e-09
5.148008e+02,3.502365e-14,3.954624e-07
7.715043e+03,1.528819e-13,5.820858e-05
1.403473e+11,7.423862e-06,9.999999e-01
1.469870e+10,7.293703e-06,1.000093e+00
2.746035e+01,4.543065e-15,1.499801e-09
4.750005e+03,1.345429e-14,3.837804e-04
2.013245e+02,2.318888e-14,1.674870e-07
2.019752e+06,3.349444e-11,6.607146e-01
1.754570e+04,6.864133e-13,9.941589e-04
1.449329e+03,1.577530e-13,1.431772e-06
4.357832e+04,3.022451e-12,2.675236e-02
3.546699e+10,4.528046e-06,1.000009e+00
3.145957e+06,7.584914e-11,1.105070e+00
3.890000e+05,8.753961e-11,7.878600e-01
4.210361e+06,1.672728e-10,9.142655e-01
3.811364e+10,5.502629e-07,1.203490e+00
3.767126e+02,2.171866e-14,3.525479e-07
4.782441e+01,2.198164e-15,1.952893e-10
1.603780e+04,1.714979e-13,2.836677e-04
9.566344e+02,7.424681e-14,6.189593e-08
1.316656e+12,7.278484e-06,3.245121e+00
1.097139e+06,8.479923e-11,6.845862e-01
9.533847e+04,3.369093e-11,1.089007e-01
5.855146e+10,4.382017e-09,1.000001e+00
2.788602e+04,7.218631e-13,9.629961e-03
3.024747e+02,7.189628e-15,1.938182e-07
1.332809e+07,5.569708e-10,9.530176e-01
1.130706e+04,2.112734e-13,2.103678e-04
2.218079e+02,2.223410e-14,1.976146e-07
3.103949e+02,1.245865e-14,1.287959e-08
1.335879e+06,1.000295e-10,8.179838e+00
1.242543e+02,2.235022e-14,8.908987e-08
9.574190e+10,5.199002e-07,7.591233e-01
5.254957e+06,6.384482e-11,7.855054e-01
1.244422e+04,1.076677e-13,2.266388e-04
2.745284e+07,2.126029e-10,7.930452e-01
1.885880e+11,1.747743e-05,1.000000e+00
5.053205e+01,3.329641e-15,3.942292e-09
6.374424e+03,1.239003e-13,1.567391e-05
2.451889e+03,1.415381e-13,1.069392e-05
2.986581e+06,4.065064e-11,8.576693e-01
1.890108e+03,1.613679e-14,3.169160e-06
1.967599e+11,1.433155e-06,6.919220e-01
1.619162e+06,3.289866e-10,9.808573e-01
7.879579e+05,8.570531e-11,8.485061e-01
2.137245e+04,1.772582e-12,9.155789e-04
4.613340e+02,8.905236e-15,3.057588e-07
4.720411e+03,4.879941e-13,2.266848e-04
8.711368e+12,1.824818e-03,1.000000e+00
3.367795e+08,6.415996e-08,9.997614e-01
1.063540e+10,1.766956e-06,9.999673e-01
4.334405e+11,6.376164e-07,1.000000e+00
3.475998e+10,1.069157e-06,9.999679e-01
2.968080e+07,2.711439e-09,1.039826e+00
7.078211e+04,4.217550e-12,4.678122e-03
3.613437e+04,1.931913e-12,2.486332e-03
7.033082e+05,7.837727e-11,1.886905e-01
7.742256e+03,2.686597e-12,6.310890e-04
3.456374e+03,3.059428e-13,1.581902e-06
1.052902e+06,1.333469e-11,7.902817e-01
3.577050e+12,4.486962e-07,1.000000e+00
7.788845e+05,1.017822e-10,1.905619e+01
9.439830e+05,8.570775e-12,9.511507e-01
2.782038e+04,1.437493e-12,1.551676e-03
1.573905e+04,1.281110e-12,5.524423e-04
8.699794e+09,1.060844e-07,1.000005e+00
1.051115e+04,8.719392e-14,2.176927e-04
4.795003e+00,3.157100e-16,9.814460e-11
3.969295e+07,1.157791e-10,9.551726e-01
1.108914e+04,1.233718e-13,1.712210e-04
1.461393e+06,7.188236e-11,5.970784e-01
8.358661e+06,1.616419e-10,1.283377e+00
8.460449e+11,7.519524e-05,1.000000e+00
1.357472e+04,9.529608e-13,3.665685e-04
1.903858e+06,1.160278e-10,4.550822e+00
4.240997e+06,5.561174e-11,7.409688e-01
8.053514e+01,8.787971e-16,3.276158e-09
9.294573e+01,8.419781e-15,1.318490e-08
5.755475e+04,1.911168e-12,6.749514e-03
1.500900e+03,3.447921e-14,4.326068e-06
8.552651e+04,5.792064e-12,2.882717e-04
6.101952e+03,1.908557e-13,2.069986e-05
3.909076e+10,2.648646e-06,1.000022e+00
7.523491e+02,9.754870e-15,4.596423e-08
7.712715e+06,3.055225e-10,9.164983e-01
1.615458e+01,1.035946e-15,5.838673e-10
7.230068e+11,9.642897e-06,1.000000e+00
5.002174e+10,8.430992e-06,1.000005e+00
3.981911e+03,1.208302e-13,6.024059e-05
1.842814e+06,2.358438e-10,9.949866e-01
1.093783e+03,4.610709e-14,9.483813e-07
7.572424e+01,8.154115e-15,4.277346e-08
2.613611e+09,3.067996e-07,9.999709e-01
1.707173e+06,3.786692e-11,4.718589e-01
7.126563e+01,8.408508e-15,3.726971e-08
9.801474e+09,5.285256e-07,1.000059e+00
2.879203e+06,2.475413e-10,4.983101e+00
9.016408e+04,3.562951e-12,1.146709e-02
1.476612e+04,1.257610e-12,3.537542e-03
6.949392e+07,5.565217e-10,9.373926e-01
2.848784e+10,6.417238e-07,1.000001e+00
4.827627e+05,1.905181e-11,3.750827e+00
2.073060e+02,5.257634e-15,8.523837e-08
1.790836e+05,1.395703e-11,4.577411e-02
2.526357e+05,2.820289e-12,3.500451e-01
3.321495e+05,6.281417e-12,4.556380e-01
1.761623e+03,1.201642e-13,6.128016e-06
6.912438e+04,2.397008e-13,9.819568e-03
4.746035e+06,5.455070e-10,9.743630e-01
3.627993e+02,7.533385e-14,2.257058e-07
1.441192e+02,3.771462e-14,5.998715e-08
1.298209e+03,2.361267e-13,3.050013e-06
1.400918e+10,2.123653e-06,9.999604e-01
1.719381e+04,5.982975e-12,5.408949e-04
2.257499e+02,2.470958e-14,1.840302e-07
4.634190e+06,1.149366e-10,9.918909e-01
7.785127e+02,2.060698e-14,9.670143e-08
6.013006e+01,4.961368e-16,2.956969e-09
3.290014e+06,1.471150e-10,9.579205e-01
4.296014e+10,7.987935e-07,1.119604e+00
7.054488e+04,2.435085e-12,8.876589e-03
1.188813e+02,2.862994e-15,2.471246e-09
6.126506e+01,3.650674e-15,8.614229e-10
1.054319e+10,1.013981e-07,9.876651e-01
1.477994e+04,1.445585e-13,3.864895e-04
8.955567e+05,8.456184e-12,5.957544e-02
3.712528e+05,4.114100e-11,6.806690e-01
1.203335e+12,7.380972e-06,1.000000e+00
9.751445e+03,2.968780e-13,2.745158e-05
2.554679e+03,1.385052e-13,4.436085e-05
1.555785e+04,3.495305e-13,1.119226e-03
1.707715e+02,1.575922e-15,6.571233e-08
6.333680e+10,2.292914e-06,6.136782e-01
2.274287e+02,2.028577e-14,1.113841e-07
4.031010e+01,7.887994e-16,5.838671e-10
2.964257e+10,2.905045e-07,5.326841e-01
6.074249e+01,1.363069e-14,1.999402e-09
5.067253e+01,4.125574e-15,1.416535e-09
1.470275e+03,8.947631e-14,2.983698e-06
1.261149e+03,5.628647e-15,1.704480e-07
4.068032e+06,2.487844e-11,4.696628e-01
8.777415e+10,8.445337e-06,1.000001e+00
1.610571e+01,4.948629e-15,5.173771e-10
4.082540e+05,5.319510e-11,7.722382e-01
6.719714e+05,2.221463e-11,1.908522e-01
2.945654e+11,4.312788e-06,9.453796e+00
4.365594e+06,4.171138e-10,9.471610e-01
4.536423e+06,2.501855e-10,9.433347e-01
3.600695e+06,3.658056e-10,1.001677e+00
3.971596e+05,2.426614e-11,1.187195e+01
6.145417e+02,2.318621e-14,1.053902e-06
2.908948e+05,1.100864e-11,3.634711e-04
2.029432e+04,3.927992e-13,5.792795e-04
4.363328e+02,1.386053e-14,2.694799e-07
1.017629e+07,4.127013e-10,3.156036e+00
2.691751e+03,1.497306e-13,4.617169e-06
2.820926e+11,7.335445e-05,1.000000e+00
1.358983e+04,7.205207e-13,1.771835e-03
1.442132e+08,1.796051e-09,9.936187e-01
3.345655e+03,4.376107e-14,1.525571e-05
1.930939e+03,2.312127e-13,5.282553e-06
7.492955e+04,1.942038e-12,1.207021e-05
1.341849e+12,1.235659e-04,1.000000e+00
5.264442e+11,2.885381e-05,1.000001e+00
2.169517e+05,1.070664e-11,1.014978e-01
7.635142e+05,5.413779e-11,4.276692e+00
5.691342e+01,2.386830e-15,6.122430e-10
1.426469e+03,3.817219e-15,1.465246e-06
8.685980e+10,1.883309e-06,1.000001e+00
6.637903e+03,4.372989e-13,4.745376e-05
3.249800e+05,7.881073e-12,2.127161e+01
7.543218e+03,1.974830e-13,7.155446e-04
4.451788e+02,5.622009e-14,1.807026e-06
6.095821e+03,2.985091e-13,1.747269e-04
2.685752e+04,2.975703e-12,1.438537e-03
1.155998e+07,6.916287e-10,9.681969e-01
1.829467e+01,2.005064e-15,7.401313e-10
2.377413e+07,2.270596e-10,9.582336e-01
1.895207e+05,1.471134e-12,9.337252e-02
1.214935e+06,8.791191e-12,3.763855e-01
3.301366e+03,8.533673e-14,2.060463e-05
2.747728e+05,1.007703e-12,3.108172e-01
1.086900e+04,2.516856e-12,6.130550e-04
9.073249e+04,6.719155e-12,3.613890e-04
1.288872e+07,9.729998e-11,1.003031e+00
4.183239e+04,1.690688e-11,7.983394e-02
7.086287e+05,7.536965e-11,1.078079e+00
4.048955e+04,1.436458e-12,2.545279e-03
7.112100e+05,9.211100e-11,8.577296e-01
3.847273e+03,1.031841e-12,5.516427e-05
1.720520e+06,9.518787e-11,8.431675e-01
3.044415e+06,2.907604e-10,5.285782e-01
2.419578e+03,2.604620e-13,1.257674e-05
8.706159e+03,1.153452e-12,1.516481e-04
1.366187e+11,1.525593e-06,1.000001e+00
1.457792e+03,1.259622e-13,4.207913e-06
1.732145e+03,3.558224e-14,5.167677e-05
6.050514e+01,8.392941e-15,2.637780e-09
2.196240e+10,2.018896e-06,9.998804e-01
2.100123e+03,7.808236e-14,6.990113e-07
8.427245e+04,2.441837e-12,1.454488e-02
5.876704e+05,1.308936e-11,1.098920e+00
7.948481e+03,8.609036e-13,2.479184e-05
4.529681e+01,1.158658e-15,9.095810e-10
2.477514e+05,2.408220e-11,3.273069e-01
4.054948e+02,2.706928e-14,2.604808e-07
1.734653e+04,7.741052e-13,5.211014e-04
1.695290e+06,7.098286e-11,6.299764e-01
1.277210e+02,7.849979e-15,3.999408e-08
6.587685e+03,8.129755e-14,1.740736e-05
1.136231e+10,7.886711e-08,9.999263e-01
1.832633e+07,1.745608e-09,1.007141e+00
7.248863e+06,3.750466e-10,8.876950e-01
1.396027e+03,8.287368e-14,6.930855e-07
1.575415e+02,1.707154e-14,2.811740e-08
1.765855e+06,1.190715e-10,9.922435e-01
1.294342e+05,3.845665e-12,8.071117e-01
3.549481e+04,2.499390e-12,2.530887e-03
6.263877e+05,6.329391e-12,1.380996e+00
6.942798e+03,3.517716e-14,2.036835e-05
6.477166e+05,1.864313e-10,3.705048e-01
1.979716e+07,1.219208e-09,1.041142e+00
1.069173e+04,5.141915e-12,7.721326e-04
1.335055e+10,7.757507e-07,9.999695e-01
7.475056e+01,1.882103e-14,2.134171e-08
9.548615e+02,1.189167e-13,5.333244e-07
6.634230e+05,3.452531e-11,7.700697e-01
1.767938e+06,5.804268e-12,1.566434e+00
3.281631e+01,6.922488e-16,6.393785e-10
1.474119e+03,8.370594e-14,1.738097e-06
4.970738e+05,5.356913e-11,2.144691e-01
4.614460e+05,1.636958e-11,1.043583e-03
8.769742e+03,5.589829e-13,1.533859e-04
5.525369e+00,3.009577e-16,1.397780e-10
1.022529e+05,4.321306e-12,1.236228e-03
2.911523e+01,1.667541e-15,8.336674e-10
5.475438e+03,8.080150e-14,5.615217e-05
8.068892e+04,2.064006e-13,1.235854e-02
1.192936e+04,4.764599e-13,2.396363e-04
1.550839e+04,5.278200e-14,2.317974e-04
3.221647e+02,8.227115e-15,7.623813e-08
2.084688e+04,4.841785e-12,4.392073e-03
7.258826e+01,1.940169e-15,1.163454e-08
5.035745e+04,5.711167e-12,3.931961e-03
2.637814e+04,1.273443e-12,1.364924e-03
3.975167e+04,4.484846e-12,1.638768e-03
1.328017e+04,2.680665e-13,2.704567e-05
8.865277e+11,8.528812e-08,7.174392e-01
2.081047e+11,2.165941e-06,1.301888e+00
6.060970e+10,7.388902e-07,1.000013e+00
3.760301e+01,1.431546e-15,2.448242e-09
9.740411e+04,3.823835e-12,7.763375e-03
1.182388e+05,1.702025e-11,6.157289e-02
5.077189e+06,3.445173e-10,9.794287e-01
2.139587e+05,7.744176e-12,5.930077e-01
2.347502e+10,1.955983e-06,9.999547e-01
3.490708e+10,2.042425e-06,8.406601e-01
2.867880e+04,1.355096e-13,1.656219e-03
2.751134e+11,1.039874e-05,1.000001e+00
3.050268e+01,2.003854e-15,1.821068e-09
4.919360e+01,2.136656e-15,2.471246e-09
6.965302e+10,1.020223e-05,1.000003e+00
2.601291e+01,2.044183e-15,1.805112e-09
4.826931e+02,1.116004e-14,1.148536e-07
3.919972e+09,1.862724e-07,9.997787e-01
1.937161e+04,1.727997e-13,4.116026e-04
2.795546e+04,1.308810e-12,2.375457e-04
1.717602e+03,8.187414e-15,1.053758e-05
3.864241e+01,1.551894e-15,1.724259e-09
1.109937e+12,4.604475e-05,9.361856e-01
2.148911e+09,2.365798e-07,9.998908e-01
9.230502e+02,3.693560e-14,2.275338e-06
6.722526e+05,2.387953e-10,9.220013e-01
8.507945e+11,1.329013e-08,1.000001e+00
9.433482e+03,2.080622e-12,1.012938e-03
7.827924e+10,1.429884e-06,9.999676e-01
8.140261e+05,2.358831e-11,3.427095e+00
3.307045e+08,2.339166e-09,9.891949e-01
1.855400e+10,1.773691e-07,9.999046e-01
7.989200e+07,2.070944e-10,7.944271e-01
3.420727e+06,1.557897e-10,2.308862e+00
1.284893e+10,3.631240e-08,1.000025e+00
6.366714e+06,6.423147e-11,9.145574e-01
5.109626e+01,6.216688e-16,3.192891e-09
3.682533e+02,1.303358e-14,3.968875e-07
7.810470e+04,4.020453e-12,8.985017e-02
4.258926e+06,1.381550e-11,7.145354e-01
1.544169e+04,7.970225e-13,2.029075e-04
1.134751e+12,1.607949e-07,1.000000e+00
3.236899e+03,2.407812e-13,2.050979e-05
1.106107e+02,5.574896e-16,2.889772e-08
2.304781e+07,4.239124e-11,1.039947e+00
9.842646e+05,7.332336e-11,2.890164e-01
5.988583e+06,4.757269e-10,1.317980e+00
1.127928e+11,1.164866e-06,1.000018e+00
5.931564e+03,6.289046e-13,3.175771e-05
3.081022e+05,2.430561e-12,1.213259e+00
7.407751e+03,9.237268e-13,1.098177e-04
3.158561e+02,3.204637e-14,1.628430e-07
2.226736e+06,2.613750e-11,9.791736e-01
4.674518e+01,5.258460e-15,1.335261e-09
1.896076e+06,9.197725e-11,1.727442e+00
5.825135e+06,2.242211e-10,1.892765e+00
1.066155e+10,9.564783e-07,1.000066e+00
9.654143e+09,2.836940e-07,9.999615e-01
2.862255e+02,9.158576e-14,2.228037e-07
3.198077e+05,3.854127e-11,1.695256e-02
1.513280e+05,4.712815e-12,5.187109e-02
1.982193e+11,1.678254e-05,1.000002e+00
1.417940e+04,1.737344e-12,8.080314e-04
4.345298e+03,6.680876e-14,8.474639e-06
2.388317e+03,6.339990e-14,1.174700e-06
1.033031e+07,1.650581e-10,1.024680e+00
1.374319e+06,4.829486e-10,8.840313e-01
2.167512e+07,1.479376e-10,1.075074e+00
1.477560e+01,3.976402e-15,3.673746e-10
1.502145e+03,1.872777e-14,4.544560e-06
5.150078e+11,1.507870e-05,2.402621e+00
1.657729e+07,2.177443e-10,9.918834e-01
3.684090e+03,1.174016e-13,7.554806e-05
1.737838e+05,1.597260e-11,5.040797e-02
6.320428e+02,2.746783e-14,3.427684e-07
1.269945e+04,7.066583e-13,5.892315e-06
3.239068e+07,5.462442e-10,1.064797e+00
2.362304e+10,1.031860e-07,9.993894e-01
1.606903e+06,2.834016e-11,1.276358e+00
1.083689e+07,3.371568e-10,1.024023e+00
6.451177e+05,5.806105e-11,9.808796e-01
1.396853e+11,1.686956e-06,9.999674e-01
3.301911e+07,2.511911e-09,9.882925e-01
5.690085e+01,5.588380e-15,4.784125e-08
2.087649e+04,1.079409e-12,1.665967e-03
1.371236e+05,2.333217e-11,8.085782e-03
2.204950e+01,5.343519e-15,1.305512e-09
3.807138e+07,2.512701e-09,9.871310e-01
1.229054e+11,7.243313e-07,9.999761e-01
4.376806e+10,1.625555e-16,1.000003e+00
6.300213e+09,1.102707e-09,9.999582e-01
3.602527e+02,3.376488e-14,2.293731e-07
4.323155e+02,3.991350e-14,2.918073e-07
3.832904e+04,1.164892e-12,6.789150e-04
1.018838e+07,3.283033e-10,9.318781e-01
1.486345e+05,4.557060e-11,2.718437e+01
2.491681e+03,1.766464e-13,2.521900e-06
2.706105e+03,5.610570e-14,1.317012e-07
1.668840e+10,2.723651e-07,9.999867e-01
4.716666e+06,5.038475e-10,8.435981e-01
7.343829e+02,3.293205e-14,8.871525e-07
1.416221e+04,3.121263e-13,7.447394e-04
1.421254e+10,1.472334e+01,1.000363e+00
3.694357e+04,2.064311e-12,6.695126e-05
1.092941e+03,2.435356e-14,1.453144e-06
7.558096e+03,5.915759e-13,2.762413e-04
1.830509e+03,1.797528e-14,5.997437e-06
8.171184e+06,2.241992e-10,8.263678e-01
8.394207e+01,1.282353e-15,4.580038e-09
4.660932e+11,8.081981e-07,1.000000e+00
3.413177e+04,7.998011e-14,9.601485e-04
1.800702e+05,4.242394e-12,7.196561e-02
1.421430e+04,1.375883e-12,3.357901e-04
2.019223e+02,2.095486e-14,1.945766e-08
4.867275e+06,3.243562e-10,7.643261e-01
5.955738e+08,6.935649e-10,9.998307e-01
9.292503e+05,4.249504e-12,2.018599e-01
4.307906e+09,2.614261e-08,9.998799e-01
6.559118e+03,2.810621e-13,9.304469e-05
4.197071e+06,6.913380e-11,8.320284e-01
6.065078e+01,4.689533e-16,6.372796e-09
4.826040e+11,5.963916e-08,9.999698e-01
2.086752e+11,3.296751e-07,9.999999e-01
1.282869e+02,2.998304e-15,3.151258e-09
5.824139e+03,3.062956e-13,4.962755e-05
1.708474e+12,7.374021e-08,1.000000e+00
2.153355e+06,1.104083e-11,6.056178e-01
4.134869e+04,4.871201e-13,2.594517e-03
3.978271e+04,2.499674e-13,2.937030e-04
1.661030e+04,2.486470e-13,7.963296e-05
2.715380e+03,1.358382e-13,3.934363e-07
3.680534e+04,8.317226e-13,9.208397e-04
6.942410e+06,6.213294e-10,9.479161e-01
2.417413e+11,6.333609e-07,1.000001e+00
4.871738e+06,5.314194e-11,1.021511e+00
2.739922e+07,3.926607e-09,9.733710e-01
6.446916e+09,5.836615e-07,9.999085e-01
9.448842e+02,3.072316e-14,2.495103e-06
2.059226e+10,6.577348e-07,5.047881e-01
1.134146e+02,8.895121e-16,1.027956e-09
7.461146e+04,2.346802e-11,1.183231e-01
4.038511e+04,1.175289e-11,3.134404e-03
3.175343e+09,6.348275e-07,1.000018e+00
3.085287e+03,2.321645e-13,4.413554e-06
7.910895e+06,1.827754e-10,1.229188e+00
4.916561e+01,2.819461e-15,1.135714e-08
6.198203e+04,1.333777e-12,4.151370e-03
3.493367e+05,1.028357e-11,8.204487e-01
7.169947e+04,4.173757e-13,1.885872e-02
1.011057e+06,7.473497e-11,7.720438e-01
2.605735e+02,1.211057e-14,2.171974e-08
4.792482e+04,3.983511e-12,4.599336e-03
3.094955e+05,8.465940e-12,6.230708e-02
4.125341e+03,3.744117e-13,6.095940e-05
4.402446e+01,2.631766e-15,2.970847e-09
3.603773e+01,7.508125e-16,1.361023e-09
8.370522e+04,1.260125e-12,1.471144e-02
6.950765e+04,6.542087e-13,9.959185e-03
7.540129e+10,1.889329e-05,1.000001e+00
4.717962e+06,9.574172e-11,9.844013e-01
1.171984e+02,2.245252e-15,2.978273e-08
4.512130e+06,2.865077e-10,5.287843e-01
4.523381e+01,1.098640e-14,1.964863e-09
6.804645e+03,4.592861e-13,1.782904e-04
1.890854e+04,8.939758e-12,1.188691e-03
3.092354e+06,2.443164e-11,7.893060e-01
3.677605e+07,3.614979e-09,9.663333e-01
1.493691e+06,2.021349e-10,1.120097e+00
1.553543e+04,3.580518e-13,4.769689e-04
2.219662e+01,1.529897e-15,1.138979e-09
5.846653e+07,2.674315e-09,9.643621e-01
3.325343e+09,7.570884e-07,9.999875e-01
1.414238e+05,5.555238e-12,6.216151e-03
1.596021e+05,3.936483e-13,6.293462e-02
5.672977e+04,1.383570e-12,5.454435e-03
1.814120e+03,3.127402e-13,2.592526e-05
4.554815e+03,6.819736e-13,1.066083e-05
2.574631e+06,2.003453e-10,1.191633e+00
4.500732e+05,8.500641e-11,7.442423e-01
1.603518e+02,7.199230e-15,4.593071e-08
9.267234e+03,3.424867e-13,1.128596e-04
9.040832e+05,1.551403e-11,1.960738e-02
4.285006e+10,3.833755e-08,9.997022e-01
4.741486e+06,2.195097e-10,1.019008e+00
3.274024e+04,8.745121e-13,1.250524e-03
1.890257e+03,5.739570e-15,5.924401e-06
5.053730e+04,1.245289e-12,2.554382e-03
2.971149e+03,8.067015e-14,6.428581e-06
3.026656e+07,1.646098e-10,9.502225e-01
5.491193e+05,3.298313e-11,3.975245e-02
3.210631e+01,1.297365e-15,2.207568e-09
3.138085e+05,6.272817e-11,6.526277e-01
1.077869e+12,6.381480e-06,1.000000e+00
3.858324e+06,5.331346e-11,1.346742e+00
1.032232e+03,4.739428e-15,1.954299e-06
3.036639e+07,1.508297e-10,1.015062e+00
2.186304e+10,1.583671e-06,1.000008e+00
2.828483e+12,2.556203e-05,1.000022e+00
1.355400e+04,8.042287e-13,2.645527e-04
2.366870e+02,3.360838e-15,7.580148e-08
5.289132e+02,1.143031e-14,1.846033e-07
3.394699e+06,3.316072e-11,8.958897e-01
8.457514e+11,3.009740e-06,1.000000e+00
2.043335e+08,9.697320e-09,9.998654e-01
9.607382e+09,1.128121e-06,9.999777e-01
1.157165e+02,2.877709e-15,2.677976e-10
1.128804e+02,9.938329e-16,3.190815e-09
9.851850e+08,1.104397e-07,1.000270e+00
4.040747e+09,6.379245e-07,9.999957e-01
6.401882e+03,3.066855e-13,4.790782e-05
1.196992e+06,3.957887e-11,8.331180e-01
2.428328e+05,2.527719e-11,9.108572e-01
7.807091e+02,1.364020e-14,1.629451e-08
5.109739e+03,6.899493e-14,4.691653e-05
2.933678e+02,1.060372e-14,1.566257e-07
3.062206e+04,5.858679e-13,6.086361e-04
5.745020e+04,4.138126e-13,6.093455e-03
4.281773e+02,1.081308e-13,5.224859e-07
7.326750e+03,2.330341e-13,4.356280e-04
1.636607e+05,3.333514e-11,6.407028e-01
2.802682e+02,4.770216e-14,5.104350e-08
1.001508e+03,1.971730e-14,1.870826e-08
1.066304e+04,2.588068e-13,1.967013e-04
3.214383e+01,1.755703e-15,4.728447e-10
1.599151e+10,4.153121e-07,9.999692e-01
5.599612e+11,2.741629e-06,7.066653e-01
9.075702e+04,8.947594e-12,7.184309e-03
1.224924e+05,4.249025e-12,8.553604e-03
3.881132e+03,4.236064e-13,2.296791e-05
1.142717e+05,2.876964e-12,2.635953e-02
5.066349e+04,6.134870e-13,4.843420e-03
3.171864e+09,2.498051e-07,9.998414e-01
1.339644e+03,3.829078e-14,4.692090e-07
4.312456e+06,1.777875e-11,7.003827e-01
3.184841e+06,8.731323e-11,6.045607e-01
3.838126e+07,4.553962e-10,9.803375e-01
2.823960e+05,5.783476e-11,1.234731e+00
7.419743e+02,1.997333e-15,9.062483e-07
4.106094e+02,2.565413e-14,3.266841e-07
8.769599e+05,1.673507e-10,2.681586e+00
6.335588e+07,9.820740e-10,9.853001e-01
1.262666e+03,3.721169e-14,4.389317e-06
6.264294e+05,3.018398e-12,4.727250e-01
1.935025e+04,1.060352e-12,2.999232e-05
2.670799e+03,5.576289e-13,4.608631e-06
1.547296e+01,6.578664e-16,2.723755e-10
6.299901e+06,8.712169e-11,9.733148e-01
6.467395e+01,1.003958e-15,3.538046e-08
6.986490e+04,8.842222e-13,1.996392e-02
1.458154e+13,1.135074e-03,1.000000e+00
3.447044e+03,1.094593e-13,1.807948e-05
1.635383e+02,2.636501e-14,1.302040e-07
3.668956e+01,2.870576e-15,2.415735e-09
2.329366e+10,9.712960e-06,1.000006e+00
1.835744e+05,6.429141e-13,7.531210e-02
6.235757e+04,2.937479e-13,6.697490e-03
8.069601e+03,8.869138e-13,1.804123e-04
3.503751e+02,3.183731e-15,1.680220e-09
2.332754e+03,1.737030e-13,3.537142e-08
3.347002e+01,3.058942e-15,2.554513e-09
8.711258e+05,2.772651e-10,9.649899e-01
1.547780e+11,3.553148e-06,9.999553e-01
6.280870e+04,5.640712e-12,1.002037e-01
1.849684e+11,6.235909e-06,1.000006e+00
3.320718e+03,8.866172e-13,4.630294e-05
2.919454e+05,2.156234e-12,1.779196e-05
7.750861e+06,4.845392e-11,8.922981e-01
4.997458e+02,4.806117e-14,4.939115e-07
7.847956e+05,1.815413e-11,3.627209e+00
2.502612e+01,2.108348e-16,2.708387e-10
1.285320e+02,4.700549e-15,2.953293e-08
9.240004e+07,2.272911e-10,9.979892e-01
5.866649e+07,2.014752e-10,9.300498e-01
7.448518e+04,4.876677e-12,2.621174e-02
1.612350e+01,1.325884e-15,3.320460e-10
3.856166e+05,1.412969e-10,5.179184e-01
2.197714e+05,1.184120e-11,8.938146e-06
2.843950e+04,2.136323e-12,3.017991e-04
1.393951e+05,1.152176e-11,7.361351e+00
3.418733e+06,1.544948e-10,5.754917e-01
3.070629e+04,3.032605e-12,5.101095e-03
6.728983e+04,2.544693e-12,9.345012e-03
3.062022e+05,2.034633e-11,4.483717e-01
2.827410e+04,1.313073e-12,7.683014e-04
9.313178e+03,1.470066e-13,1.518629e-04
2.072480e+11,1.724698e-05,9.999999e-01
5.416897e+02,2.434797e-14,1.751109e-07
9.923584e+05,2.813435e-11,2.958956e+00
7.987891e+05,1.794175e-11,5.619009e+00
1.497332e+03,7.031486e-14,4.418827e-06
9.253732e+06,3.436353e-10,9.783436e-01
4.648140e+03,8.638827e-14,2.678858e-06
1.494190e+02,9.596081e-16,3.387180e-09
1.397343e+03,1.620762e-13,5.737177e-08
2.269259e+05,1.539671e-12,6.412374e-02
7.095956e+05,4.802159e-11,1.177614e+00
2.701873e+06,1.058604e-10,3.267273e+00
9.819053e+04,2.742310e-12,1.520527e-02
2.016604e+04,7.377728e-13,3.429896e-06
1.025443e+06,5.443097e-11,4.047040e-01
6.155197e+06,6.560128e-10,1.041177e+00
2.011472e+06,2.854393e-10,9.762816e-01
5.948525e+02,5.917134e-14,6.777354e-07
2.579977e+11,7.411865e-08,9.999553e-01
4.140429e+05,5.011790e-12,3.688286e-02
8.165813e+00,1.091106e-15,7.965461e-10
2.547501e+12,4.500384e-04,1.000000e+00
1.091233e+02,3.298147e-15,1.537759e-08
1.860864e+08,2.701276e-09,1.006519e+00
1.951862e+04,3.216291e-12,5.204981e-03
3.705433e+06,2.550114e-10,8.644735e-01
9.882957e+03,4.310038e-13,1.666195e-04
7.306605e+09,1.335228e-06,4.249701e-01
4.313920e+02,8.663048e-14,4.930861e-07
6.045772e+03,1.121684e-13,4.324721e-05
4.455335e+05,1.906897e-12,1.332550e-01
2.459795e+01,8.663185e-15,2.864974e-10
1.202312e+03,1.249844e-13,1.369866e-06
6.776687e+01,3.671370e-15,4.867227e-10
3.637984e+04,5.898418e-12,2.661544e-03
5.137392e+04,1.422427e-12,2.624719e-02
1.190057e+10,1.297260e-07,1.778258e+00
8.075740e+13,2.238285e-06,1.000000e+00
2.068579e+11,6.180857e-08,1.000000e+00
4.490003e+03,1.698436e-13,1.781452e-04
1.159621e+06,2.300106e-10,7.864192e-01
1.925509e+04,7.696562e-13,3.532469e-03
6.048142e+07,2.085158e-10,1.008106e+00
1.727725e+11,2.642671e-06,1.000003e+00
6.397150e+02,2.735751e-15,5.221389e-07
8.814321e+01,8.737062e-15,1.021748e-08
9.365327e+03,4.085871e-13,8.566112e-05
1.458244e+05,5.800599e-12,7.078835e-01
1.936019e+04,7.256016e-13,7.417622e-04
5.436356e+01,4.662334e-15,5.579871e-09
5.349884e+06,2.733526e-10,9.858419e-01
4.850161e+05,1.986091e-10,9.077057e-01
3.770269e+04,5.014470e-12,3.442820e-04
1.231869e+04,1.973118e-13,3.003930e-04
7.878617e+05,6.555221e-11,6.434292e-01
5.079459e+06,1.956394e-10,7.729834e-01
6.530203e+03,5.156627e-14,2.740169e-04
4.237165e+02,4.630739e-14,2.629851e-07
3.722003e+09,3.543702e-08,9.998100e-01
2.055648e+01,2.459312e-15,1.277757e-09
8.532391e+04,3.503200e-12,6.676332e-03
8.073798e+05,1.301540e-10,9.712953e+00
7.149660e+00,1.806929e-16,8.226660e-11
3.857580e+11,2.460874e-04,1.000000e+00
8.763776e+06,1.134049e-10,9.558116e-01
3.466271e+06,3.994649e-11,6.865003e-01
2.492805e+03,9.335925e-15,1.247912e-05
3.761638e+02,1.247802e-13,2.668153e-07
8.379691e+11,1.148453e-05,1.000000e+00
3.747111e+03,4.640140e-14,2.859915e-05
3.447203e+04,2.675478e-12,2.844833e-03
6.641919e+02,5.135220e-14,7.103056e-06
7.956990e+05,1.680011e-10,9.222562e-01
1.702515e+04,9.772872e-13,3.211029e-04
1.368150e+05,4.606960e-11,1.546180e+01
8.554356e+03,1.065813e-11,8.847840e-04
3.806879e+04,6.577891e-12,2.814050e-03
2.697092e+11,6.083078e-05,9.999999e-01
1.410978e+10,1.334472e-10,1.000019e+00
1.521756e+02,4.435510e-14,2.174329e-08
7.276798e+10,1.052961e-05,1.000002e+00
4.323940e+04,2.652059e-12,3.069503e-03
2.653697e+03,2.928445e-13,4.299156e-05
1.864023e+03,6.410596e-14,6.644385e-06
1.403106e+03,3.233977e-14,3.973850e-06
8.148887e+05,4.835147e-11,2.535750e+00
7.783257e+03,4.096621e-12,3.917070e-05
5.234167e+02,7.122054e-14,2.124699e-07
7.773423e+06,4.168376e-10,9.773840e-01
2.546316e+13,3.225095e-03,1.000000e+00
8.396377e+07,3.739401e-10,1.017471e+00
1.330960e+02,3.177753e-14,3.599998e-08
5.503635e+06,8.677127e-10,9.680907e-01
6.854228e+09,9.510305e-08,9.999721e-01
3.328506e+06,6.313552e-10,8.338757e-01
7.333619e+03,7.524146e-13,1.003957e-04
1.224344e+05,3.451381e-12,9.818185e-03
6.822122e+03,4.121913e-13,1.698187e-04
4.742143e+04,2.818784e-12,5.502536e-03
1.827134e+04,1.534801e-12,1.399064e-03
7.681079e+05,1.713572e-11,3.105456e+00
4.099651e+06,5.947016e-10,6.351144e-01
2.419080e+04,3.231899e-13,8.502460e-04
4.969239e+05,5.018194e-11,1.281454e+00
1.810792e+02,6.013197e-15,8.299917e-09
3.659310e+04,2.700217e-12,5.880278e-03
4.916367e+03,4.026161e-13,3.474524e-05
6.516337e+03,2.637926e-13,8.088827e-05
9.171402e+06,1.977572e-11,1.114146e+00
3.520030e+11,8.029409e-07,1.000001e+00
1.634769e+07,2.404427e-09,9.837259e-01
5.404415e+04,3.056110e-12,4.012703e-03
3.987658e+04,5.100809e-12,1.483316e-02
9.803098e+00,6.814817e-16,9.814461e-11
1.264863e+03,3.176610e-14,3.095969e-06
7.037959e+02,3.492747e-14,9.563303e-07
9.257660e+04,1.362586e-13,1.536999e-02
3.505685e+01,8.341558e-15,5.159751e-09
1.673843e+03,6.872035e-14,3.673460e-07
2.707153e+05,1.771790e-11,1.490910e+01
7.467474e+00,3.318522e-15,5.766278e-10
2.809830e+10,1.340297e-08,1.000005e+00
5.817726e+02,5.526013e-14,5.889466e-07
5.225169e+07,5.229186e-10,9.454844e-01
1.073304e+04,1.000091e-13,2.250342e-04
8.690839e+03,6.405331e-13,1.213038e-04
2.232155e+10,2.576769e-07,1.000135e+00
6.763701e+07,1.687869e-09,9.861282e-01
8.696922e+00,1.368573e-15,1.718101e-10
3.374947e+02,1.202526e-14,2.267918e-07
4.844757e+10,6.719211e-06,1.000005e+00
5.703389e+06,8.568734e-10,1.008087e+00
8.765089e+12,1.765115e-16,1.000000e+00
8.825561e+03,4.506144e-14,9.204432e-05
1.315236e+06,9.143188e-11,1.152466e+00
7.566157e+07,9.040805e-10,9.896219e-01
7.993533e+03,1.166983e-13,2.224482e-05
1.335774e+06,3.638045e-10,9.686128e-01
1.652441e+06,4.788732e-11,2.911107e+00
8.648542e+06,5.502212e-10,6.403361e+00
3.291438e+04,3.208644e-12,8.938192e-04
1.835781e+06,1.044734e-10,2.483450e+00
2.902838e+11,5.937143e-06,1.000019e+00
5.887938e+05,3.156483e-11,4.046501e+00
1.368177e+06,1.832339e-10,8.190893e-01
1.642521e+06,1.020341e-10,8.975331e+03
1.485663e+05,6.145821e-12,5.281460e-02
1.362564e+04,1.343010e-12,2.444713e-04
1.321883e+04,2.984631e-13,3.481567e-04
6.498496e+05,7.545794e-12,2.250110e-01
1.111830e+02,3.226398e-15,1.568290e-08
9.186263e+01,2.340734e-14,1.899648e-08
1.527352e+06,1.752529e-10,8.534008e-01
3.598006e+06,9.466653e-10,3.243409e+00
1.067481e+04,1.518309e-13,9.183937e-05
1.263049e+03,7.486842e-14,5.271839e-06
1.680049e+03,1.940615e-13,1.318896e-05
8.515933e+02,1.134378e-14,1.192186e-06
2.126688e+07,1.008760e-10,8.030325e-01
7.709743e+03,3.672747e-13,1.031745e-04
6.413040e+05,7.858140e-12,6.650123e-01
2.561087e+05,1.790356e-11,1.567432e+00
1.713278e+03,5.454368e-14,5.876883e-06
4.481365e+03,1.977669e-14,4.066197e-05
2.442367e+04,1.864108e-12,1.154248e-03
8.775023e+10,5.916869e-07,1.000000e+00
5.556048e+04,3.489693e-12,7.223321e-03
7.332091e+04,2.999800e-13,5.286626e-03
2.912547e+09,1.075668e-08,9.988542e-01
2.053698e+07,2.053475e-10,1.131881e+00
4.198502e+10,3.905438e-06,9.999683e-01
4.156814e+03,8.211350e-14,4.173632e-05
1.321135e+07,2.683924e-09,9.701855e-01
1.575442e+05,7.745637e-12,6.044721e-02
1.106966e+06,1.727059e-10,1.003838e+00
4.172241e+02,2.319177e-15,2.033245e-07
2.476227e+01,3.786737e-15,9.169341e-10
2.716649e+10,1.966831e-06,2.794413e+00
3.996592e+03,9.470340e-15,3.139752e-05
6.052861e+03,2.868166e-14,7.378837e-05
1.545813e+04,6.882915e-13,4.770437e-04
1.398090e+05,8.565837e-13,1.876562e-03
1.462230e+03,1.435289e-14,3.482243e-06
8.113146e+04,5.150505e-12,1.279370e-02
3.792426e+04,1.881366e-11,7.849768e-03
1.067187e+03,8.906775e-14,1.558208e-07
3.197705e+02,7.154046e-14,9.328108e-07
4.926848e+12,4.247164e-05,1.000000e+00
1.159191e+06,6.411245e-11,4.965239e+00
7.798403e+09,1.753006e-06,1.000037e+00
3.341809e+05,1.039055e-11,2.832519e-02
1.010650e+11,2.811176e-06,3.080620e-01
8.634732e+03,1.468309e-13,1.720023e-07
7.826144e+01,1.406706e-14,3.000476e-08
1.492769e+04,9.034188e-13,4.431817e-04
1.668172e+04,2.305026e-14,4.262267e-04
2.892796e+05,9.483094e-12,3.379393e-01
2.506524e+06,5.022725e-10,1.140141e+00
8.241944e+04,2.576042e-12,8.302086e-03
1.211102e+10,7.561176e-08,1.000021e+00
3.529479e+00,4.496758e-16,8.555600e-11
1.239338e+02,1.214156e-14,1.805113e-09
8.423685e+10,3.703219e-07,9.999298e-01
1.564599e+11,2.595134e-06,1.000013e+00
7.131744e+02,4.786791e-15,9.746103e-07
1.305296e+03,6.524534e-14,1.430607e-06
6.897235e+03,4.686471e-13,7.645956e-05
1.240658e+07,1.525130e-10,1.006980e+00
3.003272e+12,2.544660e-04,1.000000e+00
2.802747e+05,6.109139e-12,6.267780e-02
4.877253e+03,5.411450e-13,4.708242e-05
3.245969e+03,2.887146e-13,2.506635e-05
1.679260e+02,2.335568e-14,4.473558e-09
4.467887e+04,6.035870e-13,4.050357e-03
4.559598e+07,4.931310e-10,1.069215e+00
3.593982e+04,3.471777e-13,2.604336e-03
4.798500e+05,6.495493e-11,8.899755e-01
1.288631e+04,6.156594e-13,3.162520e-04
1.869279e+01,5.470802e-16,1.111223e-09
6.764254e+10,5.217910e-07,9.999701e-01
1.345462e+05,1.533610e-11,7.428127e-01
5.581943e+11,7.615837e-05,1.000000e+00
2.349908e+04,3.016973e-12,4.247325e-03
9.421610e+04,1.619796e-11,5.288817e-02
6.609470e+05,1.237713e-11,7.521530e-02
7.499660e+06,6.861917e-11,8.616053e-01
2.069572e+02,2.658527e-14,6.064693e-08
2.877018e+05,1.008620e-10,4.811188e-01
2.238333e+05,6.416180e-12,7.078731e-02
6.728297e+04,3.871750e-12,6.645173e-04
4.200566e+02,1.231385e-14,1.808269e-08
4.651141e+11,3.828873e-05,1.000009e+00
1.598512e+10,1.114109e-06,9.999726e-01
3.251305e+03,1.757114e-14,2.079641e-05
5.460358e+02,2.710109e-15,5.067623e-07
7.652028e+05,1.132650e-10,7.302345e-01
1.483526e+09,2.860483e-06,9.997422e-01
1.820726e+07,2.232199e-10,1.247478e+00
1.085532e+07,1.737814e-10,7.984927e-01
1.663992e+05,3.872054e-12,1.852545e-03
3.861870e+05,1.622570e-11,2.466747e-01
2.913632e+09,2.776733e-08,9.996232e-01
1.268361e+06,3.604305e-12,4.665578e-01
9.645384e+04,5.041832e-12,2.567469e-02
3.597048e+03,3.854210e-13,1.572084e-05
5.867859e+05,1.559441e-11,1.709902e+00
1.010940e+06,3.733193e-11,4.453569e+00
2.160314e+05,1.949786e-11,1.081401e-01
1.842236e+06,3.034056e-10,7.934797e-01
2.443144e+06,6.993544e-11,2.395581e+00
2.195049e+07,2.540221e-11,4.316565e-01
4.492525e+02,4.115622e-14,3.188848e-07
1.537707e+03,1.570160e-13,3.246487e-06
1.346637e+06,3.231552e-11,6.822561e-01
6.218270e+01,1.967114e-15,5.746404e-09
5.792396e+06,3.051376e-10,2.050485e+00
1.263754e+09,1.531139e-07,9.999653e-01
2.715890e+05,1.770961e-11,1.106061e+00
3.638883e+04,2.217925e-12,2.550374e-03
1.491605e+06,5.958000e-12,4.476823e+00
2.073938e+07,8.615027e-10,8.374577e-01
1.271239e+11,7.111308e-07,5.251809e+01
3.407851e+02,4.223826e-14,9.564981e-08
3.028709e+03,8.310531e-14,1.888131e-05
3.594820e+01,3.212710e-15,2.526758e-09
1.055984e+04,2.698308e-12,2.847800e-04
1.099258e+10,7.072640e-10,4.543082e+01
5.698507e+05,4.398256e-11,6.025050e-01
4.440439e+06,3.775574e-10,9.879132e-01
2.703148e+10,2.063452e-07,9.999742e-01
1.357830e+07,1.150660e-10,9.604931e-01
1.177072e+05,1.016429e-11,1.894413e-02
1.916060e+02,9.170526e-15,5.579871e-09
2.834777e+04,2.173365e-12,2.123998e-05
2.796437e+04,2.017758e-13,1.215651e-03
1.413006e+08,7.328889e-10,1.019138e+00
1.347037e+11,2.417490e-05,1.000000e+00
1.272782e+04,5.920258e-14,3.189866e-04
1.804529e+05,3.150321e-12,3.104828e-01
6.001083e+03,1.220516e-14,1.805375e-05
9.816332e+09,8.107666e-07,3.418267e-01
2.404415e+04,2.801344e-13,9.361597e-04
3.042491e+05,1.786708e-11,1.400697e-01
1.620451e+10,1.812485e-06,9.999650e-01
1.081585e+05,7.648095e-13,1.208971e-01
9.467945e+03,6.690689e-13,4.811841e-04
2.868720e+05,5.019317e-11,7.032681e-02
1.136616e+06,6.329011e-11,1.018106e+00
1.147278e+01,5.607859e-16,1.675337e-10
9.436485e+03,7.187401e-14,5.578874e-04
3.143571e+02,7.243776e-15,1.804678e-07
5.634957e+03,7.129590e-13,5.738521e-06
6.110846e+01,4.670870e-15,5.772032e-09
3.698550e+09,1.097653e-07,9.999517e-01
6.545222e+08,2.727900e-09,9.917001e-01
2.957213e+01,1.104582e-15,6.763259e-10
1.365875e+09,1.001519e-01,9.986328e-01
6.410016e+10,1.622430e-05,1.000001e+00
3.367101e+03,1.688820e-13,1.025543e-08
1.633692e+02,6.050413e-15,1.218570e-08
9.463261e+07,2.316447e-09,1.257143e+00
3.992471e+05,7.407541e-11,1.076314e+01
1.511546e+07,1.244677e-09,2.122961e+00
1.965195e+03,2.862229e-14,3.839197e-05
5.464347e+05,2.694802e-12,7.623385e+00
2.421611e+02,7.138281e-15,1.076649e-07
1.483816e+03,1.550851e-13,3.554491e-06
2.882864e+01,1.726758e-15,4.255086e-09
1.399302e+03,1.142931e-14,4.016788e-06
2.637125e+03,3.000636e-14,1.381131e-05
7.832135e+05,2.492379e-11,4.040152e-01
2.194516e+03,7.063274e-14,3.621743e-06
5.650751e+06,1.570145e-10,9.424732e-01
1.518863e+08,7.228851e-09,9.969939e-01
2.859976e+02,3.344588e-15,1.013921e-07
3.411294e+03,3.369382e-13,5.091854e-05
2.443027e+03,8.948159e-14,1.637237e-08
7.309967e+04,1.731864e-12,5.859560e-02
2.829421e+03,1.600574e-13,1.330036e-06
3.489699e+04,3.074988e-12,1.699199e-03
4.326292e+04,1.151350e-11,2.482163e-03
1.113217e+09,6.582982e-10,9.999341e-01
3.071434e+04,1.361914e-13,9.108476e-04
2.320321e+02,3.074651e-14,5.587297e-08
7.694309e+00,8.779096e-16,8.921433e-11
2.397184e+01,2.072475e-15,1.271737e-09
7.955282e+04,1.056856e-11,2.641814e-01
4.261720e+02,3.371915e-14,1.350423e-06
8.098427e+03,2.784186e-12,4.848391e-05
1.403848e+04,2.313938e-13,3.752700e-04
9.526626e+01,1.264873e-15,2.900158e-09
1.967050e+04,1.351784e-13,4.228387e-03
5.873467e+01,3.179274e-15,5.135782e-09
1.193128e+06,2.466828e-11,2.880137e-01
4.293654e+06,7.125562e-11,8.661388e-01
2.331416e+07,7.590948e-10,2.017215e+00
1.599385e+05,5.399738e-13,1.109985e-02
1.492342e+03,5.471624e-14,4.720803e-06
9.071988e+02,6.194044e-14,1.002676e-05
8.067927e+02,1.487039e-13,9.492972e-07
6.625681e+06,3.957265e-10,8.025276e-01
1.016575e+05,9.076218e-12,5.885392e-02
3.099414e+03,2.135107e-13,1.429441e-06
4.947816e+04,1.200224e-12,9.518668e-03
2.273855e+02,8.796870e-15,1.040567e-07
1.988712e+06,7.274762e-12,9.866021e-01
4.145218e+05,1.447848e-11,2.716733e+01
3.784517e+03,6.277446e-13,2.280484e-05
8.931128e+06,3.542113e-10,9.967074e-01
1.368339e+06,1.968780e-10,8.054603e-01
8.833386e+06,8.646626e-11,8.336987e-01
3.238408e+04,8.435443e-14,2.117255e-03
2.316237e+02,3.131769e-14,3.260124e-07
9.089488e+12,7.168240e-07,1.000000e+00
2.406670e+02,8.293276e-16,3.462608e-08
2.786362e+04,4.879472e-13,1.559724e-03
4.515120e+03,1.184375e-13,4.058290e-05
8.888345e+10,7.550391e-07,9.999718e-01
5.041514e+06,1.266228e-10,1.154015e+00
4.598774e+06,2.766127e-10,9.388497e-01
1.060748e+10,1.658581e-06,9.999780e-01
2.070486e+09,2.849116e-08,1.001255e+00
4.325915e+01,1.136973e-15,2.637780e-09
3.533928e+03,3.990932e-14,4.362095e-06
2.016883e+04,2.444368e-12,6.777577e-03
7.179791e+03,6.586675e-14,4.589037e-08
1.809012e+06,4.333837e-10,9.082722e-01
1.513910e+02,1.090657e-14,3.516180e-09
2.589142e+02,2.919657e-15,3.334044e-07
3.366844e+06,3.286572e-10,2.195717e+00
4.403264e+10,1.480243e-07,9.999965e-01
1.573668e+04,3.003916e-13,2.784829e-04
3.231032e+06,5.051803e-10,9.314417e-01
1.048703e+02,5.406745e-15,7.689295e-09
5.211847e+05,2.399864e-12,2.221198e-01
2.060886e+05,2.135583e-11,3.907024e-02
2.499304e+06,1.395325e-10,6.618706e-01
4.209625e+07,9.600354e-11,1.004789e+00
9.580109e+02,1.350043e-13,1.284057e-06
1.662329e+03,3.356342e-14,1.399957e-05
2.236747e+03,4.567368e-14,4.757871e-07
4.093199e+06,4.019098e-10,4.592647e+00
1.059414e+04,1.305230e-12,1.444808e-04
9.093720e+05,6.261268e-11,1.490467e+00
2.066446e+12,9.055557e-01,9.814517e+01
1.905628e+02,4.808451e-15,6.975076e-08
5.272815e+05,4.854167e-12,8.238665e-01
3.422493e+10,4.990663e-06,4.320659e-01
3.083323e+12,2.320549e-05,9.999999e-01
1.112562e+02,1.842994e-14,2.723681e-08
9.763805e+03,1.194479e-12,4.546090e-04
3.522062e+02,4.347166e-15,2.178514e-07
3.306278e+11,2.990833e-05,1.000000e+00
4.075718e+04,5.859952e-12,3.238141e-03
5.950624e+02,1.036768e-14,8.168566e-08
2.067293e+09,3.779510e-07,1.000063e+00
4.549843e+03,8.343736e-13,2.260164e-04
1.637637e+01,4.132490e-15,2.924321e-10
1.535579e+04,3.123131e-13,4.214876e-04
1.324185e+06,1.279979e-11,1.704124e+00
2.288248e+05,1.261564e-11,4.105751e-02
6.301605e+06,1.733785e-10,9.092745e-01
2.337656e+06,2.283874e-11,2.779755e-01
2.311695e+06,2.006103e-10,1.147580e+00
3.546013e+07,1.620025e-10,9.841698e-01
3.511223e+04,8.380765e-13,7.323278e-03
2.584280e+02,8.615634e-15,1.272603e-07
8.054195e+01,6.452035e-15,2.915336e-09
1.984790e+05,5.639354e-12,2.624786e-02
1.685068e+07,2.896752e-11,9.950333e-01
7.763949e+06,3.784167e-11,6.027116e+01
4.711573e+03,5.553255e-13,9.900485e-05
5.591618e+09,5.880179e-08,9.998994e-01
3.552915e+03,7.061109e-14,8.620855e-06
5.317425e+05,1.607974e-12,5.669708e-01
6.416826e+05,3.191049e-11,3.533208e-01
4.056060e+05,2.632202e-11,5.456237e-01
1.160113e+06,1.541071e-10,8.073316e-01
5.796711e+09,4.321509e-07,9.999515e-01
1.676514e+07,7.310607e-10,9.443164e-01
1.594394e+05,4.827793e-11,6.999604e-01
1.175537e+08,1.601922e-08,9.958029e-01
3.122982e+06,4.027369e-10,8.825246e-01
2.941530e+06,1.641843e-10,7.953919e-01
1.054899e+11,6.345862e-06,9.999848e-01
3.326103e+11,5.656137e-05,1.000000e+00
1.894588e+08,3.008379e-09,9.954598e-01
4.764758e+01,3.317890e-15,1.988265e-09
4.620016e+06,2.902952e-11,9.908608e-01
5.221681e+07,2.703913e-10,1.000916e+00
2.145728e+03,2.975434e-14,8.035421e-06
1.634146e+05,3.584807e-12,7.488248e-02
2.069521e+05,6.192045e-12,3.435692e-02
2.223923e+03,1.122773e-13,1.109386e-06
1.322744e+06,5.685022e-11,6.660294e-01
7.050487e+10,1.458317e-06,1.000014e+00
3.661385e+06,9.637924e-11,7.935580e-01
3.571289e+01,1.750007e-15,1.728447e-09
9.813726e+02,1.181768e-13,1.543572e-06
4.169423e+07,1.094263e-10,9.654082e-01
8.293556e+05,2.186769e-10,9.035146e-01
1.798432e+05,1.353651e-12,8.342282e-02
5.013155e+11,6.562749e-06,5.387483e-01
2.273168e+05,3.360675e-11,9.301719e-01
2.248483e+04,3.856878e-13,2.141902e-04
1.272801e+03,9.117545e-14,3.109430e-06
8.224786e+10,1.281575e-05,1.616862e+00
3.200348e+02,8.880605e-15,6.456189e-07
8.758265e+05,9.907118e-12,4.924334e+01
8.579382e+05,3.953273e-11,1.730136e+00
8.221822e+03,4.623345e-13,1.115867e-04
1.143923e+02,1.333213e-14,1.548861e-08
1.804719e+03,8.134867e-14,6.451590e-06
5.972423e+04,3.088067e-12,7.090942e-03
4.881910e+09,4.511618e-07,9.999760e-01
1.655025e+07,4.400197e-10,9.346428e-01
8.170082e+05,6.576930e-11,7.570107e-01
4.424846e+06,1.673859e-10,3.761990e+00
1.990170e+07,8.791269e-10,9.729768e-01
1.235193e+10,1.336899e-08,9.999560e-01
2.450525e+03,5.003326e-13,7.774475e-06
1.873784e+04,9.887754e-13,1.190519e-03
1.594673e+05,2.300227e-11,7.956190e-02
5.098633e+12,2.957070e-03,1.000000e+00
5.903864e+01,1.568449e-15,1.667124e-10
4.586035e+01,2.923816e-16,2.235324e-09
2.403418e+10,7.542688e-08,9.999644e-01
1.211008e+04,4.793759e-13,2.081234e-04
2.249900e+12,2.296682e-04,1.000000e+00
3.700286e+02,4.840965e-15,6.116228e-10
9.785633e+05,1.692594e-12,2.383744e+00
3.915467e+04,9.754890e-13,2.944677e-03
5.390101e+01,1.076646e-14,3.970047e-09
1.916126e+06,1.548216e-10,4.973620e-01
1.959873e+05,7.237437e-12,3.298147e-01
4.703434e+04,3.948475e-13,3.811622e-03
1.571156e+10,8.428785e-07,9.999819e-01
2.962227e+04,4.198792e-12,2.858716e-05
4.915286e+06,7.450885e-11,1.032577e+00
5.079697e+10,2.697710e-07,1.000001e+00
5.989382e+09,9.327597e-10,9.997953e-01
1.148011e+08,8.328800e-10,9.757968e-01
9.906490e+10,9.707890e-06,1.000002e+00
5.896784e+04,5.629078e-12,1.012416e-01
4.081628e+04,1.039930e-11,3.466064e-03
1.341835e+04,3.266215e-12,1.122522e-03
2.726286e+11,9.690537e-05,1.000000e+00
1.958835e+05,1.239463e-11,4.943791e-03
2.721033e+10,1.830008e-10,7.299052e-01
1.014324e+05,2.910613e-13,1.655996e-02
2.135091e+01,2.248020e-15,2.071666e-10
1.279690e+06,1.730672e-10,1.221938e+00
1.145471e+04,1.091283e-12,1.988653e-03
1.477950e+04,1.409450e-12,2.488973e-03
2.310857e+09,3.337641e-07,9.999650e-01
2.919842e+06,5.612524e-12,1.190124e+00
2.564784e+04,7.255192e-13,2.158256e-04
1.358214e+04,1.403252e-13,1.292539e-03
2.065415e+04,4.872066e-13,2.908849e-03
1.205296e+06,1.682654e-11,8.888279e-01
3.451658e+05,9.792989e-12,1.717091e-02
3.894844e+06,6.920717e-11,6.858521e-01
8.669366e+06,1.506245e-10,9.738490e-01
5.911604e+05,6.660031e-12,8.187656e-01
5.012202e+05,2.537770e-11,4.088910e-01
4.254766e+05,6.337922e-11,6.927666e-01
5.976840e+02,5.509807e-14,7.070188e-07
8.862310e+03,7.503030e-13,2.016660e-04
5.120349e+06,3.719615e-11,8.357988e-01
1.354253e+02,9.137692e-15,3.477874e-08
5.431432e+03,3.110695e-13,1.029378e-04
1.880205e+04,5.949390e-13,7.045524e-04
3.723147e+02,5.203762e-14,3.277266e-07
2.243790e+05,4.636048e-12,1.132111e-02
1.013843e+11,4.411564e-06,1.000001e+00
1.341945e+03,2.652103e-14,3.537005e-06
9.453735e+11,4.344965e-06,9.999998e-01
3.397406e+02,8.947293e-15,2.175282e-07
4.012077e+10,8.853638e-06,1.000003e+00
7.147365e+02,5.595616e-14,9.605937e-07
1.058868e+03,2.813109e-14,1.909557e-06
2.535577e+02,1.571422e-13,3.815099e-07
1.438535e+07,2.593522e-09,9.650369e-01
2.190892e+10,9.770788e-08,9.999798e-01
3.409126e+03,2.131437e-12,9.436122e-05
8.592278e+09,9.995187e-08,1.000028e+00
2.177299e+12,2.816336e-08,1.000000e+00
8.703550e+02,2.992056e-14,3.228261e-07
6.465565e+01,1.191122e-15,1.610824e-09
3.624648e+09,3.014098e-07,1.000005e+00
1.017921e+06,5.486094e-11,1.852008e+00
3.258547e+04,9.653080e-13,1.883163e-03
5.192952e+04,5.332011e-12,7.364804e-06
9.362484e+06,4.574269e-10,7.157272e-01
3.738179e+02,2.153057e-14,2.773625e-07
9.986029e+04,5.687788e-12,8.525841e-03
3.000457e+10,5.836994e-07,9.999718e-01
2.211045e+02,2.140189e-14,2.087319e-08
1.337546e+03,5.851655e-14,1.381146e-06
2.997052e+03,1.900975e-14,6.959757e-05
9.647950e+10,7.174960e-10,1.000000e+00
3.204532e+06,1.636797e-10,1.399581e+00
1.624560e+11,1.481130e-05,1.000004e+00
3.620634e+08,4.383714e-08,9.980751e-01
4.830090e+00,1.930364e-16,2.095958e-10
1.743711e+01,9.223089e-16,1.083467e-09
3.144836e+04,1.769291e-12,4.865902e-05
5.002284e+03,2.337298e-13,1.558115e-05
1.410501e+06,3.036001e-10,8.964136e-01
1.120767e+07,1.356237e-09,8.896150e-01
6.506142e+01,1.316448e-15,8.614228e-10
5.048060e+09,2.670064e-07,9.998842e-01
1.487020e+09,1.769347e-07,1.000003e+00
1.089525e+11,2.536541e-07,9.744260e-01
1.286592e+02,7.079757e-15,9.104829e-09
3.581186e+02,4.677122e-14,2.609867e-07
1.812602e+05,3.999949e-12,6.849475e-04
7.300783e+02,7.591547e-14,6.461056e-07
2.265727e+03,1.735194e-13,8.957567e-07
1.168274e+05,1.454508e-11,1.138979e-02
8.625955e+03,3.036412e-13,1.233433e-04
6.502218e+02,1.545371e-14,6.712141e-07
4.470683e+03,3.576902e-13,6.221462e-05
5.775631e+06,3.054454e-11,7.093906e-01
9.920657e+09,2.161206e-06,9.954683e-01
9.568368e+04,4.687303e-13,3.252679e-03
9.590685e+10,3.951419e-06,1.000004e+00
2.602479e+02,1.727051e-14,8.557758e-08
4.050877e+02,7.031232e-15,3.169142e-07
4.935793e+09,5.909445e-08,9.992314e-01
2.397818e+03,1.702432e-13,3.189866e-06
1.606938e+05,9.387655e-12,2.612617e+00
2.287646e+01,1.099754e-15,9.446897e-10
1.059702e+05,5.314559e-12,8.261824e-03
5.943539e+04,2.746101e-12,7.171778e-03
4.885105e+01,4.281928e-15,3.373303e-09
6.691236e+05,2.619947e-11,1.637695e+00
1.338169e+06,3.040797e-10,7.597934e+00
2.034443e+04,1.476453e-12,4.277576e-05
7.632373e+02,5.301895e-14,2.062339e-08
6.758880e+04,8.075288e-13,1.555444e-02
4.593355e+04,3.223796e-12,3.021133e-03
1.298762e+05,4.435468e-11,4.076056e-01
3.531963e+04,4.045198e-13,1.839273e-03
7.653415e+03,4.630687e-13,2.351074e-04
3.066921e+06,1.022882e-09,8.635219e-01
3.676215e+10,1.254231e-06,9.999695e-01
6.720998e+02,4.093369e-14,3.499322e-06
9.603713e+01,1.681414e-15,1.267061e-08
1.798423e+04,2.029877e-12,4.082298e-04
3.519796e+09,2.354260e-07,1.000014e+00
3.123186e+06,3.513757e-11,9.183523e-01
1.027294e+07,3.189288e-10,1.087961e+00
3.064157e+04,1.924570e-13,1.749422e-03
2.388702e+03,1.220605e-13,4.755503e-06
1.412498e+11,1.546934e-06,6.657846e-01
1.942954e+02,4.045902e-14,3.948844e-07
1.887412e+08,3.818820e-09,9.856969e-01
1.162463e+01,2.167170e-15,8.410477e-10
4.991336e+05,3.371581e-12,7.469531e-02
1.878854e+07,1.937909e-09,9.787338e-01
1.108033e+03,5.920847e-14,1.753287e-05
3.114231e+03,1.635693e-14,1.862713e-05
1.341269e+04,1.369168e-12,1.945446e-04
1.071926e+03,2.244744e-14,1.535523e-06
6.276275e+01,2.129782e-14,1.311744e-08
3.462046e+06,1.863617e-10,8.890465e-01
1.770009e+10,2.292400e-08,9.998708e-01
1.842634e+04,8.066884e-13,1.701625e-03
1.257785e+02,4.155001e-15,1.918010e-08
7.996263e+02,3.029030e-14,1.162488e-06
1.931148e+04,1.945490e-12,3.341250e-04
1.254073e+10,4.007312e-08,9.994679e-01
3.547263e+03,1.172281e-13,1.121528e-07
2.501125e+11,2.420517e-07,9.999750e-01
4.514739e+02,1.846131e-14,5.413337e-09
6.988621e+03,2.238244e-12,6.351637e-05
1.632230e+03,1.799869e-14,3.585938e-06
4.448658e+02,4.816930e-15,1.859724e-08
2.414935e+03,1.344111e-12,3.150220e-05
1.252464e+06,2.635199e-10,1.284760e+00
1.472962e+01,4.911888e-17,6.116228e-10
9.528276e+06,1.643228e-09,1.001065e+00
4.113248e+06,3.930556e-10,8.843635e-01
7.137633e+00,2.085207e-16,5.282643e-11
4.700847e+07,2.190555e-10,5.614655e-01
1.266340e+06,8.407391e-11,5.980678e-01
3.128578e+04,1.988005e-12,1.973923e-03
1.686348e+06,2.623120e-11,9.563040e-01
1.316874e+10,1.401265e-11,1.000066e+00
4.845199e+01,1.566475e-15,2.693291e-09
2.185018e+06,5.575314e-11,9.458397e-01
9.520756e+01,4.713212e-15,1.530546e-08
7.116085e+12,3.678548e-04,1.000000e+00
2.381684e+03,2.147569e-13,1.063444e-05
1.313078e+10,1.300416e-17,1.000009e+00
6.108793e+10,5.010373e-07,1.000039e+00
3.059529e+03,3.836995e-13,2.741796e-05
3.043424e+03,2.921436e-13,5.105690e-05
1.063198e+05,6.260530e-13,1.960465e-02
1.551673e+05,1.194482e-11,5.689804e-02
7.047946e+01,2.257788e-15,3.500817e-09
9.924626e+05,7.538776e-12,5.718904e+00
5.876777e+01,1.045941e-15,2.526758e-09
1.278032e+06,4.399083e-11,1.363444e+00
7.046892e+05,4.041724e-12,4.723066e+00
2.354106e+12,1.652722e-04,1.000000e+00
2.053879e+10,8.813789e-09,1.000018e+00
2.689092e+04,2.144489e-13,3.831478e-04
2.882949e+02,2.910114e-15,1.751942e-07
5.852001e+05,2.817447e-11,4.751558e-02
1.598706e+04,4.677236e-13,3.854249e-04
2.489995e+05,1.430902e-11,6.053459e-03
1.989143e+04,9.925933e-13,9.875577e-05
3.518672e+06,3.651849e-11,2.841827e+00
1.589978e+04,2.555549e-13,9.765136e-04
4.793206e+06,8.431587e-10,1.775471e+00
2.660037e+04,2.613187e-11,8.564296e-03
1.284421e+05,4.500313e-12,3.320187e-02
7.140028e+04,6.118920e-12,2.549438e-02
1.685638e+10,1.461222e-06,9.999640e-01
2.171630e+10,2.713630e-08,1.000015e+00
1.139241e+10,8.948259e-07,9.999576e-01
5.077695e+09,8.952550e-07,9.999565e-01
8.568532e+07,7.979965e-10,1.009781e+00
1.467741e+05,9.252520e-13,1.820582e-03
2.573814e+05,2.264133e-12,4.737634e-02
1.615374e+10,1.895932e-07,9.997800e-01
3.675156e+09,2.119638e-07,9.998540e-01
5.457498e+01,2.968066e-16,2.256688e-10
1.101233e+03,9.136000e-15,2.165713e-06
2.218985e+05,1.231031e-11,9.200146e+00
2.260141e+02,7.616176e-15,9.384260e-08
1.733571e+01,4.315053e-16,8.226669e-11
7.800431e+02,9.232722e-14,1.237705e-06
4.658627e+04,3.722034e-12,2.889432e-03
1.715043e+07,8.079131e-11,1.288926e+00
1.063050e+11,1.030841e-07,9.999724e-01
3.823257e+09,1.498023e-08,1.000046e+00
3.940669e+05,5.957745e-12,5.901384e+00
4.489804e+01,2.949162e-15,2.193691e-09
3.529905e+03,1.965260e-13,4.005350e-07
1.442007e+09,3.413602e-09,9.998629e-01
4.696827e+04,2.383969e-12,3.180032e-03
5.874337e+10,2.117903e-06,1.000023e+00
5.091439e+05,2.841332e-11,6.581281e+00
1.214539e+04,6.565865e-14,2.824564e-04
1.537730e+03,2.387836e-14,4.141979e-06
2.644631e+05,9.645306e-12,1.063771e-01
1.552105e+04,2.442628e-12,4.388216e-04
2.592394e+01,1.009760e-15,1.971646e-09
1.728012e+02,3.996095e-15,9.155854e-10
3.107025e+06,1.207770e-10,1.005706e+00
3.714670e+05,9.482955e-12,3.523875e+00
7.468814e+09,3.162798e-08,9.999567e-01
6.204867e+04,5.006409e-12,6.230423e-03
5.837678e+06,7.693307e-10,9.204016e-01
6.767784e+02,4.898470e-14,7.852152e-08
2.669371e+03,4.423826e-15,1.370151e-05
1.935821e+05,2.321409e-11,6.902274e-01
3.095757e+10,5.989937e-07,1.000648e+00
1.967911e+09,1.990505e-07,9.872437e-01
3.005947e+04,2.420716e-12,3.405765e-03
6.117082e+05,5.545414e-11,7.802653e-01
3.604603e+05,1.489609e-11,2.750475e+00
5.367026e+06,1.725784e-10,9.531933e-01
2.115260e+04,7.328988e-13,7.891492e-03
7.305728e+01,1.890032e-15,1.803112e-09
1.607022e+06,3.840872e-11,1.355100e-01
5.559968e+05,9.401002e-12,9.058255e-01
5.167766e+07,1.740722e-09,9.930691e-01
1.490788e+06,1.195349e-11,1.042000e+00
1.309786e+04,4.824241e-14,2.890429e-04
1.570241e+03,8.784592e-15,3.015115e-05
1.200769e+06,2.071799e-11,5.190243e-01
3.216776e+07,3.839859e-10,9.403225e-01
4.303027e+02,1.540702e-15,3.760981e-08
3.397573e+04,2.007527e-12,1.697692e-03
6.284089e+01,1.603380e-15,6.690094e-09
8.413397e+05,8.046141e-11,9.105214e-01
9.468459e+05,4.796534e-11,8.951956e-01
4.253260e+02,7.554543e-15,5.313070e-07
3.949875e+02,1.859090e-15,2.602095e-07
1.625951e+12,1.446151e-04,1.000000e+00
2.732231e+08,1.116041e-08,1.613858e+00
2.534144e+04,3.070951e-12,1.471936e-06
5.175804e+04,3.135683e-13,5.791644e-04
7.927391e+11,3.898793e-07,1.000000e+00
2.468833e+09,2.026261e-07,1.000144e+00
2.260067e+03,1.937629e-13,9.613950e-06
1.707197e+06,6.352026e-11,3.987829e-01
1.727647e+07,7.523113e-10,9.508464e-01
1.150962e+03,4.345802e-13,1.453461e-05
5.676321e+01,1.049668e-15,1.274440e-08
1.143207e+06,2.510816e-12,1.118837e+00
2.426275e+02,1.929264e-14,4.543688e-08
4.798085e+11,6.972504e-06,9.999998e-01
1.803707e+10,3.941176e-07,1.000009e+00
8.023884e+03,2.992278e-13,3.080539e-05
8.670977e+01,5.631387e-15,9.604429e-09
1.315138e+05,3.244639e-12,3.608650e-03
2.447752e+02,7.269454e-15,1.116894e-07
1.161667e+02,1.565540e-14,2.961620e-08
2.363555e+05,2.456539e-11,1.035197e-01
2.436660e+03,2.193172e-13,2.647039e-05
3.290428e+06,3.379420e-11,1.373975e+00
3.867786e+03,5.238550e-13,2.446336e-06
3.072987e+06,4.406439e-11,5.416204e+00
6.646591e+09,2.054849e-06,1.000052e+00
1.412465e+12,8.260373e-09,1.000000e+00
8.877137e+01,1.110313e-15,8.438695e-09
1.770161e+06,2.606751e-11,1.343199e+00
7.291008e+04,7.600544e-13,3.963888e-04
4.339680e+03,1.272258e-14,3.655107e-05
3.742616e+12,1.319514e-06,6.691096e-01
1.160484e+02,1.865131e-14,2.667366e-08
6.761015e+01,3.919819e-15,1.157508e-08
7.794762e+03,2.001428e-14,1.082432e-04
2.214534e+12,1.946979e-04,1.000000e+00
2.900782e+04,3.127083e-13,1.688042e-03
8.534371e+02,9.259381e-14,1.402018e-06
2.318948e+10,1.465925e-05,1.000004e+00
3.630818e+06,3.857173e-10,9.261703e-01
5.172758e+01,4.603989e-15,7.228579e-09
7.188845e+02,1.441648e-14,6.660793e-07
7.515712e+06,2.441670e-10,1.239769e+00
7.210514e+03,2.399778e-14,8.622578e-05
3.844364e+05,4.919078e-12,3.281813e-01
1.151604e+06,3.585894e-11,9.605333e-01
8.004503e+04,7.046324e-12,8.832519e-02
1.227439e+10,1.421986e-06,9.999678e-01
1.055989e+05,1.822913e-12,6.084692e-01
9.967195e+04,6.619444e-12,2.150203e-02
7.652512e+04,4.261322e-12,4.210464e-02
1.737517e+04,1.334476e-12,3.452539e-04
1.278775e+05,3.233347e-11,3.303797e-01
2.519114e+05,7.087428e-12,5.607949e-01
3.796689e+02,2.302468e-14,2.670929e-07
2.987473e+11,3.577358e-05,1.000000e+00
6.068896e+10,8.461251e-06,1.000000e+00
7.131776e+02,4.091240e-14,1.134696e-06
4.564389e+05,8.729241e-11,1.008533e+00
2.504022e+03,2.885166e-14,1.229583e-05
4.155459e+04,4.231294e-13,3.601409e-03
8.746461e+10,1.805110e-06,1.487977e+00
4.489692e+05,4.655139e-11,7.394802e-01
3.957785e+09,5.425022e-07,9.999998e-01
9.100897e+03,4.075945e-13,2.331213e-04
1.315941e+10,3.548573e-07,1.000408e+00
1.020402e+11,3.908457e-06,9.998880e-01
2.572922e+10,1.532690e-08,9.999073e-01
6.173524e+01,1.080569e-14,8.795829e-09
2.390966e+05,5.352714e-11,1.169452e-01
1.129622e+02,9.529147e-15,4.497403e-09
7.886131e+05,1.172457e-10,5.853708e-01
1.386393e+04,1.874328e-12,3.814892e-04
4.956138e+09,5.382035e-17,1.000225e+00
8.148668e+04,1.414388e-11,4.840986e-02
4.158478e+04,3.457169e-13,3.502711e-03
1.245811e+06,2.216341e-10,1.100567e+00
2.726864e+01,1.103571e-15,5.283562e-10
1.495917e+03,1.311989e-14,4.481333e-06
4.130490e+05,4.739009e-12,5.879211e-02
9.595370e+05,4.284891e-11,7.929572e-01
1.428530e+06,7.642048e-11,1.200325e+02
4.536425e+01,5.549988e-15,7.770364e-09
1.097366e+05,2.787697e-12,2.124266e-02
5.076576e+04,9.998263e-12,1.914866e-02
3.486627e+06,6.749405e-11,5.157260e+00
1.581472e+03,6.500630e-14,2.562548e-06
4.120382e+02,3.776507e-14,2.176880e-07
5.027010e+09,3.374041e-10,9.999487e-01
1.403048e+04,9.710486e-13,3.117613e-03
1.536479e+03,2.459198e-14,4.770213e-06
3.230920e+10,3.611985e-07,9.999879e-01
2.550491e+04,4.569590e-13,3.604724e-04
5.729371e+06,1.366852e-10,1.613011e+00
9.042840e+01,5.425268e-15,1.496126e-08
1.597873e+06,1.932700e-10,7.846335e-01
2.161588e+07,9.790000e-10,8.054382e-01
1.289667e+03,3.913369e-14,4.445740e-06
4.239120e+06,7.381436e-11,2.140680e+00
2.849029e+04,3.740129e-12,2.229650e-03
4.157628e+02,5.658664e-14,1.091082e-07
1.112283e+02,2.283388e-14,6.828494e-08
4.136216e+07,2.969490e-10,9.946293e-01
6.017000e+05,1.187672e-11,9.276172e-01
1.074224e+10,9.129293e-08,9.998330e-01
1.854878e+02,1.262607e-14,1.103951e-07
1.688927e+06,2.156883e-10,8.179100e-01
5.622349e+04,4.996508e-12,5.141544e-03
1.703364e+03,8.192688e-14,3.594376e-06
2.265479e+04,8.634081e-13,5.134311e-06
3.509822e+06,1.566502e-10,8.400298e-01
2.763178e+03,4.044758e-13,1.741245e-05
3.622418e+06,8.141129e-11,4.840241e-01
4.509795e+09,4.546573e-07,9.999899e-01
1.320460e+05,1.793621e-11,3.910528e-05
2.021316e+05,4.126757e-12,4.184542e+01
5.165366e+05,1.798906e-11,1.508288e-02
6.055616e+05,2.330321e-11,3.847234e-01
2.445441e+03,2.572508e-13,3.327140e-05
9.770490e+00,1.704350e-16,4.867227e-10
1.810027e+03,4.767514e-14,4.244522e-06
9.485191e+01,5.954037e-15,1.185567e-08
2.790739e+07,2.249308e-09,9.970970e-01
6.738838e+13,5.249303e-07,1.000000e+00
1.829731e+01,1.195438e-15,1.194490e-09
4.100055e+04,1.876828e-14,2.398205e-03
6.073507e+02,6.791153e-14,5.976063e-07
1.085701e+13,1.760952e-04,1.000000e+00
1.336042e+10,2.632342e-06,1.093687e+00
1.240044e+05,9.435707e-12,6.041753e-01
2.694355e+04,1.586423e-12,8.889709e-03
1.237383e+10,1.637315e-11,1.000078e+00
1.702812e+10,6.527038e-06,8.994737e-01
6.066517e+00,3.478147e-16,1.002737e-08
9.685116e+02,2.102616e-14,8.240918e-07
2.653204e+02,4.451792e-14,4.743151e-07
6.378147e+09,3.959348e-07,9.997730e-01
1.237482e+07,1.547756e-10,1.298905e+00
8.789471e+03,2.659795e-12,3.508802e-04
1.346144e+10,1.283750e-06,9.999780e-01
8.725713e+01,8.775521e-15,1.583068e-09
9.746185e+07,1.289485e-09,9.807708e-01
1.644746e+01,5.025949e-16,4.364514e-10
5.291277e+04,2.310143e-12,5.335682e-03
3.806272e+02,5.184128e-15,1.230137e-07
2.925217e+05,4.674268e-11,1.717150e-02
4.626005e+06,1.056952e-09,9.415158e-01
8.210587e+06,2.342102e-10,9.556242e-01
9.523087e+03,1.753895e-12,6.542212e-04
7.556960e+12,5.402485e-04,1.000000e+00
1.092323e+05,4.175065e-13,2.568811e-02
2.184759e+11,8.733663e-07,1.000051e+00
6.715262e+05,1.608669e-11,7.999047e-02
8.047509e+10,6.540335e-07,1.000010e+00
7.118145e+03,4.511514e-14,9.073878e-05
4.166947e+03,7.346894e-13,3.483705e-05
2.192105e+11,1.059301e-05,1.000000e+00
2.788698e+05,1.100890e-11,5.368880e-01
5.761913e+03,8.642544e-13,6.129480e-05
2.620465e+04,4.548829e-13,3.019610e-05
3.864701e+02,4.479212e-14,3.863352e-07
1.494503e+11,1.785707e-05,1.000001e+00
5.578107e+10,2.660621e-06,1.000010e+00
1.786136e+02,3.649519e-15,6.529850e-09
3.613413e+10,7.751639e-06,1.000002e+00
1.217102e+05,6.913705e-12,1.561808e-01
6.655241e+07,7.238905e-10,1.041958e+00
2.120997e+11,1.243971e-05,1.000003e+00
4.285262e+03,5.165922e-14,3.645481e-05
1.573802e+11,4.367896e-07,9.999606e-01
7.750477e+04,4.052395e-12,5.135017e-02
2.036931e+03,1.587190e-14,8.850615e-09
1.405572e+04,9.064156e-13,2.307115e-03
2.034149e+09,4.970089e-08,9.999259e-01
1.535262e+07,7.928419e-11,8.568587e-01
2.136002e+05,2.195232e-11,2.974901e-01
1.267234e+07,1.252985e-09,1.163183e+00
7.535965e+05,5.241978e-11,9.514814e-01
2.561050e+05,2.894555e-11,7.744175e-01
9.184020e+06,7.376283e-11,1.484997e+00
4.513673e+02,6.816566e-14,2.364874e-07
3.165112e+06,1.751086e-10,9.795903e-01
2.920503e+02,1.153330e-14,1.555312e-09
7.244860e+02,2.109968e-14,2.858002e-07
1.405413e+03,4.842497e-14,5.636335e-07
6.872659e+04,5.887513e-13,9.650846e-03
4.251485e+07,2.686439e-11,1.139909e+00
2.195680e+03,1.531209e-14,4.243005e-07
9.499345e+05,3.821824e-11,2.303698e-01
2.217406e+04,3.429008e-13,8.199581e-04
2.702445e+01,1.535226e-15,1.166734e-09
1.248964e+10,1.725140e-06,2.974709e-01
9.578572e+00,1.436821e-15,3.503849e-10
1.244396e+01,1.300544e-15,2.633922e-10
3.384199e+04,1.243356e-12,5.329740e-04
5.503917e+01,3.653104e-15,7.721168e-10
1.939702e+02,1.565651e-15,3.117051e-08
1.472882e+05,2.094592e-12,7.351987e-01
1.516392e+04,3.058594e-13,2.683412e-05
5.003018e+03,1.364857e-13,4.197965e-04
3.202705e+05,8.168918e-11,9.382344e-01
1.435470e+06,6.391501e-11,9.810553e-01
6.810959e+03,6.717184e-14,9.228048e-05
1.384777e+03,2.122661e-13,5.686779e-06
5.738464e+09,5.186693e-07,1.322920e-01
2.162850e+06,6.866239e-11,4.938145e-01
9.293559e+04,2.689150e-12,9.843473e-04
7.349152e+02,1.032489e-14,1.118578e-06
3.732291e+06,3.880987e-10,1.188254e+00
2.157696e+12,2.482490e-06,1.000000e+00
2.560235e+01,3.207878e-15,1.027956e-09
2.810772e+04,9.159544e-13,1.515044e-03
6.489390e+05,6.584542e-12,9.740614e-01
8.119287e+04,3.975207e-12,4.506843e-02
1.347456e+03,9.331295e-13,2.136809e-05
2.084060e+02,1.260858e-14,7.891010e-08
6.765384e+00,4.641654e-16,2.139881e-10
1.409396e+04,5.533857e-13,7.641809e-04
7.122186e+02,5.343539e-14,9.948996e-07
4.687296e+06,8.608223e-11,9.426704e-01
2.445115e+04,1.059776e-13,1.093873e-03
1.086743e+03,1.981045e-13,9.940739e-06
5.387486e+03,3.906819e-14,3.472644e-05
2.726999e+03,1.967352e-13,7.152343e-06
5.922384e+04,7.775705e-13,6.198263e-03
1.255378e+04,1.855268e-13,3.070115e-04
3.944809e+01,2.936197e-15,3.427625e-10
7.624065e+03,1.428684e-13,7.431317e-05
2.685047e+10,6.095468e-09,9.999749e-01
1.080346e+05,8.375903e-12,1.707562e-02
4.330607e+05,9.396128e-12,9.519524e-01
1.668638e+03,7.211245e-14,4.982543e-06
1.146923e+04,2.632195e-12,6.166905e-04
1.771463e+11,9.791730e-06,1.000002e+00
1.711531e+04,2.851760e-12,5.131952e-04
1.144105e+06,9.306639e-11,8.764832e-01
2.858504e+03,2.449439e-13,1.419270e-05
1.302729e+11,3.950495e-06,9.999672e-01
1.790138e+03,3.557047e-14,7.608924e-07
5.463685e+00,7.844314e-16,2.743325e-11
1.589637e+12,5.719545e-09,1.000000e+00
7.607111e+04,9.191583e-12,5.592748e-03
3.923974e+04,7.283010e-13,2.956008e-03
2.671623e+06,2.130058e-10,6.734292e-01
1.215215e+03,1.860310e-14,5.737178e-08
3.983016e+04,4.710639e-13,6.960973e-04
9.301943e+06,1.383982e-10,1.152003e+00
5.542776e+10,1.608863e-06,9.999308e-01
6.407076e+05,2.584797e-11,3.094860e+00
1.654922e+07,5.196850e-11,9.930509e-01
1.168605e+06,1.275570e-11,4.679248e-01
1.109404e+11,4.325597e-19,9.999998e-01
3.286612e+04,4.008034e-13,9.883310e-04
4.322773e+01,2.369116e-15,8.266554e-09
4.771257e+06,1.195298e-10,2.116729e+01
8.064854e+02,3.567958e-14,8.154688e-08
1.017312e+04,4.243023e-13,2.029053e-04
8.887033e+06,1.040095e-10,8.383946e-01
1.462130e+05,6.499323e-13,4.775146e-03
1.236851e+03,1.157606e-13,8.454636e-07
1.857052e+05,1.278143e-12,8.245107e-02
7.841614e+05,5.287132e-11,2.956822e-02
4.825653e+03,2.821333e-13,4.529119e-05
1.849347e+04,8.466669e-13,5.317290e-04
2.662549e+02,1.055134e-14,2.471246e-09
2.144812e+01,1.963269e-15,4.256964e-10
3.616894e+11,6.957490e-05,1.000000e+00
9.104383e+02,1.041678e-13,1.527127e-06
2.727238e+09,1.957450e-08,9.999772e-01
3.952696e+09,1.121992e-07,1.000170e+00
3.477878e+02,3.049771e-15,2.484967e-07
1.322465e+12,1.263460e-05,5.740504e-01
3.951330e+01,8.080952e-15,4.303114e-09
4.746495e+04,4.087200e-13,6.282420e-06
3.838311e+03,8.827159e-13,8.523856e-05
9.660430e+03,1.507515e-12,2.484275e-04
5.394369e+04,2.014951e-12,2.939729e-02
4.373560e+02,4.874072e-14,4.032041e-07
8.851300e+04,8.412512e-12,1.195520e-04
2.233256e+02,2.374933e-14,2.459464e-07
5.927403e+03,3.366412e-13,2.619624e-05
6.476176e+03,4.373911e-13,2.057782e-04
5.329694e+05,2.887042e-11,7.307318e-01
6.621450e+01,2.711687e-15,4.610406e-10
3.970784e+03,5.856013e-14,3.150369e-05
2.976188e+02,6.447644e-15,1.500754e-07
4.496900e+05,4.065358e-11,5.850943e-02
6.008520e+03,2.938769e-14,1.784991e-05
4.285303e+07,8.883571e-10,9.506647e-01
9.290195e+04,6.431327e-12,1.767233e-02
6.662921e+03,3.323373e-13,6.201759e-05
9.199994e+09,9.826147e-07,3.356667e+00
6.254137e+10,1.040085e-06,1.000003e+00
2.150888e+04,1.233550e-12,6.277760e-04
3.720024e+05,1.074133e-10,6.451553e-01
8.156760e+05,1.086701e-10,3.502486e+01
1.623665e+07,7.793210e-10,4.808933e+00
3.395742e+05,1.432010e-11,5.551114e-03
2.017125e+02,4.711305e-14,3.362741e-07
7.179765e+03,1.211200e-12,4.070340e-04
2.730636e+09,3.381655e-08,9.986518e-01
2.101533e+05,3.787056e-12,6.538076e-02
2.396474e+04,6.770223e-13,1.087611e-03
1.316161e+02,1.254074e-14,1.790335e-08
1.177168e+10,8.020275e-07,9.999742e-01
3.341144e+12,1.776510e-06,1.000000e+00
3.182909e+11,1.168142e-06,9.999997e-01
1.724454e+05,1.639861e-11,8.461145e-02
4.486935e+08,1.800732e-07,9.999135e-01
2.996570e+03,3.982294e-14,2.301840e-05
3.077620e+04,1.621542e-12,5.916144e-03
2.001816e+11,2.485132e-06,1.000002e+00
8.181381e+03,5.519309e-13,1.057371e-03
1.367087e+01,2.708150e-16,2.094782e-09
1.222583e+03,1.153382e-14,2.912310e-06
2.544388e+07,6.592163e-10,9.935238e-01
1.300270e+10,1.124330e-06,9.999534e-01
3.423339e+02,4.900066e-15,6.495805e-09
6.571071e+04,3.754480e-12,7.643707e-03
4.282200e+04,4.393681e-13,3.708701e-03
1.645256e+05,1.520437e-11,9.474110e-02
5.121341e+10,1.428673e-05,9.999999e-01
8.194853e+01,1.123615e-14,4.358591e-10
2.750379e+03,3.260579e-13,1.505177e-05
4.638727e+04,7.965212e-13,1.895188e-03
9.129742e+05,1.504889e-10,1.063205e+00
2.110463e+05,3.855986e-11,2.309717e-04
6.846735e+10,1.183042e-05,1.145848e+00
4.314522e+05,2.739346e-11,1.636038e+02
1.356897e+06,2.719336e-11,2.979372e-02
4.214741e+12,3.490296e-04,1.000000e+00
3.153975e+06,1.119866e-11,8.668988e-01
6.886827e+02,3.972771e-14,2.331617e-07
1.041162e+07,9.509862e-10,9.842089e-01
4.805883e+10,6.530606e-08,9.999800e-01
1.324194e+05,1.772195e-12,3.131648e-02
1.107659e+11,1.096166e-05,1.000014e+00
1.270217e+04,6.862439e-13,3.196520e-04
4.141024e+05,9.410407e-12,8.607088e-01
1.933260e+01,2.246698e-15,4.173338e-10
6.947126e+02,1.372832e-13,3.410604e-06
1.610723e+03,5.538080e-14,8.283106e-07
4.693690e+06,9.520298e-11,9.821596e-01
1.888416e+10,2.400307e-06,1.000012e+00
3.104295e+06,2.904338e-10,8.685230e-01
1.886366e+03,1.306494e-13,6.623036e-06
2.628956e+04,8.456879e-12,4.890155e-03
4.050673e+05,1.606666e-11,1.666884e+00
5.612518e+03,3.635251e-13,6.031623e-05
3.540942e+07,2.146556e-09,9.962275e-01
4.750332e+11,5.165229e-05,1.000000e+00
3.296878e+05,4.666016e-12,2.280371e-01
1.323201e+02,2.103066e-14,1.102476e-08
1.944620e+01,3.884973e-15,8.529559e-10
2.587634e+07,1.343074e-09,9.594049e-01
8.905577e+03,7.826045e-13,1.197342e-04
1.120469e+04,2.181463e-13,2.485986e-04
2.416419e+02,3.912738e-14,1.694498e-07
4.093170e+04,1.400128e-12,1.693990e-03
8.000575e+04,8.776106e-13,3.791935e-03
2.857729e+05,2.122664e-11,2.576549e+00
1.975347e+05,7.380866e-12,6.289096e-03
1.421092e+04,2.102848e-12,1.544152e-03
2.326972e+04,6.971593e-13,9.411203e-04
6.034425e+06,2.664771e-10,8.070448e-01
3.973761e+02,4.496444e-14,4.122581e-07
2.194663e+05,3.529209e-12,1.546664e-02
2.912573e+03,3.631103e-13,8.634011e-06
1.727912e+03,8.634380e-14,4.877497e-07
3.161626e+06,1.313909e-10,9.014659e-01
2.511218e+03,4.974233e-14,1.272874e-05
2.832591e+06,1.234195e-10,7.982787e-01
3.665933e+03,2.895567e-14,2.256612e-05
1.908367e+02,1.390342e-14,5.026635e-08
6.567738e+04,3.008485e-12,8.478202e-03
4.517301e+06,4.638805e-10,9.510122e-01
5.074584e+01,6.453412e-16,6.671341e-10
4.773216e+05,1.351615e-12,2.225347e-01
1.489137e+06,1.970760e-10,1.094077e+00
2.000393e+07,7.657112e-10,9.535673e-01
3.438558e+05,4.401059e-11,6.961232e-04
5.476936e+04,3.098606e-12,6.123556e-03
2.187502e+03,2.373584e-14,9.331842e-06
3.661093e+06,6.186678e-11,1.018793e+00
1.033325e+05,4.742767e-12,7.126118e-02
8.575491e+02,1.100146e-14,8.909827e-07
3.786228e+06,1.656580e-10,9.753181e-01
3.811914e+05,4.058166e-12,1.378888e+00
1.016314e+11,3.110519e-07,8.951594e-01
9.326850e+02,1.889262e-13,1.096014e-05
7.730553e+09,6.775719e-07,1.000005e+00
2.224161e+02,8.179629e-15,1.220971e-07
4.441285e+02,4.892209e-14,1.060551e-07
1.929542e+04,4.160607e-13,7.349093e-04
4.574537e+05,2.685116e-11,5.057208e-02
1.015311e+07,9.152584e-11,1.078626e+00
1.664179e+06,7.676143e-11,5.201123e+00
6.408161e+05,1.607498e-11,5.307439e-01
2.943121e+03,7.660440e-14,8.566412e-06
1.683802e+03,1.377954e-14,1.958074e-06
2.001175e+05,4.684003e-12,1.161616e-01
4.154488e+06,2.058103e-10,9.644663e-01
1.580834e+06,7.750628e-11,9.987098e-01
8.067834e+06,2.815204e-10,9.265797e-01
6.707883e+06,3.334495e-10,1.017943e+00
4.237187e+10,1.041526e-05,1.000002e+00
2.693525e+07,8.737119e-10,1.079520e+00
2.902367e+07,2.011449e-09,1.038826e+00
1.480941e+03,1.145926e-14,3.583551e-06
2.776476e+06,3.581529e-11,1.853849e+00
2.115380e+09,3.278998e-08,9.997804e-01
6.052222e+07,2.352070e-09,9.845350e-01
2.928012e+01,1.784749e-14,6.514776e-09
6.399606e+03,9.265336e-14,5.500861e-05
2.873318e+02,3.184911e-15,8.429468e-08
2.020573e+02,5.742791e-14,1.831587e-07
2.052270e+02,3.858130e-14,1.621083e-07
1.658601e+03,1.316228e-13,2.877239e-07
3.597282e+04,2.132594e-12,5.561382e-03
1.081883e+02,3.683367e-15,2.078993e-08
1.130561e+05,9.693377e-13,1.216628e-01
3.921985e+03,3.052213e-13,2.948011e-05
1.180889e+03,9.103048e-15,4.197486e-07
1.121844e+13,9.292440e-05,1.000000e+00
1.757759e+12,6.060011e-08,1.000000e+00
3.572064e+03,3.649952e-14,2.363471e-05
3.559167e+02,3.092476e-15,1.119392e-07
2.116543e+11,1.324688e-06,9.999652e-01
9.901724e+05,9.833756e-11,1.169782e+00
6.789591e+10,7.502788e-06,1.000001e+00
4.117658e+11,1.935538e-06,1.000000e+00
1.422447e+07,1.509887e-09,9.770331e-01
1.153980e+05,2.985427e-12,9.275423e-02
2.756976e+08,7.501613e-07,9.986570e-01
8.665681e+10,4.784552e-06,1.000002e+00
2.376319e+06,6.229366e-11,1.263143e+01
1.567021e+06,1.129160e-10,1.935232e+00
2.993471e+02,1.202572e-14,1.754995e-07
1.102767e+05,8.831967e-12,1.876219e+00
1.351235e+04,5.362186e-13,5.240733e-05
1.479562e+01,1.495668e-15,3.063113e-10
1.379953e+05,3.841659e-12,2.680224e-02
4.134583e+06,4.259652e-11,1.723026e+00
1.435570e+06,1.041768e-11,6.273438e-01
3.448359e+05,3.756823e-12,4.966182e+00
1.698601e+07,3.893375e-10,9.470384e-01
7.060990e+06,1.981421e-10,8.882534e-01
1.207437e+04,1.559094e-12,9.447730e-04
1.794566e+07,6.947092e-10,9.679279e-01
4.700800e+03,6.634576e-14,3.531600e-05
1.270099e+05,5.111223e-12,2.203142e-03
1.153135e+02,1.906881e-16,3.669387e-08
1.975033e+02,4.622300e-15,6.786338e-08
2.431473e+06,1.928380e-11,9.929611e-01
6.551237e+04,2.527444e-12,2.598323e-03
4.041440e+03,6.729066e-13,5.513434e-05
2.218605e+09,2.736632e-19,9.999889e-01
3.847266e+05,9.930337e-12,2.684493e-02
2.432240e+09,1.207068e-10,1.000276e+00
1.142882e+06,1.993681e-11,6.518279e-01
3.972026e+06,1.713066e-10,7.670099e-01
7.520336e+10,1.928358e-16,1.000045e+00
2.005220e+07,1.011012e-09,1.946962e-01
8.152130e+01,7.342837e-15,4.343437e-09
4.734281e+04,2.011511e-12,1.630287e-04
8.317957e+05,1.278171e-10,9.205382e-01
7.974486e+05,1.422801e-10,4.018127e-03
4.588664e+07,3.571425e-10,9.542245e-01
9.172406e+05,3.128032e-10,9.749565e-01
6.838558e+06,4.951179e-11,8.321881e-01
1.902429e+03,2.012791e-14,4.579790e-06
2.504178e+00,1.961591e-16,1.397781e-10
2.717641e+06,3.384258e-10,1.017399e+00
2.018849e+01,6.142208e-16,5.955919e-10
7.752103e+06,6.052511e-10,1.092891e+00
1.027254e+04,1.953679e-13,1.199994e-04
4.908473e+00,2.665209e-17,6.838885e-11
1.542705e+02,3.878666e-14,5.353316e-08
1.828446e+04,1.241657e-12,2.076924e-06
7.738302e+03,4.418572e-13,1.879888e-05
1.219144e+11,9.375635e-07,1.000011e+00
1.277026e+02,9.629249e-16,4.536612e-10
1.494927e+07,5.148347e-10,9.954026e-01
1.054924e+04,2.211982e-12,1.140991e-03
4.171062e+03,7.657420e-13,3.413356e-05
3.955019e+05,2.187258e-10,7.603621e-01
6.617938e+04,3.423031e-12,7.217101e-03
2.845961e+02,3.899074e-15,1.016697e-07
1.311136e+09,2.761031e-07,9.998531e-01
3.996761e+07,7.461368e-10,9.915037e-01
4.779979e+07,4.567133e-10,7.750017e-01
1.187306e+03,2.494974e-14,1.662185e-06
2.598137e+04,4.330481e-14,1.084836e-03
1.240753e+03,7.733187e-14,2.818938e-07
5.323470e+01,7.231432e-16,5.829671e-09
8.023845e+03,2.324457e-14,8.828752e-05
4.062570e+06,1.105927e-10,8.069513e-01
7.030838e+10,4.862749e-06,1.000001e+00
1.238266e+10,1.137830e-06,2.165150e-01
8.647758e+03,1.683958e-13,2.533119e-04
3.608276e+05,1.289477e-12,2.279291e+01
2.799287e+12,5.645172e-05,1.000000e+00
6.203151e+01,6.586599e-15,8.660740e-09
6.383363e+04,2.379019e-13,7.319558e-03
4.521001e+10,4.812722e-08,9.995123e-01
2.023791e+10,4.880091e-07,9.999740e-01
2.062929e+02,2.137053e-14,1.360154e-07
1.412770e+03,6.896526e-14,1.814438e-06
1.354737e+05,3.455701e-12,5.439371e-03
2.117196e+05,4.167896e-12,4.114673e-02
6.737759e+03,1.215337e-12,2.464411e-04
1.355113e+04,1.598443e-13,2.802308e-05
1.758004e+04,6.269836e-13,3.822277e-06
2.613133e+10,2.601408e-09,1.000006e+00
3.157798e+03,3.623059e-13,1.258734e-04
9.362757e+03,4.283263e-13,1.118274e-03
5.227806e+05,3.535926e-11,3.293069e+00
2.167960e+13,4.102919e-03,1.000000e+00
7.854014e+06,1.090666e-10,8.155220e-01
8.215406e+11,7.425611e-08,1.000002e+00
1.977018e+04,1.022639e-13,9.203220e-04
1.482090e+08,2.461271e-09,9.909499e-01
2.063480e+06,5.621682e-11,4.345884e-01
4.280235e+02,9.268984e-15,3.335536e-07
7.104742e+05,2.885948e-10,8.596433e-01
2.387799e+05,3.477370e-12,5.386845e-01
1.104200e+06,6.498685e-10,9.556658e-01
5.990677e+11,1.496207e-04,3.180726e+00
7.491087e+07,1.102453e-09,9.727130e-01
9.212481e+04,3.566728e-12,1.791447e-02
3.273957e+04,6.046710e-12,1.193101e-03
6.528187e+04,1.068778e-12,8.224013e-04
3.565188e+05,3.610091e-11,3.957499e-01
2.602123e+05,1.011411e-12,8.144975e-03
6.862498e+10,3.638209e-07,5.346658e-01
2.246146e+05,1.486677e-11,3.815266e-02
4.397941e+03,4.711085e-13,1.562287e-04
9.018879e+01,3.349707e-14,1.801437e-08
2.166144e+02,1.887015e-14,5.456846e-08
2.685039e+05,4.779315e-12,3.533058e-01
6.002646e+04,1.483613e-11,2.379098e-02
1.259929e+07,1.104996e-10,8.771333e-01
2.099383e+03,2.264395e-14,1.620359e-08
2.803742e+02,9.760390e-15,1.489097e-07
3.573758e+03,4.999462e-14,2.097986e-05
1.141195e+10,5.338346e-08,9.996463e-01
1.289410e+10,4.421259e-07,9.998667e-01
8.480596e+03,1.613125e-12,4.104214e-05
7.807529e+03,1.080155e-12,7.856538e-04
3.712607e+04,2.717304e-12,7.620286e-03
1.330878e+06,6.042146e-11,6.150975e-01
2.530479e+02,1.434429e-14,1.814226e-07
9.641345e+11,1.212923e-04,1.000000e+00
5.278642e+03,4.957093e-14,7.811329e-09
4.007990e+07,2.996587e-09,9.908058e-01
1.102924e+04,7.496137e-14,2.397077e-04
1.825092e+06,4.977750e-11,1.310170e+01
4.938112e+10,1.790457e-06,9.999847e-01
6.538255e+07,2.815131e-09,1.006266e+00
1.649076e+06,8.984867e-11,5.275247e-01
8.721217e+06,7.282328e-11,1.098114e+00
3.606843e+10,2.110996e-06,4.646492e+01
1.821119e+10,1.252321e-06,9.999623e-01
1.895935e+05,7.715675e-12,2.026457e+00
1.436459e+05,4.213548e-12,2.793495e-04
1.599298e+05,9.843681e-11,2.468410e-01
6.917965e+05,1.758415e-12,9.645124e-01
4.131747e+05,9.872981e-12,8.154448e-01
3.899966e+03,2.365392e-13,1.820608e-05
1.260248e+04,7.605735e-13,2.739371e-04
1.778488e+05,2.196193e-11,6.751306e-02
1.323673e+02,1.470025e-15,9.169341e-10
6.963995e+09,2.722294e-07,9.998790e-01
1.411292e+03,5.371042e-13,2.063424e-05
4.035324e+05,4.031517e-11,3.682822e-01
1.807361e+04,3.531738e-13,4.405065e-04
2.373388e+05,2.221054e-11,2.079769e-01
4.449972e+10,1.733126e-05,1.000002e+00
1.018876e+07,6.429756e-10,1.057346e+00
3.775234e+05,3.550897e-11,9.823901e-01
1.819896e+05,5.886403e-12,7.921107e-02
1.497618e+02,3.087494e-16,3.641632e-08
1.266552e+03,6.235731e-14,3.031160e-06
2.983713e+06,4.805656e-10,1.208784e+00
4.938686e+03,1.037076e-12,6.906676e-05
1.285219e+05,6.840093e-12,5.748298e-03
1.189430e+02,1.251912e-14,2.763976e-08
8.942487e+03,1.285573e-12,3.861725e-04
4.263623e+03,7.888122e-13,8.107488e-06
7.203143e+03,1.210437e-13,7.586223e-05
6.472968e+06,2.187472e-10,9.909176e-01
8.659881e+09,1.274382e-06,9.999027e-01
3.673755e+04,3.568877e-13,2.497658e-03
1.172791e+06,1.788973e-11,5.683872e-01
2.331769e+01,9.737602e-16,7.504006e-10
5.510574e+02,9.891041e-14,1.368694e-06
4.199000e+06,1.961776e-10,9.100027e-01
4.260262e+01,6.505523e-15,1.303469e-08
1.471705e+02,5.631439e-15,2.478673e-08
1.274421e+10,3.421226e-08,9.999000e-01
4.712856e+09,1.197195e-07,9.999510e-01
8.403954e+10,7.277465e-06,1.000009e+00
6.271682e+03,1.987922e-13,2.095047e-04
1.021673e+06,2.200032e-10,6.899438e-01
1.202399e+11,1.235502e-05,9.999999e-01
6.382419e+02,7.017406e-14,8.035527e-07
2.297565e+01,2.430907e-15,4.173337e-10
1.363432e+04,5.940938e-13,2.995756e-04
2.104677e+07,2.190433e-09,9.785303e-01
4.603594e+01,2.639846e-15,4.219848e-09
2.560985e+05,2.228120e-11,5.960603e-01
2.682332e+06,9.993052e-11,1.142944e+00
4.406158e+06,1.305753e-10,1.293224e+00
6.530951e+04,7.889183e-13,8.201202e-03
7.697086e+06,6.831342e-10,9.829943e-01
1.002120e+03,1.288814e-14,2.746910e-06
4.054005e+01,4.574506e-15,3.539321e-09
3.104744e+05,4.249542e-11,7.276195e-01
4.444183e+01,9.897505e-16,5.422338e-10
2.047322e+02,6.140535e-15,3.820655e-08
5.791011e+03,1.976677e-13,3.899878e-05
2.581583e+11,9.581565e-08,4.642744e+00
5.005002e+02,8.028208e-15,1.962419e-08
2.003017e+03,2.737162e-14,2.326254e-06
2.337912e+10,7.303367e-07,9.999494e-01
2.000342e+05,1.220001e-11,1.759746e-02
1.104964e+04,3.247942e-13,1.872394e-04
4.570732e+02,2.926485e-13,2.344667e-06
6.397596e+02,2.598453e-14,6.302469e-07
6.750704e+07,3.280724e-10,9.747139e-01
7.828715e+04,3.712545e-12,1.151750e-04
1.224606e+03,1.986951e-13,3.192531e-09
1.636645e+06,3.079665e-12,6.818263e-01
5.677166e+02,1.283076e-13,2.597906e-06
7.920452e+09,2.701244e-07,9.999742e-01
4.992978e+03,7.890788e-13,1.287288e-04
1.848900e+10,1.835930e-06,1.278692e-01
8.175290e+10,8.035288e-09,9.999635e-01
5.747654e+03,1.698222e-13,2.525814e-06
2.452693e+03,2.563872e-13,3.738120e-05
6.272833e+01,1.064110e-15,3.414936e-09
2.380586e+03,1.606381e-13,1.016856e-05
3.891591e+01,9.058394e-16,2.818191e-09
2.285681e+03,8.127902e-14,4.061663e-08
3.429769e+05,1.097319e-11,8.540910e-01
9.578579e+05,2.595737e-11,2.151046e-01
1.062310e+05,5.426310e-12,2.280916e-03
5.511435e+11,4.168767e-05,1.000000e+00
2.062520e+03,3.868632e-13,2.523435e-05
6.517795e+09,2.468634e-08,9.991239e-01
1.000648e+05,8.464192e-13,3.765010e-01
1.094209e+08,4.839884e-10,9.890784e-01
1.288174e+06,2.966992e-10,9.172921e-01
1.698366e+06,1.248933e-10,2.457637e+00
1.287788e+10,4.130298e-07,9.999730e-01
6.196200e+06,1.464768e-10,1.322550e+00
6.610986e+09,9.520188e-08,9.999906e-01
5.630257e+02,9.821641e-14,1.921014e-06
5.387443e+05,2.962640e-11,9.006395e-01
1.281808e+05,1.118259e-12,3.034067e-02
1.133685e+06,1.453901e-11,1.792557e-02
7.354150e+02,3.850086e-14,1.618755e-06
5.265631e+03,2.991149e-13,4.546406e-06
1.517113e+07,4.299004e-10,9.580899e-01
3.165853e+10,5.125747e-07,9.999720e-01
7.186244e+09,5.765351e-08,9.999062e-01
6.408659e+11,7.766827e-05,1.000000e+00
4.317192e+10,4.818822e-06,1.000013e+00
4.789206e+06,7.041115e-10,2.979836e+00
2.722690e+02,2.939774e-14,1.147148e-07
1.483445e+06,5.093374e-11,1.200528e+01
2.412927e+11,2.099980e-06,1.000001e+00
2.313845e+02,3.889680e-15,3.860359e-07
4.575618e+11,2.576468e-06,9.999668e-01
1.007050e+01,8.653749e-16,6.660305e-08
1.773443e+05,4.123028e-12,1.704666e-03
2.250345e+07,2.107985e-09,9.522211e-01
9.648850e+05,4.675182e-11,2.067110e+00
3.414987e+01,3.600595e-15,1.277756e-09
2.757249e+05,2.410522e-11,1.997101e-01
9.142457e+03,2.434516e-14,3.749731e-05
6.527300e+11,7.459347e-05,1.000000e+00
3.606287e+02,6.078209e-15,2.309551e-07
1.149159e+05,3.039936e-13,2.681101e-02
1.084438e+03,8.109608e-14,2.481499e-06
7.694203e+06,8.486419e-10,9.836059e-01
4.399259e+07,1.406458e-09,9.946696e-01
1.710135e+02,1.419416e-14,2.173362e-08
6.066073e+06,1.616116e-11,2.211388e+00
3.579470e+10,5.881184e-08,1.000003e+00
9.442555e+05,2.751114e-11,1.779365e+00
2.015533e+03,2.975016e-13,2.877838e-06
8.385056e+05,1.225968e-12,8.834394e-01
7.458158e+07,1.188147e-09,9.000360e-01
2.937035e+05,3.755377e-12,2.034947e-01
7.134587e+05,9.506174e-12,2.121572e-01
1.146026e+06,2.778359e-10,8.519699e-01
1.012641e+05,4.326276e-11,8.096677e-02
1.424541e+06,1.135476e-10,8.564068e-01
3.144726e+03,3.542314e-13,4.053653e-05
1.181423e+06,6.187643e-11,1.005703e+00
9.054161e+04,5.184997e-14,1.740575e-02
1.598204e+07,4.191897e-09,9.520962e-01
2.447046e+06,4.868771e-11,9.113058e-01
4.863076e+01,2.655595e-15,3.414936e-09
7.305345e+03,2.052649e-12,5.013270e-04
2.746351e+06,1.104457e-11,5.591315e-01
4.715337e+07,6.927263e-10,1.474186e+01
1.032006e+11,6.257471e-06,1.000000e+00
7.896295e+04,5.944449e-13,2.180032e-03
2.227220e+05,3.358044e-11,1.119228e+00
2.245840e+05,5.812062e-12,2.770239e-03
6.272462e+10,5.321310e-07,9.999838e-01
5.933201e+06,1.313208e-10,7.828228e-01
7.404199e+02,2.418881e-13,1.028983e-06
6.345250e+01,2.531067e-15,9.576674e-09
2.393626e+07,1.675334e-09,9.871064e-01
4.203691e+05,3.160674e-11,2.964213e-01
2.372685e+07,1.663627e-09,9.346597e-01
2.758549e+10,2.766992e-07,6.596375e-02
1.189558e+05,4.444676e-11,7.896180e-01
1.800173e+07,5.540130e-11,7.988658e-01
1.191173e+10,2.812773e-07,9.999903e-01
2.087143e+04,3.206674e-12,5.279154e-04
2.329617e+06,2.470585e-11,6.255941e-01
3.816088e+04,1.790088e-12,1.915238e-03
1.515697e+10,1.981311e-06,9.998772e-01
1.160219e+03,2.479679e-13,8.980451e-06
5.954987e+01,7.729675e-15,2.590245e-08
2.485189e+05,7.040190e-13,6.629535e-01
2.635887e+09,4.812299e-07,9.999880e-01
2.670039e+06,8.491477e-11,6.613823e-01
5.585438e+03,3.345619e-13,5.804056e-05
2.874463e+11,9.786072e-06,6.766361e-01
4.600836e+12,4.317496e-04,1.000000e+00
5.095484e+01,2.362478e-14,4.275585e-08
1.090238e+11,1.668430e-05,1.000000e+00
2.790197e+02,2.477833e-14,1.396393e-07
4.804780e+03,4.739999e-13,4.472103e-05
5.520182e+05,1.732107e-11,5.496414e-01
5.384364e+03,3.821942e-13,4.399106e-05
3.649382e+06,1.419884e-10,9.961350e-01
1.476348e+05,2.978336e-11,8.649527e-01
1.352382e+05,1.033479e-11,1.910545e+00
3.948672e+04,2.080236e-12,1.045844e-02
8.443831e+03,4.635772e-13,4.557127e-04
1.862906e+10,2.015724e-16,9.999685e-01
7.298951e+02,2.877776e-14,8.007584e-08
4.433065e+02,7.164338e-14,2.988453e-07
4.565565e+06,1.137325e-10,4.790317e+00
3.514360e+05,3.819867e-11,8.613924e-01
3.009689e+04,7.907368e-12,4.161485e-03
3.478942e+01,8.373580e-16,1.361966e-09
3.636401e+02,1.257074e-14,2.387045e-08
2.376331e+10,7.115940e-08,9.999698e-01
6.276063e+02,6.754300e-15,7.622524e-07
4.713784e+06,1.682246e-10,8.570446e-01
3.837646e+04,2.480008e-12,6.537120e-03
3.933395e+11,9.910590e-10,9.999999e-01
5.425215e+10,8.554599e-06,1.000020e+00
5.148237e+05,5.738392e-11,9.197949e-01
3.810617e+00,1.336359e-15,1.780741e-10
2.638131e+05,2.220641e-11,1.649073e-01
1.542143e+06,1.923664e-11,4.747715e-01
3.910140e+10,4.617629e-06,1.000005e+00
4.244355e+01,1.678271e-15,4.551594e-09
1.266649e+06,1.069988e-10,9.679043e-01
6.730340e+02,2.144243e-14,1.236937e-07
2.074916e+07,2.101882e-10,1.230705e+00
2.521569e+01,2.985270e-15,6.393784e-10
1.664283e+02,2.199289e-14,6.125208e-08
9.596892e+02,1.919275e-14,1.439766e-06
5.989924e+06,3.781768e-10,9.715570e-01
1.869181e+10,8.871555e-07,1.000005e+00
3.486987e+04,1.383835e-12,3.127897e-03
5.908036e+02,4.809468e-14,1.899860e-06
1.693219e+03,3.167288e-13,4.190250e-05
6.828878e+10,2.198104e-05,1.000004e+00
1.727130e+02,8.271858e-15,1.143630e-08
2.290428e+11,3.207952e-07,1.000035e+00
4.420801e+06,6.313623e-11,8.197579e-01
1.608209e+04,1.889716e-12,4.639034e-04
1.961719e+06,1.063207e-10,8.569367e-01
1.455077e+10,4.856272e-07,9.999610e-01
9.985313e+02,2.374380e-14,1.719528e-06
1.251412e+05,2.220907e-12,1.570237e-04
4.822693e+10,6.058617e-07,1.000256e+00
1.682416e+06,3.929082e-12,2.783132e-01
2.515128e+03,1.449076e-14,4.512280e-06
1.123807e+06,4.504798e-11,1.043761e+00
4.839748e+06,1.611780e-10,4.190649e-01
2.659954e+04,2.372837e-13,2.409137e-05
2.098746e+04,6.594932e-13,1.214903e-04
5.921193e+03,9.291736e-13,4.877879e-05
1.814578e+12,2.366231e-04,1.000000e+00
1.718117e+06,2.087117e-11,7.427673e-01
2.056903e+10,6.803276e-06,1.000004e+00
4.226388e+09,1.313226e-07,9.999408e-01
5.661246e+04,1.495448e-12,3.348940e-04
7.609628e+01,5.627206e-15,2.566175e-08
9.567401e+01,5.898706e-16,2.996121e-09
9.477312e+01,1.061936e-14,1.718170e-08
3.550071e+02,7.306165e-14,3.085512e-07
8.796499e+05,9.508426e-11,8.920090e-01
1.205202e+05,1.514219e-11,2.268201e-02
5.376549e+04,3.414733e-12,1.798156e-02
4.450921e+04,1.829560e-12,2.573060e-03
1.357037e+05,8.198244e-13,4.193889e-02
3.228498e+01,3.439972e-16,7.331459e-10
2.073046e+05,1.882358e-12,1.300684e-01
2.995598e+04,4.931273e-12,1.028886e-03
8.944366e+02,3.192845e-14,4.887577e-06
2.335832e+10,2.185055e-06,9.999663e-01
2.948155e+04,1.826651e-13,1.496174e-07
4.406191e+04,2.407687e-12,2.180715e-03
8.067581e+09,1.008604e-07,9.998290e-01
3.868891e+03,9.567859e-14,1.682787e-05
1.485343e+06,7.676006e-11,1.231773e+00
7.932712e+03,1.981469e-13,1.232171e-04
2.290364e+05,4.898198e-11,3.801896e+00
1.421505e+04,2.445973e-12,3.662181e-04
8.507355e+10,9.520908e-06,1.000001e+00
1.770806e+02,1.905793e-15,5.676115e-08
1.072384e+07,2.066430e-10,1.737861e+00
4.339192e+10,3.673645e-10,9.999512e-01
5.190245e+03,4.857115e-13,3.097440e-06
2.320817e+07,1.612605e-09,1.065464e+00
5.187450e+03,9.713981e-14,5.315709e-05
3.418946e+09,1.863031e-08,9.986665e-01
1.515655e+14,7.509339e-06,1.000000e+00
8.496998e+03,3.603809e-13,1.442061e-04
5.164421e+02,2.416908e-14,5.045141e-07
5.254217e+01,4.476589e-15,1.811374e-08
7.460972e+07,1.081952e-09,1.059831e+00
6.323150e+10,5.584733e-07,1.000116e+00
1.682793e+02,8.367268e-15,2.309364e-08
8.278123e+07,4.594236e-10,9.863827e-01
3.989156e+06,2.794756e-10,9.740838e-01
1.729204e+08,8.253100e-10,9.836488e-01
1.849285e+05,1.271369e-11,9.328471e-02
3.438660e+04,3.631733e-12,2.081047e-03
4.877958e+03,1.405772e-12,2.214733e-04
1.324857e+10,9.967089e-09,9.998820e-01
1.826144e+04,2.865343e-13,1.411472e-04
3.093931e+06,4.750587e-10,1.069786e+00
5.200541e+04,1.121234e-13,4.586265e-03
5.347856e+10,2.990778e-06,1.000045e+00
2.688133e+01,1.264468e-15,2.488001e-10
8.499675e+10,1.158245e-09,9.999666e-01
1.134353e+03,2.415396e-14,2.276097e-06
7.455066e+06,4.015664e-11,1.105333e+00
3.409867e+01,1.273493e-15,1.471925e-10
3.837645e+10,8.169139e-05,1.000000e+00
1.293798e+03,1.757184e-14,1.179974e-06
7.321644e+01,4.861879e-15,1.146405e-08
2.229157e+02,8.717850e-15,1.579591e-07
1.978381e+05,5.285345e-12,1.232041e-03
4.854000e+03,4.389730e-13,1.905430e-07
3.224191e+06,2.094491e-10,7.458005e+00
6.548974e+01,7.533316e-15,1.361159e-08
6.449362e+11,4.384902e-05,1.000000e+00
8.767748e+02,5.997785e-14,2.789440e-06
2.019323e+06,2.146373e-10,7.868289e-01
9.607912e+03,3.090280e-13,1.433738e-04
1.169619e+03,2.083696e-14,2.182255e-06
2.962799e+01,1.961817e-15,2.510256e-10
2.083225e+06,5.022471e-11,4.829679e-01
1.211692e+03,3.073585e-13,1.772497e-06
1.330481e+05,1.433039e-11,2.493973e-02
9.504422e+08,3.716319e-07,1.000008e+00
1.455534e+04,1.760472e-13,4.212876e-04
7.801065e+04,6.565452e-12,9.301779e-02
5.151678e+03,1.228152e-13,3.966033e-05
1.224057e+06,1.235763e-10,2.254270e+00
1.278343e+06,1.022231e-12,9.170891e-01
5.119230e+03,1.060539e-12,4.736081e-05
5.656164e+05,8.094713e-12,2.825384e-04
7.854084e+09,5.955236e-07,9.999720e-01
2.213238e+06,6.714281e-12,5.831876e-01
3.140714e+02,1.159189e-14,1.000639e-06
3.643589e+01,1.792511e-15,1.305512e-09
3.749038e+06,5.325020e-11,6.824209e-01
1.060233e+05,2.978675e-12,1.741479e-02
7.642105e+02,9.505044e-15,5.760348e-09
8.093358e+07,1.198169e-09,1.001274e+00
1.987118e+11,2.013343e-07,1.000002e+00
2.911883e+02,6.137041e-15,7.058343e-08
8.650878e+05,1.324202e-10,9.114111e-01
5.092716e+04,6.031964e-12,1.016467e-02
3.811712e+05,2.347167e-11,5.356749e-01
1.691957e+05,5.100188e-11,7.250891e+00
5.079120e+07,4.157018e-09,9.856678e-01
5.746767e+11,6.104261e-05,1.000000e+00
3.035302e+11,7.760224e-07,1.000000e+00
3.630856e+06,4.268135e-11,1.015126e+00
7.096232e+05,6.176236e-12,4.631905e+00
1.340267e+02,2.745576e-15,1.113099e-08
2.372871e+04,7.503295e-13,2.298920e-04
1.451098e+01,8.544703e-16,5.561116e-10
6.840253e+04,5.528823e-12,5.817610e-02
3.303638e+04,3.958991e-13,2.081549e-03
5.639290e+02,1.690729e-15,4.881867e-06
2.695657e+10,3.410122e-07,9.999776e-01
1.857303e+03,2.345415e-13,7.495405e-06
1.594920e+07,5.064329e-10,9.838975e-01
1.100622e+05,1.140264e-12,2.557910e-02
8.692961e+09,8.906130e-07,1.000028e+00
7.666574e+03,1.892554e-13,7.857518e-05
1.181585e+02,2.263343e-14,5.080270e-09
7.493769e+01,1.244280e-14,8.299917e-09
1.516852e+01,7.323057e-16,8.226649e-11
1.302437e+05,4.625125e-12,4.804613e-03
1.514628e+01,8.694176e-15,3.565445e-10
4.030012e+05,1.475451e-11,3.440518e-01
5.723469e+02,3.692485e-14,3.970168e-07
1.577547e+06,2.029410e-11,1.184920e+00
6.620551e+10,2.586185e-06,1.000013e+00
6.157135e+03,1.273319e-12,1.912993e-04
7.306693e+03,3.098008e-13,1.581918e-05
1.417897e+04,4.180329e-13,4.684464e-04
2.998881e+09,5.332816e-11,9.999630e-01
1.877604e+03,2.158115e-14,6.985885e-06
1.276132e+11,5.610522e-06,1.000001e+00
1.265541e+05,7.919566e-12,3.607482e-02
3.478054e+02,8.801422e-15,1.914135e-09
2.838142e+10,1.659538e-06,1.000021e+00
2.579195e+06,2.990109e-10,1.037202e+00
3.761150e+02,1.490911e-13,2.585442e-07
1.887851e+03,1.668360e-13,1.617457e-06
2.065931e+06,2.230366e-10,1.396292e+00
1.330810e+11,7.417631e-08,9.999118e-01
1.148921e+11,4.560097e-06,1.000015e+00
5.557240e+04,1.823315e-12,6.232260e-03
6.443593e+04,5.665324e-12,2.299710e-02
1.387596e+06,2.046404e-10,7.384915e-01
4.377478e+04,2.760361e-12,1.361502e-04
1.225264e+02,2.471140e-15,2.173362e-08
5.175347e+03,1.702707e-13,3.695008e-05
2.587336e+02,2.591213e-14,5.180969e-09
8.778771e+03,2.768943e-13,2.990872e-05
1.248329e+05,6.818488e-12,5.254257e-02
1.026024e+03,9.754607e-14,2.755958e-08
4.371287e+06,4.105749e-10,9.019679e-01
2.215842e+04,1.833549e-13,2.323447e-04
5.969300e+02,1.116027e-13,3.190311e-06
2.068370e+10,1.724028e-06,1.000043e+00
4.199488e+06,1.522900e-11,9.712524e-01
5.096544e+05,4.428351e-11,1.563451e+00
3.663170e+10,3.089013e-07,1.000034e+00
6.720027e+01,7.642795e-16,4.691692e-09
6.988307e+09,1.493577e-08,1.000182e+00
2.069155e+11,1.375542e-06,9.999681e-01
1.292418e+03,2.268523e-14,2.723045e-06
4.813078e+07,3.045587e-09,9.865675e-01
1.703773e+01,2.313726e-16,7.920341e-10
8.416091e+04,1.491371e-11,8.388112e-01
8.695810e+01,9.373075e-16,1.891285e-09
1.313438e+05,1.369079e-12,3.758396e-02
6.428136e+12,1.644233e-03,1.000000e+00
5.308572e+01,1.383091e-15,5.520910e-09
1.593626e+05,1.323914e-12,3.377077e-02
4.276410e+10,2.853767e-06,1.000015e+00
5.279635e+03,1.017780e-13,1.272835e-05
5.069857e+06,2.702570e-10,1.069247e+00
1.520770e+04,1.379325e-12,4.631663e-04
3.986050e+03,1.221634e-13,4.435635e-05
1.341532e+03,8.440379e-14,8.287634e-06
3.873111e+03,4.393363e-15,1.529048e-04
3.267259e+07,1.298979e-10,1.000581e+00
7.615117e+06,8.316680e-11,8.505761e-01
9.026401e+09,1.211956e-06,9.998564e-01
5.032931e+10,4.851650e-10,1.000005e+00
4.854740e+11,1.990037e-07,6.307629e-01
1.987983e+06,1.469663e-10,9.720585e-01
3.409733e+11,2.994804e-05,9.999999e-01
1.975480e+04,1.396819e-12,6.464983e-04
1.383436e+02,1.447490e-14,3.364461e-07
2.388598e+06,3.309533e-11,1.363597e+00
3.791367e+07,1.137726e-09,9.937441e-01
8.107003e+10,9.576202e-09,1.000000e+00
1.598111e+07,4.716480e-10,1.101157e+00
2.324705e+10,1.932367e-07,1.000000e+00
1.021557e+06,2.775824e-11,7.891782e-01
7.197725e+09,2.499633e-07,1.000041e+00
5.416013e+06,2.966668e-10,9.268860e-01
1.262532e+05,1.133266e-12,2.389086e-02
1.233675e+04,2.071095e-12,2.712486e-04
1.993163e+05,8.292558e-11,4.150045e-01
2.829108e+04,2.281384e-12,1.375500e-03
1.291007e+04,8.207896e-13,8.920872e-04
3.122118e+03,2.354034e-13,1.708653e-05
1.189252e+07,3.244711e-10,1.107869e+00
8.316410e+03,1.582713e-13,1.308156e-04
2.885272e+12,1.542432e-06,1.000000e+00
5.903214e+03,8.772841e-14,1.063097e-05
1.032171e+03,2.045621e-14,1.905505e-06
1.673797e+06,1.348719e-10,9.733341e-01
7.604044e+03,4.924587e-14,1.805817e-04
9.022617e+01,2.055681e-15,4.182994e-09
4.061222e+03,1.293180e-13,2.640382e-05
6.289799e+07,3.138802e-17,9.926867e-01
2.460771e+02,1.658685e-14,1.050834e-07
4.755725e+03,3.019812e-13,2.556206e-06
4.504604e+03,2.527837e-13,1.121861e-06
3.592865e+03,7.344590e-13,1.811746e-04
1.419181e+06,7.000719e-12,1.669063e+00
2.928375e+03,9.616090e-14,2.298412e-06
2.612395e+04,2.596447e-12,1.103619e-03
1.941536e+05,8.234606e-12,1.071491e-01
2.592151e+03,4.454971e-13,2.197665e-05
8.032504e+04,6.355131e-13,5.556864e-03
1.656718e+05,3.800909e-12,1.464199e-02
4.032266e+08,5.572649e-09,1.003049e+00
3.656833e+02,2.189999e-14,2.829237e-07
3.218742e+03,1.475327e-13,2.058179e-05
5.681627e+02,1.214775e-14,1.145483e-07
1.201605e+01,3.678914e-15,1.919862e-10
2.459848e+02,3.198927e-15,1.010591e-07
4.184970e+06,2.698389e-10,1.258567e+00
1.386517e+04,4.176887e-13,2.050625e-04
1.126278e+09,8.035211e-09,9.995532e-01
1.662389e+03,1.064495e-13,4.851981e-06
1.397787e+06,3.655767e-12,3.525782e-01
4.799595e+06,7.521963e-11,8.131291e-01
1.727564e+06,6.754151e-12,1.932605e+00
8.303364e+05,5.260929e-11,1.537639e+00
1.096645e+05,2.012072e-11,1.152337e-01
2.822261e+11,3.915147e-05,1.000000e+00
2.772450e+05,1.144479e-11,8.999315e-01
2.720359e+11,1.004874e-05,9.999998e-01
5.211404e+06,2.840772e-10,1.211037e+00
9.292022e+06,1.192746e-10,9.571700e-01
1.910668e+06,9.428005e-11,8.726147e-01
3.720910e+11,5.451809e-06,1.000000e+00
8.476564e+03,2.620575e-13,1.147154e-04
4.873322e+04,2.612031e-13,4.774554e-03
3.744861e+10,8.331580e-06,1.000003e+00
9.091766e+00,1.418806e-15,5.651115e-11
7.188151e+05,2.200985e-11,8.051650e-01
2.767184e+03,1.511698e-13,7.073759e-06
4.886288e+10,1.462435e-06,1.000046e+00
7.501020e+07,2.584670e-09,9.899932e-01
1.121513e+06,2.304919e-13,9.879906e-01
9.300890e+04,1.628648e-11,1.804355e-01
1.011017e+04,8.658806e-13,1.383372e-04
2.567160e+04,2.156607e-13,1.312717e-03
3.973923e+04,3.098180e-12,1.137861e-04
7.400008e+05,1.333739e-10,7.823708e-01
1.111340e+06,8.704544e-11,2.166009e-01
2.419187e+04,2.368278e-13,8.910081e-04
1.826318e+03,1.807692e-13,2.468887e-06
1.227473e+05,7.723930e-12,3.372994e-01
1.230140e+06,8.973435e-12,1.077436e+00
6.124245e+10,2.285612e-07,6.684308e-02
4.955326e+07,1.085846e-09,1.011758e+00
2.612474e+04,1.406567e-12,1.371705e-03
7.743872e+02,1.091191e-14,5.259414e-07
3.161575e+03,2.550547e-13,1.993530e-05
1.077666e+05,6.001622e-13,1.423360e+00
2.027899e+07,9.198857e-11,9.730513e-01
5.565866e+04,4.214583e-12,3.108906e-03
1.195054e+02,9.421524e-15,4.297397e-09
4.342725e+03,1.698927e-13,2.123284e-04
2.567273e+01,1.681220e-16,1.000201e-09
1.280569e+04,1.405324e-12,1.992195e-04
1.742560e+10,6.357513e-07,4.045749e-01
1.231192e+06,2.287295e-11,1.107173e+00
3.322848e+10,1.870091e-08,1.000004e+00
7.541898e+06,7.973943e-11,9.718762e-01
6.699575e+04,4.702004e-12,7.274324e-02
4.045079e+10,1.411695e-06,1.000194e+00
1.445659e+06,1.065837e-11,8.676261e-01
1.300550e+01,1.130693e-15,1.526394e-10
4.667997e+02,1.989719e-14,1.171787e-06
1.905136e+04,1.550909e-13,3.395090e-04
7.185593e+07,6.441671e-10,1.011306e+00
1.510292e+03,2.903462e-14,1.226548e-06
1.782081e+07,5.061626e-10,9.884120e-01
1.047926e+06,4.295199e-11,7.083041e-01
1.810591e+06,1.797112e-10,9.641864e-01
2.182875e+04,5.824056e-13,9.208591e-04
8.540234e+02,4.821392e-14,4.880119e-06
6.879955e+05,1.741846e-10,1.257893e+00
2.059135e+06,2.375544e-11,9.043266e-01
3.025392e+07,1.130889e-09,9.624680e-01
9.614659e+06,1.212737e-09,9.970160e-01
1.249216e+03,1.684414e-13,3.461685e-07
3.207296e+10,5.463878e-07,1.000010e+00
3.466994e+05,4.541384e-12,6.140016e-05
4.769531e+03,5.336612e-13,2.015928e-04
6.445132e+05,5.826237e-11,7.896843e-01
2.458021e+05,1.194898e-11,2.812754e-02
7.476648e+04,6.553166e-12,2.482709e-02
7.353489e+03,1.364527e-12,1.027037e-04
1.134706e+07,1.318603e-10,1.173594e+00
6.558140e+03,2.936929e-13,1.338999e-04
3.584330e+11,2.369270e-06,2.427334e+00
1.386429e+05,2.047213e-11,4.161426e-02
2.024991e+01,8.086925e-16,9.724453e-10
1.115935e+09,1.653490e-08,9.995045e-01
4.889038e+03,1.377543e-12,1.367598e-04
1.668691e+07,1.376166e-10,9.170943e-01
1.818539e+06,1.897128e-11,1.783668e+01
1.967027e+01,9.045104e-16,9.794928e-11
3.073748e+04,1.758893e-13,1.553253e-03
1.537255e+05,1.469698e-11,5.672516e-02
2.281759e+09,1.279377e-06,9.999526e-01
6.632376e+02,2.121936e-14,1.818090e-08
6.904774e+10,1.074611e-05,1.000001e+00
2.384016e+01,1.754939e-16,2.403335e-09
4.745952e+04,1.087060e-13,4.576141e-03
3.605872e+12,1.037237e-05,6.272560e-01
1.743532e+06,2.280687e-10,1.156729e+00
3.419919e+01,2.063464e-15,5.109840e-10
7.071130e+02,1.278789e-13,6.010034e-06
1.512924e+04,9.631743e-13,4.306719e-04
3.247423e+04,1.848696e-12,7.938179e-06
1.323574e+04,1.517409e-13,1.937789e-04
2.441264e+03,8.130539e-15,4.386317e-05
2.850580e+03,6.944198e-14,1.445724e-05
5.975855e+02,2.259256e-14,2.151067e-07
4.635493e+10,2.807208e-07,1.000004e+00
1.842679e+04,3.199005e-12,6.716058e-04
4.430327e+04,4.320130e-13,4.018794e-04
2.852033e+06,2.183702e-10,2.335390e+00
2.339525e+02,7.097557e-14,2.154762e-07
6.247391e+06,5.242408e-10,9.492865e-01
1.586490e+03,1.394186e-13,2.798729e-05
3.390885e+05,2.835524e-11,4.807051e-01
3.421430e+05,1.353112e-11,1.708375e-03
5.309186e+03,8.620090e-13,1.013771e-04
1.068834e+07,4.176325e-10,9.392885e-01
2.936319e+08,1.358759e-09,9.996082e-01
2.193756e+04,9.732009e-12,4.951337e-03
4.984517e+04,8.269643e-12,5.056423e-03
1.293038e+02,3.045508e-15,9.410140e-09
5.150360e+02,9.791682e-15,1.981481e-07
2.442964e+02,2.098502e-15,1.053334e-07
2.674568e+10,1.833948e-07,9.999638e-01
1.252584e+06,7.878174e-12,2.791171e+00
1.027267e+06,1.103168e-11,8.815433e+00
1.023317e+02,7.845677e-15,2.128953e-08
4.045747e+01,2.441176e-15,1.596366e-08
2.340109e+02,1.175695e-14,4.079069e-09
2.835990e+03,1.664605e-13,1.954506e-05
9.717352e+04,2.532527e-11,5.364732e-02
6.904427e+03,1.698580e-13,3.396616e-05
3.716747e+10,8.598212e-07,1.000006e+00
6.235044e+02,9.818410e-14,2.392263e-07
3.066902e+05,9.528510e-13,3.334684e-01
4.053242e+10,1.340827e-07,9.999586e-01
1.061189e+03,1.675135e-13,1.062031e-05
4.044456e+02,1.158939e-14,1.313959e-07
9.387003e+06,1.966473e-10,9.961037e-01
2.233994e+05,2.905061e-12,1.733861e-01
2.314978e+06,2.278063e-11,8.578952e-01
1.173486e+11,3.754606e-09,9.998861e-01
3.368488e+02,1.018768e-15,2.504118e-07
2.192745e+02,4.467815e-14,5.067952e-07
1.763781e+06,1.110772e-10,1.473837e+00
3.322222e+03,2.387527e-13,1.906470e-05
1.612307e+06,8.339436e-11,8.512641e-01
6.184657e+03,4.557271e-13,1.691349e-04
4.724291e+07,5.824537e-10,1.898509e+01
1.790520e+05,1.327533e-11,8.128756e-02
2.061406e+12,2.231330e-04,1.000000e+00
2.553129e+05,3.101777e-13,3.707524e-01
9.847115e+06,1.491869e-09,9.713782e-01
2.570568e+06,6.642152e-12,2.372605e+00
1.353544e+02,1.069063e-14,3.161460e-08
2.040213e+05,2.634257e-12,3.585497e-01
4.498003e+10,5.954223e-07,9.999691e-01
2.016036e+04,8.510242e-13,7.973536e-04
6.540449e+05,4.719448e-11,1.591086e-01
2.580927e+09,7.868083e-08,9.999560e-01
1.454808e+06,3.231220e-11,7.678953e-01
1.114387e+05,1.728552e-11,1.374266e-02
3.157982e+04,1.002770e-12,1.421614e-03
4.492530e+05,6.445273e-12,2.817311e-02
1.403654e+04,1.489615e-12,2.200777e-03
6.357821e+10,1.408731e-07,1.000003e+00
7.440632e+09,1.555481e-16,1.000090e+00
1.943043e+03,6.841168e-14,7.519569e-06
1.714396e+06,1.794205e-12,6.711370e-01
4.175407e+10,2.631229e-07,9.998888e-01
1.982463e+02,6.846443e-15,7.119405e-08
6.897823e+11,7.134995e-05,1.000000e+00
5.930460e+05,6.896523e-13,5.528794e-01
3.463041e+06,1.903883e-10,1.204129e+00
4.554486e+05,1.502040e-11,1.335422e-02
9.772472e+04,1.029473e-11,1.254151e-02
2.026910e+05,7.374483e-12,2.254943e-02
1.177291e+05,1.576753e-12,2.946373e-02
8.918534e+01,8.250463e-15,1.890255e-08
2.057736e+02,2.008324e-14,2.748802e-09
7.022070e+03,6.102278e-13,3.507552e-04
4.322443e+04,8.413814e-13,3.669223e-03
1.624808e+11,4.919794e-06,9.999438e-01
7.111254e+05,2.840826e-11,1.143441e+00
6.281308e+04,1.401638e-12,3.739208e-03
4.355704e+09,6.166027e-07,9.999715e-01
1.824146e+09,3.169506e-08,1.000169e+00
5.805637e+05,2.774370e-12,4.476887e+00
1.863938e+04,1.786778e-12,1.044946e-03
1.197438e+06,1.010340e-10,1.038167e+00
1.911282e+10,2.370405e-06,9.924313e-01
2.367256e+04,2.790023e-12,1.093693e-03
2.029337e+01,9.890990e-15,1.805113e-09
1.343438e+03,1.884634e-14,1.512097e-06
4.420741e+05,1.381229e-10,9.455682e-01
3.393506e+06,5.863332e-11,7.498045e-01
1.336319e+07,9.133436e-10,1.055220e+00
7.875732e+01,4.371193e-15,5.135782e-09
7.458063e+03,3.934867e-13,4.306345e-05
3.438646e+09,3.519456e-07,9.999867e-01
6.440853e+02,3.628591e-14,6.666067e-07
4.152678e+04,5.024186e-12,5.795100e-04
1.273776e+04,1.216925e-12,6.365413e-04
3.331221e+03,6.583670e-14,4.712366e-05
3.247650e+02,6.215608e-15,2.150651e-07
1.849964e+12,2.301737e-05,9.999999e-01
4.157929e+03,2.308845e-12,7.118343e-05
3.079129e+03,1.083116e-13,1.818026e-05
1.779943e+04,1.217886e-12,3.144424e-04
2.535749e+03,5.082311e-14,6.219642e-05
5.267435e+04,1.692308e-12,6.127325e-03
4.812076e+07,1.300160e-09,9.893372e-01
6.201247e+05,8.148417e-11,7.469182e-01
1.933546e+10,5.495490e-07,9.999838e-01
7.853670e+02,2.180106e-14,1.053020e-06
1.956042e+02,7.082164e-16,2.400957e-08
5.039410e+02,1.110447e-14,4.995736e-07
1.166705e+07,4.658759e-11,9.087607e-01
4.275052e+03,3.998449e-13,3.650802e-05
4.704002e+04,1.698023e-12,1.800097e-03
6.810403e+05,2.782366e-12,6.482017e-01
1.377482e+04,8.603768e-14,3.663514e-04
2.192248e+02,1.651618e-14,5.804359e-08
2.584016e+09,2.498147e-07,9.998008e-01
4.929039e+05,1.060834e-11,2.685516e-01
9.666978e+11,6.648067e-07,1.000000e+00
5.569816e+00,2.363362e-16,1.675337e-10
2.129738e+01,1.561007e-15,1.087060e-09
3.132091e+04,1.306614e-12,5.156920e-04
5.477344e+09,8.696880e-07,9.999773e-01
2.285785e+02,1.637175e-14,3.086520e-08
3.047715e+11,2.640727e-05,1.000000e+00
9.511404e+01,5.312421e-15,2.090095e-08
4.233880e+00,7.940913e-16,4.269103e-11
2.179260e+03,3.254241e-14,5.962620e-06
2.000191e+05,2.003165e-11,1.202802e+00
2.653768e+02,6.209434e-14,2.866223e-07
3.119804e+06,1.194928e-10,1.995180e+00
4.124136e+00,3.953004e-16,5.189059e-11
9.650970e+02,1.446732e-13,1.869922e-06
2.134182e+03,3.521700e-13,4.377435e-05
2.439050e+02,1.890560e-14,5.273983e-09
5.477185e+05,2.303112e-10,9.691604e-01
8.600363e+07,2.282447e-09,9.942906e-01
2.257036e+03,8.351827e-14,2.311013e-06
7.255817e+02,3.116582e-14,1.039076e-06
1.934712e+03,1.088849e-13,1.147982e-05
4.212554e+01,2.050974e-15,2.804313e-09
2.977278e+04,2.028570e-12,1.179332e-02
1.524705e+10,1.153140e-06,9.999714e-01
2.003930e+03,1.495875e-13,7.755880e-06
3.461258e+04,4.116517e-13,5.898118e-03
9.628314e+01,5.355632e-16,2.002827e-09
2.805903e+10,5.072492e-07,9.999964e-01
5.432519e+04,4.474865e-13,5.874144e-03
1.095867e+07,2.235298e-10,7.668194e-01
2.962343e+06,1.087284e-10,9.851665e-01
1.574161e+11,3.677524e-05,9.999999e-01
2.611156e+05,5.125393e-11,6.980126e+00
1.419689e+06,2.162874e-10,6.712942e-01
6.268449e+03,2.670784e-13,3.837056e-05
4.712064e+12,1.899786e-07,1.000000e+00
7.371091e+05,1.216880e-10,4.009210e-01
1.724468e+02,6.770721e-15,1.046485e-08
8.880410e+10,2.049924e-16,1.784612e-01
5.208898e+02,3.306488e-14,1.192490e-09
1.564026e+11,9.135282e-08,1.000000e+00
1.503793e+02,2.994711e-14,3.248853e-08
8.825692e+05,5.453955e-12,1.155845e+00
2.379102e+10,9.338257e-07,9.999670e-01
1.648996e+03,9.626595e-13,9.459714e-06
7.910618e+08,1.039705e-08,9.942515e-01
1.039865e+03,3.709601e-14,4.793953e-07
7.059515e+05,5.629710e-11,5.609322e-01
1.632086e+07,4.112505e-10,1.136739e+00
6.937441e+01,1.043219e-15,4.109938e-08
4.245469e+12,1.411577e-05,1.000000e+00
1.290524e+06,6.414131e-11,8.360233e-01
1.381727e+07,3.011224e-10,9.079962e-01
1.012141e+02,6.362020e-15,1.042367e-09
5.133909e+05,3.724350e-11,3.289109e-01
2.507064e+04,1.243771e-12,1.251204e-03
5.772809e+07,7.235331e-10,9.921762e-01
2.484661e+04,3.819269e-12,9.886270e-04
8.079598e+01,9.869545e-15,7.541834e-09
1.914805e+07,3.593213e-09,9.882898e-01
2.355194e+05,1.841334e-11,1.455044e-01
9.288711e+08,1.135218e-07,9.998823e-01
1.921942e+02,4.986681e-15,1.954344e-07
2.783930e+05,3.274998e-11,6.909642e-03
1.036689e+11,1.312819e-05,1.000002e+00
1.997110e+04,1.508629e-12,7.609712e-04
1.202333e+04,8.330354e-14,4.726415e-06
3.940781e+09,1.961349e-07,9.984402e-01
4.175187e+03,1.164039e-13,3.308266e-05
3.572534e+07,4.229027e-10,1.237509e+00
1.515404e+11,1.901034e-05,1.000001e+00
1.416643e+02,7.932729e-15,5.552115e-09
8.946763e+02,1.953577e-13,3.001134e-07
1.283032e+01,4.257697e-16,6.393783e-10
2.741926e+03,1.177840e-14,3.763213e-06
3.586643e+07,1.170570e-10,9.779806e-01
3.280056e+05,1.552412e-11,4.544544e-01
1.775761e+06,1.982530e-11,1.382671e+00
1.767603e+06,2.404475e-11,7.851000e-01
2.652496e+11,1.859712e-07,9.999999e-01
2.575380e+04,1.855075e-13,1.193570e-03
1.641906e+06,1.070167e-10,5.507738e+00
8.836393e+00,4.435302e-16,4.675074e-11
1.152688e+03,1.252603e-14,2.627594e-06
1.558550e+07,4.683793e-10,6.961502e-01
9.957001e+01,2.583345e-15,8.799518e-09
2.534065e+05,8.787014e-12,5.021993e-01
4.314800e+07,9.669035e-10,8.543698e-01
8.026547e+04,5.773780e-12,1.237844e-02
2.027008e+07,5.600271e-10,9.393474e-01
7.434159e+04,1.107052e-11,3.772571e-03
3.041490e+01,3.739199e-15,1.368282e-08
1.010548e+06,2.350028e-10,8.745603e-01
7.386254e+04,4.247732e-12,1.125299e-02
7.554331e+04,1.281522e-12,1.189216e-02
1.238228e+02,5.611588e-15,8.625318e-08
2.183866e+03,2.157532e-13,1.158352e-06
1.024039e+02,4.195731e-15,2.255969e-09
2.864847e+08,1.191010e-08,9.990232e-01
9.447063e+05,1.603946e-10,1.998022e+00
6.912763e+03,9.543839e-13,9.570747e-05
8.284328e+05,1.174599e-11,9.495643e-01
8.186600e+03,1.954714e-13,4.368555e-04
2.606207e+06,1.935518e-11,7.663493e-01
3.144451e+07,5.743553e-10,8.443954e-01
2.732409e+11,4.748592e-06,6.088605e+00
3.146350e+02,4.196623e-14,1.807731e-07
6.354609e+04,4.282632e-12,8.218318e-03
2.907847e+04,1.076190e-11,2.697868e-03
2.986843e+03,4.315750e-14,1.618897e-05
4.061811e+12,1.150049e-05,1.000000e+00
4.576275e+11,4.137413e-07,1.000017e+00
1.418307e+06,5.756482e-11,9.563333e-01
2.999115e+03,2.005262e-13,9.167767e-08
4.785995e+04,6.682378e-13,4.652640e-03
5.255102e+08,2.066555e-09,1.000811e+00
3.742156e+02,3.747315e-15,1.866767e-09
2.756235e+08,1.722589e-09,1.000174e+00
2.018437e+06,1.020576e-10,1.271317e+00
2.060220e+02,2.810125e-14,2.191732e-07
5.741959e+04,1.649739e-12,6.684466e-03
1.860532e+04,8.796548e-14,4.964262e-04
3.101605e+11,1.403676e-16,1.000000e+00
4.269309e+09,9.363719e-07,9.999608e-01
1.263010e+08,1.282632e-09,1.002906e+00
1.575980e+02,4.254266e-15,4.030210e-08
4.479440e+05,1.753725e-11,4.138013e-01
2.856592e+02,2.871664e-14,1.324784e-07
2.871126e+02,1.476810e-14,1.483823e-07
1.307446e+05,2.483495e-11,3.384709e-01
2.631554e+10,1.467838e-06,6.619591e-01
1.502189e+06,1.927635e-10,8.166436e-01
7.667707e+05,1.416637e-11,2.355380e-01
2.839639e+06,9.661941e-11,9.165110e-01
5.727140e+05,1.228241e-11,1.463276e-01
3.096088e+11,1.567096e-06,5.336140e-01
4.772666e+05,1.568647e-12,1.282647e+00
3.360367e+02,1.671500e-14,1.758463e-07
8.251908e+02,1.831528e-13,1.026041e-06
1.572371e+11,5.723119e-06,1.000001e+00
8.118636e+02,5.761555e-15,1.296303e-06
8.333348e+03,1.809373e-13,6.054056e-07
3.530530e+06,1.105634e-10,9.656675e-01
4.491980e+06,2.799644e-10,6.420821e-01
6.623874e+01,1.560037e-14,4.080751e-08
7.638161e+01,2.512315e-16,1.694917e-08
3.887185e+02,1.947122e-14,2.930721e-07
2.669534e+04,3.174802e-13,9.179396e-03
6.855172e+04,1.983345e-12,7.094442e-03
6.658635e+10,2.061560e-05,9.999999e-01
1.671360e+09,1.000138e-09,9.994785e-01
1.496461e+02,4.753341e-15,9.486530e-09
3.911903e+07,1.463568e-09,9.689703e-01
1.005871e+06,3.505987e-11,3.847666e+00
1.038827e+01,4.292051e-16,1.444216e-11
4.414646e+01,3.435134e-15,5.035520e-09
3.091945e+02,2.056707e-14,2.429154e-07
3.931219e+06,8.198436e-11,1.913761e+00
7.910444e+02,3.267482e-14,1.041584e-06
1.499613e+06,1.423880e-10,9.067260e-01
4.538221e+04,2.825982e-12,1.960710e-03
5.811265e+02,1.510400e-14,9.828202e-08
5.624483e+04,1.759300e-11,6.164814e-02
9.714561e+10,3.148831e-09,1.000014e+00
4.670133e+07,1.796202e-17,8.368505e-01
2.076047e+02,1.260914e-15,5.304191e-08
4.178810e+04,5.604411e-13,1.181429e-03
2.723775e+05,1.861519e-11,2.175010e-01
9.700752e+01,1.913004e-14,1.626577e-08
2.059404e+11,2.179281e-06,6.753912e-01
4.554436e+09,3.766986e-07,9.999581e-01
5.494072e+03,1.059719e-13,6.029261e-06
1.915113e+04,2.435715e-12,9.954828e-05
5.406280e+04,3.399518e-13,5.889168e-03
2.777243e+13,4.285432e-06,1.000000e+00
1.527310e+10,2.059753e-07,9.999743e-01
4.732001e+09,8.562752e-07,9.999649e-01
4.122324e+05,4.700803e-11,7.911129e-01
2.886205e+06,1.755919e-11,6.449129e-01
4.929796e+04,1.031843e-12,3.626620e-04
4.542002e+03,3.226012e-14,4.076170e-05
4.068897e+03,5.899940e-13,3.305736e-05
1.191975e+04,3.155697e-13,1.773624e-04
2.170662e+05,5.157194e-11,7.287650e-01
5.287599e+05,1.096698e-11,2.319313e-01
8.654107e+02,3.753169e-14,1.351781e-06
1.386825e+04,3.177058e-12,4.078207e-05
2.107728e+05,6.127861e-12,4.681669e-02
7.313002e+05,3.945319e-12,1.417758e+00
2.688694e+02,1.694951e-15,8.404178e-09
1.425188e+03,6.090477e-13,7.631099e-06
2.664677e+09,3.492252e-07,9.999746e-01
5.458978e+06,4.350958e-10,9.456998e-01
4.225812e+05,6.430042e-11,5.402239e-01
1.744167e+05,1.288025e-11,9.504881e-02
1.873095e+03,5.294914e-14,2.806173e-06
7.615891e+05,7.695954e-11,7.601142e-01
5.632185e+06,3.894677e-10,1.096307e+00
3.784511e+07,4.528357e-10,8.699226e-01
6.062509e+10,4.046769e-06,1.000008e+00
1.015672e+02,4.929746e-15,1.364742e-07
7.991835e+03,1.928039e-13,1.045430e-04
8.730033e+07,3.143553e-10,9.632467e-01
3.672837e+05,2.269737e-12,1.848235e-02
1.339114e+03,3.978896e-13,1.159176e-05
2.334574e+02,1.752897e-14,1.290734e-08
3.475872e+06,4.829913e-11,3.969313e-01
3.468699e+04,1.566591e-12,2.787682e-03
5.126914e+09,1.661829e-08,1.000025e+00
7.201844e+06,7.686422e-11,1.992418e+00
1.413919e+05,5.389775e-11,1.173763e-01
2.077897e+06,1.037004e-10,5.213592e-01
1.379801e+03,4.800973e-15,3.394577e-06
3.384046e+10,6.156924e-07,9.999680e-01
6.803402e+04,9.287560e-12,2.341928e-03
3.275256e+09,5.541677e-09,9.999264e-01
2.285852e+02,5.080543e-14,7.007828e-07
6.694852e+06,3.415898e-10,9.689759e-01
2.658108e+02,4.146293e-15,8.299968e-08
7.491017e+11,1.569693e-06,2.978041e-01
1.781691e+05,1.397849e-11,8.831307e-02
3.093024e+07,3.489942e-10,9.727641e-01
4.311124e+04,1.368125e-12,1.852036e-02
5.752810e+07,3.599959e-10,9.922528e-01
2.095259e+02,4.334988e-15,8.660740e-09
5.704056e+05,1.880030e-11,1.163905e+00
1.741739e+02,1.469884e-15,8.594228e-10
2.137229e+05,2.670590e-11,3.440185e-01
9.792842e+06,3.761443e-10,7.898731e-01
3.845825e+03,1.853108e-13,6.982727e-05
2.600495e+06,8.576894e-11,1.437976e+00
5.696538e+04,3.424885e-13,6.418012e-03
1.109534e+04,3.993840e-13,1.150955e-04
3.606710e+01,2.187069e-15,9.724453e-10
1.571182e+05,2.241297e-11,2.542397e-02
6.559662e+06,5.665505e-10,9.791854e-01
2.026534e+04,1.259126e-12,8.187816e-04
3.686755e+09,9.929778e-07,9.997927e-01
1.529364e+06,2.146706e-11,9.653135e-01
5.934069e+03,9.075127e-14,3.845957e-05
3.842755e+04,1.587756e-12,2.969142e-03
1.961290e+05,2.103480e-11,3.659620e-02
3.180677e+04,5.812148e-13,1.555460e-03
5.572555e+01,8.424698e-15,4.750130e-09
2.952746e+09,3.970588e-07,1.000007e+00
1.373851e+11,1.348686e-06,9.999733e-01
7.099688e+06,6.218574e-10,8.473097e-01
3.914017e+07,1.533104e-09,9.592337e-01
7.279366e+01,9.672579e-15,9.310361e-09
6.526695e+10,9.400078e-07,3.177175e-02
1.011269e+03,3.075176e-14,4.822866e-06
5.760507e+02,5.742898e-14,3.581312e-07
2.045178e+03,1.890328e-13,3.369513e-06
1.056658e+04,4.216573e-13,2.145765e-04
4.983598e+06,7.136394e-10,9.586955e-01
3.046220e+05,8.447919e-12,1.078489e-02
2.664381e+09,3.804796e-07,1.000012e+00
9.496209e+04,4.580920e-12,2.470392e-03
3.382871e+07,3.410372e-10,9.668723e-01
2.316302e+06,1.576064e-10,2.384312e+00
1.014599e+04,2.724593e-12,7.808951e-04
2.721633e+05,1.139014e-11,2.675751e-02
5.770200e+10,2.387855e-06,1.000000e+00
7.796700e+05,4.546949e-11,3.720549e-04
5.631248e+02,3.647949e-15,4.822541e-07
7.215901e+01,3.494136e-15,9.299118e-09
1.226551e+02,4.655845e-15,2.822842e-08
1.625233e+02,2.438594e-15,2.053567e-08
2.944132e+01,1.999939e-15,1.780453e-09
1.224875e+07,1.462695e-10,1.000598e+00
1.441411e+02,1.228722e-14,5.649589e-08
5.165710e+02,7.950522e-14,5.303268e-07
1.310517e+09,4.384676e-10,9.998998e-01
1.294989e+01,2.406836e-15,3.618227e-10
1.448467e+05,1.360169e-11,5.187011e+01
7.935922e+03,1.297812e-13,1.019606e-04
4.583536e+05,4.779875e-12,6.466586e-01
5.602761e+02,1.267715e-14,5.195021e-07
1.599568e+11,1.205297e-07,1.000000e+00
1.225634e+03,7.777676e-15,2.295956e-06
7.580836e+05,8.361187e-11,6.980879e-01
8.298160e+03,1.358446e-13,1.364281e-04
4.796047e+04,3.919027e-12,2.673794e-02
5.499128e+04,6.864990e-13,4.551257e-03
1.225343e+11,7.470261e-06,1.000000e+00
4.808540e+03,6.090063e-13,3.837361e-06
7.819985e+04,4.464656e-13,1.960907e-03
6.919951e+04,2.854979e-12,8.312075e-03
1.059305e+05,9.686048e-12,2.283661e-03
8.006606e+10,5.201498e-07,1.000006e+00
2.120537e+09,2.777216e-07,1.000564e+00
4.518960e+01,1.992730e-15,5.006005e-10
2.205412e+04,2.133954e-12,8.885261e-04
9.244468e+07,1.397873e-09,2.018697e+00
6.465193e+01,1.270297e-15,1.178612e-09
6.260132e+03,1.396343e-13,7.840159e-05
1.687315e+10,9.999502e-08,9.997325e-01
9.833043e+01,6.740510e-15,2.256628e-08
2.351838e+04,1.965548e-12,3.655179e-03
1.048972e+05,7.447331e-11,8.192965e-02
1.327979e+03,1.597058e-13,4.570544e-06
3.256628e+05,9.661295e-12,2.267909e+00
7.824433e+05,8.626949e-12,6.588433e-01
8.439308e+05,2.099176e-11,1.990810e+00
1.938020e+06,1.718261e-10,6.067175e-01
3.435707e+01,8.983788e-16,2.201864e-09
6.515464e+03,4.162431e-13,4.795106e-05
7.450917e+02,4.561134e-14,3.505629e-08
1.274280e+03,1.146258e-13,1.493350e-08
2.264358e+03,4.074395e-13,2.442164e-05
2.107242e+10,1.182820e-06,9.999618e-01
4.489953e+01,3.787553e-16,3.340670e-10
1.084118e+06,9.398180e-11,1.017595e+00
4.922149e+05,8.888104e-13,8.026685e+00
1.092293e+03,1.088687e-13,4.937449e-07
1.307404e+06,1.039539e-12,7.150423e-01
1.600150e+04,8.383072e-13,2.063057e-04
5.865001e+04,9.664753e-12,5.050933e-04
8.456567e+09,8.740064e-08,9.997805e-01
6.404358e+11,4.605684e-06,1.000002e+00
1.253624e+01,2.682718e-15,2.664207e-10
4.924560e+03,5.696624e-14,4.375089e-05
1.483593e+02,3.838990e-14,6.170048e-08
9.736788e+01,1.048232e-14,2.759246e-08
9.031231e+01,6.438007e-16,2.096100e-08
1.753755e+06,2.882966e-10,9.525106e-01
5.357862e+04,1.658991e-12,7.995791e-04
6.284708e+10,1.259317e-06,9.999667e-01
4.687253e+01,1.020836e-15,6.948896e-10
1.036838e+06,3.085378e-11,6.952728e+00
4.805633e+10,3.210940e-09,1.000002e+00
1.478923e+06,5.858864e-10,6.425517e-01
3.644611e+09,1.208170e-08,1.000484e+00
1.984574e+02,1.841615e-14,6.453271e-08
7.388139e+02,8.100069e-14,1.103979e-06
5.096192e+02,3.408378e-14,5.131738e-07
3.012032e+05,1.664569e-11,2.492901e+00
9.391212e+02,2.030235e-13,1.099495e-05
6.196625e+06,7.747658e-11,1.070645e+00
2.763292e+03,1.575245e-14,1.470499e-05
1.654835e+07,4.396188e-10,9.302645e-01
6.098454e+06,1.338611e-09,9.957280e-01
1.621245e+01,3.243801e-15,8.059119e-10
5.850406e+10,3.680187e-06,1.000047e+00
2.036758e+01,1.611291e-15,2.878693e-10
1.413788e+05,9.422212e-12,1.360367e-02
1.449321e+04,1.907482e-12,1.001309e-03
2.691996e+04,2.194736e-12,2.042740e-04
6.126045e+09,2.135401e-16,3.161514e-01
3.802189e+02,1.272961e-14,2.545196e-07
9.231322e+10,6.855350e-06,1.000003e+00
1.974450e+11,4.208423e-16,1.000001e+00
1.135957e+05,4.065818e-12,1.095530e-02
1.841415e+07,5.618619e-10,1.167508e+00
5.103251e+11,6.472520e-05,1.000000e+00
1.519285e+10,6.174046e-07,9.999538e-01
8.311898e+03,1.195451e-13,2.599518e-05
9.950575e+05,4.238719e-11,9.172165e-01
3.065917e+06,1.731812e-10,1.158104e+00
4.629224e+03,3.135317e-13,3.716286e-05
2.193807e+02,2.381185e-15,6.908463e-08
7.211893e+10,1.225731e-05,1.000000e+00
9.431202e+09,1.811539e-08,9.999382e-01
7.116905e+02,9.710228e-15,1.016160e-06
8.142432e+07,1.473486e-10,9.940692e-01
1.706699e+06,2.443865e-11,9.247359e-01
4.631598e+04,7.565050e-12,9.439829e-03
3.113015e+02,3.475164e-14,9.289891e-08
8.219743e+02,8.255384e-15,8.518700e-06
1.377212e+06,9.488269e-11,9.235758e-01
4.010280e+03,4.828472e-13,1.863612e-05
3.865820e+02,2.029863e-14,6.744017e-07
2.170975e+06,2.980182e-11,9.660071e-01
6.745820e+10,1.486925e-05,1.000002e+00
1.969568e+11,8.665177e-07,9.999682e-01
1.266277e+10,1.179312e-07,1.000129e+00
3.234485e+03,1.912267e-14,1.315617e-05
1.719377e+04,6.422155e-12,2.192359e-03
3.059860e+06,1.482906e-10,8.830794e-01
2.246669e+07,5.861997e-10,9.942876e-01
4.437853e+06,3.120447e-10,7.396573e-01
5.634822e+03,4.187875e-13,5.691478e-05
3.004310e+03,3.282148e-13,2.570242e-05
1.419019e+06,1.218627e-10,7.390622e-01
2.961016e+12,1.848021e-03,1.000000e+00
2.303329e+06,2.195145e-10,1.266254e+00
4.416320e+05,1.367480e-11,5.253767e-01
3.094822e+02,5.694094e-15,8.757646e-09
7.073768e+05,3.924655e-11,1.196511e+00
1.176973e+03,4.171628e-14,3.701771e-07
5.010564e+05,2.578361e-11,2.332199e+00
1.063638e+11,1.642305e-06,1.000000e+00
1.341178e+04,1.703849e-12,2.456062e-04
1.110659e+09,2.843647e-09,9.979843e-01
2.248365e+05,1.080298e-11,5.406694e-03
3.189858e+02,1.215793e-14,2.235058e-09
1.032441e+06,5.802196e-11,7.994410e-01
2.107934e+04,6.045841e-13,7.522647e-04
9.320653e+10,1.007100e-05,1.000003e+00
6.674959e+05,2.784141e-11,3.419106e-01
5.972809e+04,8.642546e-13,3.459202e-03
6.050585e+11,2.158087e-05,1.000001e+00
5.764355e+06,1.311810e-10,8.480511e-01
2.170072e+03,8.140815e-14,3.037266e-05
8.118807e+02,3.231698e-14,1.108753e-06
1.401470e+07,7.893101e-10,1.081629e+00
4.906537e+03,1.094050e-12,7.641631e-05
7.204975e+09,5.952842e-07,1.564299e-02
1.018802e+05,2.879067e-12,6.174572e-04
1.587289e+07,9.454744e-11,9.399568e-01
1.161408e+05,1.355738e-11,6.653220e-02
6.036237e+04,1.009109e-12,7.270925e-03
1.409617e+03,1.868295e-14,1.701517e-08
6.417307e+10,4.767277e-07,9.999290e-01
5.818065e+02,1.674661e-13,5.721267e-07
4.349680e+07,7.788136e-10,9.916542e-01
1.265241e+04,3.852860e-13,1.234460e-04
2.811811e+03,8.650848e-14,3.509703e-07
1.032986e+03,5.514495e-15,1.045276e-06
1.310015e+06,6.728409e-11,1.289182e+00
1.051559e+02,2.622792e-15,9.576674e-09
9.188250e+03,1.150906e-12,9.431880e-05
1.153980e+10,1.089561e-09,1.000068e+00
2.622266e+04,1.962132e-13,9.561828e-04
1.404200e+08,6.171802e-08,9.881929e-01
6.058519e+05,7.149206e-11,7.654855e-01
3.352246e+08,4.517155e-08,9.995480e-01
1.024512e+11,2.453053e-06,4.581042e+00
1.030584e+03,3.849278e-14,2.174104e-07
1.179180e+03,5.123899e-14,7.301193e-09
1.827563e+04,9.570399e-12,1.300070e-03
1.471233e+03,2.579425e-14,2.413043e-06
1.453356e+09,1.367420e-07,9.997671e-01
3.538836e+05,1.489495e-12,1.978749e-01
3.788090e+03,1.537111e-13,1.794316e-06
4.145356e+01,5.849526e-16,8.614230e-10
1.125036e+01,1.006420e-15,3.618225e-10
2.192543e+07,1.758166e-10,9.657798e-01
2.999282e+12,3.792307e-03,1.000000e+00
4.462536e+01,9.553758e-16,2.721047e-09
6.044479e+01,5.744585e-15,4.727721e-09
5.834043e+04,2.687219e-12,5.094953e-03
3.795490e+07,2.963971e-10,1.004449e+00
4.373133e+02,8.414071e-16,4.030675e-07
1.306254e+10,2.235510e-06,1.000065e+00
3.708438e+08,9.022360e-18,9.981531e-01
6.563517e+04,1.325560e-11,9.674515e-03
1.253563e+03,3.829489e-14,2.166157e-06
7.767087e+06,1.064175e-09,1.076793e+00
4.413728e+09,5.039059e-07,8.513487e-01
7.215400e+02,1.686035e-14,3.934890e-06
7.019860e+03,5.619357e-13,3.011744e-05
1.099805e+04,3.648001e-13,1.819322e-03
1.328804e+04,4.303778e-13,2.719717e-04
4.048213e+02,6.804359e-15,3.051180e-07
7.358631e+03,1.697246e-14,2.981620e-04
2.135171e+02,3.883373e-14,3.797063e-08
8.406212e+02,4.779106e-14,1.685367e-06
6.029819e+01,1.380888e-15,3.054114e-09
3.728560e+09,1.059791e-06,9.999786e-01
5.562958e+02,4.474326e-14,5.762345e-07
5.382859e+10,3.396264e-08,1.000037e+00
4.747604e+05,5.242797e-12,1.261394e+00
2.248390e+06,3.154726e-10,3.314015e-01
2.438337e+05,1.201644e-11,8.380860e-05
8.610631e+09,3.548345e-07,1.000032e+00
6.680709e+10,4.226384e-06,1.000020e+00
9.048843e+05,1.898980e-11,5.159821e-01
1.535220e+12,2.961816e-05,1.000000e+00
1.862879e+03,1.871007e-14,7.087332e-06
2.247822e+06,1.307421e-09,9.441142e-01
1.183067e+07,1.553676e-09,9.679954e-01
1.891802e+11,7.122389e-07,4.999612e-01
3.913464e+04,3.158657e-12,6.011164e-03
2.527818e+05,2.198577e-12,7.933100e-01
1.822078e+03,4.261513e-14,8.535127e-07
4.148359e+03,2.390405e-13,3.182699e-05
2.122415e+04,3.400546e-12,8.646099e-04
7.706993e+10,3.813686e-07,9.999730e-01
1.750473e+02,3.837115e-14,6.921584e-08
5.872678e+06,7.001018e-10,1.012334e+00
4.129501e+10,6.399168e-06,1.000023e+00
4.473868e+04,3.895327e-12,3.538097e-03
5.424910e+05,5.545406e-11,9.126468e-01
8.752376e+03,1.281732e-14,1.528661e-04
9.991237e+09,1.444440e-06,9.999337e-01
3.468415e+05,2.742170e-12,3.439077e-01
9.443149e+11,2.115473e-05,1.000009e+00
7.506333e+03,1.562427e-12,4.119518e-04
4.483782e+04,1.176236e-11,2.812115e-03
1.050024e+10,4.607656e-08,1.000032e+00
3.581339e+03,3.036853e-13,8.485988e-08
6.374027e+05,6.227775e-11,8.299956e-01
7.818158e+04,8.931116e-13,1.270826e-02
5.121195e+09,1.474736e-05,1.000004e+00
2.560017e+09,6.578789e-07,1.000330e+00
1.338360e+02,2.227902e-15,2.953293e-08
5.503719e+01,1.382399e-14,4.303114e-09
5.175052e+04,9.849816e-13,5.217204e-03
1.088472e+03,9.455369e-14,9.434220e-08
6.177671e+02,1.689301e-13,9.608804e-09
1.670430e+03,8.130285e-14,5.259433e-06
5.003904e+08,3.149722e-09,9.999203e-01
3.470019e+01,3.730598e-15,2.138180e-09
1.709648e+05,7.972677e-13,7.058604e-03
3.214597e+12,2.904042e-04,1.000000e+00
6.664824e+03,7.164055e-14,8.420406e-05
7.568313e+11,5.938667e-06,7.585126e-01
6.946886e+09,2.274131e-07,9.999576e-01
5.841654e+02,1.364997e-14,4.936339e-07
1.766097e+04,3.226683e-12,1.813316e-03
6.123894e+07,2.743466e-10,9.849276e-01
3.477946e+02,1.838244e-14,2.176880e-07
1.150696e+07,1.308874e-09,2.444965e+01
1.402397e+02,6.945624e-15,1.585542e-07
1.145178e+05,1.133634e-11,1.539154e+00
6.664690e+01,6.099783e-15,6.388170e-09
3.607932e+07,8.195962e-09,9.324581e-01
4.059566e+02,5.857783e-15,2.946542e-07
8.976198e+00,1.574836e-15,1.617537e-10
1.427597e+10,8.623428e-07,1.000007e+00
4.513492e+06,5.806543e-11,8.201155e-01
6.826058e+03,5.301971e-13,4.436016e-04
3.753544e+12,2.819576e-05,9.999999e-01
4.748529e+04,9.191217e-14,4.034532e-03
1.143177e+02,2.532638e-15,5.706552e-10
3.166129e+01,4.831163e-15,1.472046e-09
2.242287e+02,1.127504e-14,9.463651e-09
2.141071e+02,6.591363e-15,2.671794e-09
3.153766e+01,3.987470e-15,5.675681e-09
1.479544e+05,2.931478e-11,1.049227e+00
2.134463e+03,5.558653e-14,7.394373e-07
3.200545e+09,2.417877e-07,9.999603e-01
2.301821e+06,1.702086e-11,8.451826e-01
2.786168e+04,6.669212e-12,1.557987e-03
3.090312e+02,2.535997e-14,7.695418e-08
3.306851e+04,1.061649e-12,4.076464e-04
8.336806e+04,6.613624e-12,7.445863e-05
4.068224e+04,1.736618e-12,9.039168e-07
7.890783e+04,7.341948e-12,2.002830e+00
7.808506e+01,1.035222e-15,1.256734e-09
9.363529e+04,2.682515e-12,1.832256e-02
7.169938e+04,3.007791e-11,1.398482e-02
7.851025e+01,6.506755e-15,2.526757e-09
1.032332e+05,5.722708e-12,1.390582e-04
2.573687e+04,2.234302e-12,3.117506e-04
3.747184e+05,1.752952e-11,8.950492e-04
2.794023e+05,1.366272e-11,1.697956e-02
1.703148e+04,6.628288e-13,5.686097e-04
4.581767e+02,6.280163e-14,1.146804e-06
4.612274e+02,1.115484e-13,5.324863e-07
3.116581e+10,9.331398e-08,9.998757e-01
1.661657e+09,3.822920e-07,1.000012e+00
5.025781e+03,8.697026e-14,3.255203e-06
8.647576e+02,1.432707e-13,3.103834e-07
1.268120e+10,3.669307e-07,7.949710e-01
4.341176e+02,1.238732e-15,1.996469e-07
2.517999e+05,1.540231e-11,4.085231e-03
2.288785e+10,3.849847e-07,9.999906e-01
4.685891e+04,1.880950e-12,4.368632e-03
3.857450e+03,1.276107e-14,2.781681e-05
5.717406e+02,1.146779e-13,5.925548e-07
1.301539e+02,5.673719e-15,3.820861e-08
4.034767e+01,2.327267e-15,2.443491e-09
1.807442e+04,7.380332e-12,4.581479e-03
7.035584e+03,5.275880e-14,8.721428e-05
2.326411e+02,6.352728e-15,2.090095e-08
5.150895e+05,1.129151e-12,5.904170e-01
5.883362e+06,2.471908e-10,9.489714e-01
1.755980e+07,2.950135e-10,8.711098e-01
4.823650e+04,1.337436e-12,3.537375e-03
3.395778e+07,1.711936e-10,1.050259e+00
2.704706e+03,4.405723e-14,9.472754e-08
1.071843e+11,2.908152e-06,1.177626e+00
1.799353e+04,2.973890e-13,5.922293e-04
2.282902e+01,4.546910e-16,1.000201e-09
1.348102e+10,9.103161e-07,9.999642e-01
7.617877e+03,4.554697e-13,1.129493e-04
7.088793e+04,2.550650e-12,8.699281e-03
1.382832e+04,1.874643e-12,2.715980e-04
7.340415e+01,1.817715e-15,2.833367e-08
8.276490e+02,1.859890e-13,2.291550e-06
5.520804e+05,1.640347e-11,7.191818e-04
4.676469e+02,3.714324e-15,4.466160e-07
8.469178e+04,3.610642e-12,1.447075e-02
6.503424e+07,5.102707e-10,9.819874e-01
4.732314e+02,7.202052e-14,3.965912e-07
1.141367e+09,2.436382e-07,9.999902e-01
1.060883e+02,2.692999e-14,5.636634e-09
6.083814e+05,1.331312e-11,9.206758e-01
3.668881e+04,3.175306e-12,8.185614e-04
3.421566e+06,4.085895e-10,1.176794e+00
6.807146e+04,2.308385e-12,2.497245e-03
2.371276e+10,1.200689e-08,1.000004e+00
1.249992e+06,2.076670e-10,9.023616e+00
6.611454e+04,4.115630e-12,6.946736e-02
6.478300e+07,1.074465e-09,9.923624e-01
4.169277e+03,2.534289e-13,3.425979e-05
2.109275e+05,5.916756e-12,9.233528e-02
4.586207e+04,9.341057e-13,3.507660e-02
8.280468e+11,1.364615e-06,9.999686e-01
9.807545e+05,9.272497e-11,8.755865e-01
1.966413e+06,6.373562e-11,1.012552e+00
9.146938e+09,1.263179e-07,9.999440e-01
6.562086e+05,1.270588e-11,3.683037e-02
3.406262e+03,3.411407e-14,3.747548e-05
1.346528e+12,6.067191e-06,8.350478e-01
1.345443e+05,8.206062e-12,9.585872e-03
3.471891e+09,1.555626e-08,9.977614e-01
1.583004e+02,5.083336e-15,4.932266e-08
1.223924e+03,5.645318e-15,2.741947e-06
5.002618e+02,1.351250e-13,1.640370e-06
4.406578e+01,2.109842e-15,4.428014e-09
1.844291e+05,4.011804e-12,5.261102e-02
3.867828e+02,6.513880e-15,1.759436e-07
5.177689e+06,5.209515e-10,6.085259e-01
1.497634e+03,6.738689e-14,9.918465e-07
1.958421e+02,1.397883e-14,2.750678e-08
2.904251e+02,2.213122e-14,6.170164e-08
1.613793e+02,5.259480e-15,5.839873e-08
5.395590e+03,4.535838e-13,4.325289e-04
1.796252e+06,4.707275e-11,1.840898e+00
3.831041e+03,1.150421e-13,1.836504e-06
4.717405e+06,3.219420e-10,9.184028e-01
1.049829e+01,1.091377e-15,8.426694e-11
7.958684e+01,4.669620e-15,9.021562e-09
2.495730e+10,4.225647e-07,9.999733e-01
4.486443e+03,1.656421e-14,3.867523e-05
5.420868e+07,1.314939e-09,9.984783e-01
1.667896e+12,1.288579e-05,1.402653e+00
2.740759e+13,2.301655e-03,1.000000e+00
3.861258e+02,7.099049e-14,7.289495e-07
8.139925e+02,9.000063e-15,1.206397e-06
3.217533e+11,3.458743e-08,1.000000e+00
1.549025e+02,1.602436e-15,1.647972e-09
1.433032e+03,1.260007e-14,2.710638e-06
1.664507e+02,2.070035e-14,2.415633e-07
3.322718e+06,4.001875e-11,9.512131e-01
4.865691e+03,1.052498e-12,7.262392e-05
2.842499e+05,1.170577e-11,6.308578e-01
2.946335e+02,2.847480e-14,1.807176e-07
1.842564e+09,5.649422e-07,9.998979e-01
4.617582e+03,1.391576e-13,5.019236e-06
2.149891e+02,1.899540e-14,9.062295e-08
1.107537e+07,1.222397e-10,1.138155e+00
7.154621e+03,3.578846e-13,9.126645e-06
5.021626e+03,5.016105e-13,1.711291e-04
6.186450e+03,1.551760e-13,1.422758e-05
1.416775e+12,1.710415e-04,1.000000e+00
8.977170e+03,5.101307e-14,1.571317e-04
5.266106e+00,1.200677e-15,6.687424e-10
1.574801e+04,3.117033e-13,3.877301e-04
2.544811e+04,1.579574e-11,4.176346e-03
4.169608e+03,6.290882e-13,1.162235e-06
3.325176e+05,4.047587e-11,5.917131e+00
6.880323e+03,9.145065e-14,1.776135e-05
3.584995e+04,7.341522e-13,2.573572e-03
5.486850e+02,8.095572e-14,2.146349e-07
8.396891e+10,1.344137e-06,9.999672e-01
4.985953e+04,2.009704e-12,3.843949e-03
8.033898e+05,3.283764e-11,6.008339e-01
2.244821e+05,2.315188e-11,5.230270e-01
3.199356e+10,4.143965e-06,1.000100e+00
2.986566e+07,6.712470e-10,8.698035e-01
2.842981e+05,2.100265e-11,1.282023e-01
7.524387e+02,2.973574e-15,1.110002e-06
2.972009e+07,5.017155e-11,6.130550e-01
2.554008e+08,1.950243e-08,9.990455e-01
3.216628e+04,3.803286e-12,5.018144e-03
1.644026e+04,3.351390e-12,3.944983e-04
7.664962e+00,5.517967e-16,4.943822e-11
1.110367e+06,3.403561e-11,1.143668e+00
2.573985e+03,2.075861e-13,3.279886e-07
2.234218e+04,9.216587e-14,7.570724e-04
7.014648e+04,4.173647e-12,2.714148e-02
2.262356e+02,2.237436e-14,3.636981e-09
5.716644e+05,7.099289e-11,1.450635e+00
8.972044e+05,4.492769e-11,2.623771e+00
1.530692e+11,2.592191e-05,1.000000e+00
1.162892e+05,2.517405e-12,1.334625e-02
8.845711e+04,2.014687e-11,9.127172e-03
1.570425e+05,1.218485e-12,5.609722e-02
1.451874e+10,1.972905e-06,1.000046e+00
1.258471e+10,4.768472e-07,1.000508e+00
7.678629e+00,1.094445e-15,7.012830e-11
1.914746e+05,2.424071e-12,3.373375e-02
4.305829e+05,2.306999e-11,5.881753e-01
6.974313e+06,2.153744e-10,3.051851e+01
4.972114e+03,1.790194e-13,1.567652e-04
8.797775e+05,1.962853e-11,9.131474e+00
1.974084e+05,6.570612e-12,8.302587e-02
8.430896e+02,7.513221e-14,1.305956e-06
1.744641e+06,9.271223e-11,2.732363e+00
1.500929e+06,2.081615e-10,6.470828e-01
1.077341e+03,4.398722e-14,2.065965e-08
7.384570e+09,6.995527e-07,9.999615e-01
4.248305e+03,3.610453e-13,1.104402e-04
3.148481e+02,4.708167e-15,8.873558e-08
2.928654e+03,3.043458e-13,4.646756e-06
3.927394e+03,4.676925e-13,2.782927e-05
8.107352e+03,1.584486e-13,1.071150e-04
1.022158e+05,2.537657e-12,2.423845e-02
2.230366e+06,9.608257e-10,1.010519e+00
1.435522e+01,2.819541e-15,6.928892e-10
3.512462e+07,7.681886e-10,1.406218e+00
1.824783e+10,2.067506e-06,1.000099e+00
5.522621e+10,7.663188e-06,1.000001e+00
1.871649e+10,1.018072e-06,9.999712e-01
3.119375e+03,4.333828e-14,2.334439e-06
1.039176e+11,5.419394e-06,1.000004e+00
9.294440e+11,3.856581e-06,6.688292e-01
1.553163e+04,2.098078e-12,2.881404e-06
1.925195e+04,6.182187e-13,5.734346e-04
4.575079e+03,2.213965e-12,1.280651e-04
2.205208e+03,7.838534e-14,6.795149e-06
1.126759e+03,1.509954e-13,6.004001e-07
1.129559e+11,1.349956e-07,1.000083e+00
4.244732e+03,1.471848e-13,1.565798e-05
2.681296e+02,1.717616e-15,9.356505e-08
3.483191e+06,4.075562e-10,5.734294e-01
5.388810e+07,3.101029e-10,9.896465e-01
1.020807e+05,2.527013e-12,2.244136e-02
5.961803e+06,1.096515e-10,9.545939e-01
7.378903e+03,7.061425e-13,1.180140e-06
3.929043e+04,7.357674e-12,5.366064e-03
1.480728e+11,6.048299e-06,1.184713e+00
6.002747e+01,4.463625e-15,1.801380e-09
8.209887e+10,2.551163e-07,1.000001e+00
1.106707e+04,2.738472e-12,3.562839e-04
2.431314e+10,1.920880e-07,1.000008e+00
7.502132e+06,8.704144e-11,9.291022e-01
1.078640e+11,9.915553e-07,1.000061e+00
1.060474e+04,1.267383e-12,1.967004e-04
5.551521e+02,1.844028e-13,4.063149e-07
2.262034e+02,3.946027e-14,2.355640e-07
1.552724e+02,2.452654e-15,3.075418e-08
1.210601e+10,2.312658e-06,9.999836e-01
2.143084e+04,7.341094e-13,9.793314e-04
1.518173e+07,1.070430e-10,1.098190e+00
9.582016e+04,2.920143e-12,1.578439e-04
1.606707e+05,9.017786e-12,5.137151e-02
4.650713e+07,5.645321e-10,9.959975e-01
6.175476e+01,6.419804e-15,1.224760e-08
3.466890e+02,5.591675e-15,9.423118e-08
1.638980e+11,4.908037e-07,1.000001e+00
4.941910e+01,5.720745e-15,3.525958e-09
4.996975e+10,6.943157e-07,7.532539e+00
1.155003e+07,1.799287e-10,8.838417e-01
9.575244e+02,8.925438e-15,1.001811e-06
1.716714e+11,2.257115e-06,1.000004e+00
6.734611e+06,1.676477e-10,9.006249e-01
9.948534e+04,7.394087e-12,2.113864e-02
1.548141e+04,9.503105e-13,3.264379e-03
1.276857e+11,6.581465e-09,1.000000e+00
2.587224e+06,1.072844e-09,7.061052e-01
4.203050e+01,4.168541e-15,1.056306e-09
1.530194e+02,1.851143e-14,3.414936e-09
5.090327e+07,3.004555e-10,9.864296e-01
7.246825e+02,2.010433e-14,4.030502e-07
7.830963e+03,1.602949e-13,1.232519e-04
4.947044e+05,3.814336e-11,3.007740e-01
6.718179e+01,3.587739e-15,6.530436e-10
3.700495e+10,5.029233e-06,1.000205e+00
4.980995e+06,2.109047e-10,9.020835e-01
3.950986e+06,1.474711e-11,5.511459e+00
8.662590e+04,5.371570e-12,1.269945e-02
7.731997e+05,9.430517e-11,2.789916e+00
7.110715e+03,2.691054e-13,4.723314e-05
3.157258e+05,2.748519e-11,2.780152e-01
8.262113e+07,1.087740e-09,9.938201e-01
8.240995e+04,5.338302e-12,5.325163e-05
3.687652e+11,1.229563e-05,1.110690e+00
1.302870e+10,1.431879e-06,1.294208e-01
5.769736e+02,4.783427e-14,6.818717e-07
2.057015e+05,1.963026e-11,7.802198e-04
1.566464e+01,2.940944e-16,3.000270e-09
2.813300e+03,1.596101e-13,1.537856e-05
1.928658e+07,4.075532e-10,9.855208e-01
2.789352e+02,2.081279e-14,2.684797e-09
4.024727e+13,4.750200e-03,1.000000e+00
6.772303e+03,1.878763e-13,1.360713e-04
3.599744e+05,1.579248e-11,1.966273e+00
2.732263e+02,1.789401e-14,1.589107e-08
4.093313e+02,4.701114e-15,1.384736e-07
2.064231e+02,5.533606e-14,2.788314e-08
1.379892e+10,6.209029e-07,9.999711e-01
4.201273e+02,2.461897e-14,3.258515e-07
8.479667e+05,6.533404e-12,6.667410e+00
4.794946e+02,5.795171e-14,2.274579e-07
1.054342e+11,1.772824e-16,9.999856e-01
7.020783e+02,6.152646e-14,7.796641e-08
9.428985e+10,1.949611e-07,1.000029e+00
2.793591e+09,9.989464e-08,9.998115e-01
3.233415e+09,2.839258e-09,9.998108e-01
9.554398e+06,2.033464e-09,1.264391e+00
1.570300e+03,1.961576e-14,1.258170e-07
1.713039e+02,1.109870e-14,1.377509e-07
2.529556e+02,1.462832e-15,8.737555e-08
1.662865e+05,7.025420e-12,6.394431e-02
1.154724e+04,4.486778e-13,6.458277e-04
9.665627e+02,3.260781e-14,1.950061e-06
3.219432e+07,6.925364e-10,9.780150e-01
2.316244e+06,2.874936e-10,1.076263e+00
1.910799e+01,4.220957e-15,1.804624e-09
1.970799e+04,4.878942e-13,1.463007e-03
2.117458e+05,5.144688e-12,1.159957e-01
4.928217e+06,4.380864e-10,9.634572e-01
3.100912e+03,2.249323e-14,2.263704e-06
1.210585e+11,3.304360e-07,7.203267e-01
1.065028e+04,5.640501e-13,1.565128e-04
3.896143e+03,1.255623e-12,2.441666e-05
9.704293e+00,2.047428e-16,6.258510e-10
2.026112e+05,1.900487e-11,2.343508e-01
1.699438e+10,4.614328e-07,1.000074e+00
2.343551e+10,2.526594e-06,1.000011e+00
1.301364e+04,1.532990e-12,3.146705e-04
3.248708e+02,2.686268e-14,2.427096e-07
1.270053e+03,8.821040e-15,2.628121e-06
2.287972e+03,7.683273e-14,8.565936e-07
1.042170e+08,2.410791e-09,9.915383e-01
4.676768e+05,3.999808e-11,6.482869e-01
2.330717e+04,1.219738e-12,1.051483e-03
1.512598e+04,4.511765e-13,4.529265e-04
8.104954e+04,3.419622e-13,1.338729e-02
6.117733e+04,4.312079e-12,7.677858e-03
4.816175e+10,3.094755e-07,9.999533e-01
4.642304e+02,1.895550e-13,1.169537e-06
7.773767e+03,3.378164e-13,7.702114e-05
1.687510e+03,1.094207e-13,8.849841e-06
3.049047e+10,2.196076e-06,1.000087e+00
3.052769e+10,2.715575e-06,9.999673e-01
8.800427e+05,3.421833e-11,4.972860e-01
2.345433e+04,2.105974e-12,5.086286e-04
6.676177e+03,1.592046e-13,7.095687e-06
8.442740e+10,1.089666e-05,1.000001e+00
1.913357e+08,4.340810e-09,9.909133e-01
2.650502e+03,2.519222e-13,4.715593e-05
2.307705e+02,2.301938e-14,1.748049e-07
7.313741e+06,5.488331e-10,9.363530e-01
1.107941e+02,1.116813e-14,2.142830e-08
1.484064e+05,1.808212e-11,1.599004e-02
7.936029e+04,1.021987e-11,2.090481e-03
2.285376e+03,3.475079e-13,1.018838e-05
2.081692e+05,2.136766e-12,4.777829e-02
2.750336e+06,3.547965e-10,9.612909e-01
1.646497e+07,3.912732e-10,9.804730e-01
1.075989e+08,2.144485e-09,9.961591e-01
2.903634e+05,6.977206e-12,5.452704e-02
6.110991e+03,3.276121e-13,7.214016e-05
2.974333e+07,2.593763e-10,9.913048e-01
2.173680e+04,1.539810e-12,8.992241e-04
9.828200e+09,5.617672e-06,9.999892e-01
2.518758e+09,5.729737e-08,9.999762e-01
6.346609e+10,6.926369e-06,1.000001e+00
6.705619e+05,8.123623e-11,9.886080e-01
9.365664e+04,3.420593e-12,1.046510e-02
3.450313e+02,3.445722e-14,2.652603e-07
1.697633e+09,2.544219e-08,1.000103e+00
5.337327e+04,2.192557e-11,3.703680e-02
4.431532e+01,5.783523e-15,5.059430e-09
2.207051e+04,9.427885e-13,8.084192e-03
1.147328e+03,9.276973e-15,2.675916e-06
6.406131e+03,6.096136e-14,8.151591e-05
5.890063e+09,6.089918e-08,9.999444e-01
7.138633e+02,4.259316e-14,1.185728e-07
7.490667e+03,1.057406e-12,1.119415e-04
3.842123e+07,4.834367e-10,1.002146e+00
2.810071e+06,2.243694e-10,8.614849e-01
8.392157e+06,3.815501e-10,1.021694e+00
2.158053e+05,1.361423e-12,1.240626e-01
5.706942e+01,6.971400e-15,2.693140e-09
1.776997e+12,6.528966e-07,7.712939e-01
8.494283e+10,7.693432e-06,3.071603e+00
2.794942e+05,2.199246e-11,3.437136e-01
1.172226e+03,2.883390e-14,3.521816e-07
2.346310e+06,1.194809e-10,5.621660e-01
1.019497e+05,2.769800e-11,3.837632e-01
1.833204e+02,5.601974e-15,3.333545e-08
2.814425e+11,1.346490e-05,1.000002e+00
1.439782e+06,2.055376e-10,2.976190e+03
3.352548e+04,1.386435e-12,4.264321e-04
1.429560e+05,8.716137e-13,4.205482e-01
8.548071e+01,5.807585e-15,1.301047e-08
2.247273e+06,9.547222e-11,9.899162e-01
1.349594e+06,1.189425e-10,1.017482e+00
3.245364e+05,2.555607e-11,1.956498e-01
1.305004e+11,4.267989e-06,1.000002e+00
7.216872e+03,6.082069e-13,5.495268e-05
2.075206e+05,1.209661e-11,1.039054e-01
1.783157e+04,4.832423e-13,5.521139e-04
2.350120e+12,2.570474e-05,1.000001e+00
2.621383e+06,2.043597e-10,8.731437e-01
1.903260e+10,1.423845e-06,9.999654e-01
1.738593e+01,3.094595e-15,8.916850e-10
3.769068e+04,1.534653e-11,1.710352e-02
2.485115e+06,9.445770e-10,9.086171e-01
4.154464e+07,3.403036e-09,9.889696e-01
6.615696e+11,1.353643e-06,1.000000e+00
5.377124e+00,7.690983e-16,1.655334e-10
1.540133e+10,4.538210e-07,9.998017e-01
2.720691e+05,1.999790e-13,1.651538e-01
1.711892e+03,1.901238e-13,3.267915e-06
1.893185e+02,2.210515e-14,6.841849e-08
1.339992e+03,5.814769e-14,2.781915e-06
1.266648e+03,1.689045e-14,1.797702e-06
3.145374e+10,5.330812e-08,1.000022e+00
2.946077e+03,2.509347e-13,5.142329e-05
6.722411e+06,3.477018e-10,1.119723e+00
1.639146e+10,1.540997e-06,9.999791e-01
6.110736e+02,3.717062e-14,3.800429e-06
1.098536e+07,2.751536e-10,8.319668e-01
8.650562e+02,8.625978e-14,3.493962e-06
1.166688e+06,2.161900e-11,4.431673e-01
3.899314e+03,1.161564e-13,3.294338e-06
6.370062e+01,3.483348e-15,1.415235e-08
2.397104e+05,1.405418e-11,9.666221e-02
1.419960e+07,3.440934e-10,9.345066e-01
8.890214e+09,7.937829e-08,9.999875e-01
2.535684e+01,2.380998e-15,1.583068e-09
2.897886e+05,6.645892e-12,1.314163e+00
9.288927e+03,2.518141e-12,5.803576e-06
9.749284e+06,3.780884e-10,1.029869e+00
1.318954e+06,5.255180e-10,9.115832e-01
8.668093e+09,2.927946e-06,9.999565e-01
3.289259e+04,1.111780e-12,7.268256e-04
7.985832e+10,4.943342e-17,9.999616e-01
2.130827e+04,2.430736e-12,7.174711e-04
2.750891e+04,1.759632e-12,1.500286e-03
7.154820e+11,1.244246e-04,1.000000e+00
3.665785e+05,1.142573e-11,1.844176e+01
6.864375e+02,1.738507e-13,9.551536e-07
8.991982e+04,3.191920e-12,3.597311e-02
3.584718e+09,4.911135e-08,9.987791e-01
1.617938e+05,1.857151e-11,3.799774e-01
3.160246e+05,9.829045e-12,1.051489e-02
1.697132e+10,4.408174e-08,9.999193e-01
1.338492e+06,3.507500e-11,9.056720e-01
1.013521e+04,4.971968e-13,6.409180e-08
4.887195e+05,8.991372e-12,8.997695e-01
4.078386e+02,8.359630e-16,1.264885e-06
4.593842e+04,9.212028e-12,5.012807e-03
1.080422e+12,1.885564e-04,1.000000e+00
7.877428e+05,1.184319e-11,1.594462e-01
2.428831e+08,7.493929e-10,9.969147e-01
1.112464e+01,7.530615e-16,4.213412e-11
5.917454e+09,9.818110e-09,9.999788e-01
1.857289e+11,2.675548e-05,1.000000e+00
2.182611e+06,5.957528e-11,7.113964e-01
6.832233e+03,6.573455e-15,2.380998e-06
2.836690e+07,1.177121e-09,1.050488e+00
3.246643e+03,5.181348e-13,1.435388e-05
2.985550e+01,6.555890e-15,1.343012e-09
3.429818e+05,2.165244e-11,9.353280e-01
1.508756e+05,9.108425e-12,5.629939e-02
2.801923e+02,8.431696e-15,5.468848e-09
8.157230e+01,3.417017e-15,1.194490e-09
1.494463e+02,2.553867e-15,1.942990e-08
7.516543e+05,1.369807e-11,9.548412e-01
2.218021e+11,5.970571e-06,7.751978e-01
2.658496e+05,3.924140e-11,5.824920e-01
1.477261e+06,1.393018e-10,6.290073e-01
6.062238e+02,1.247349e-14,6.640531e-07
6.728380e+03,6.410184e-14,7.281001e-05
9.443509e+02,5.897853e-14,1.739512e-06
1.278927e+06,5.044913e-11,3.636113e-01
5.325295e+01,1.567960e-15,3.859025e-09
2.133174e+04,5.071231e-13,8.987134e-04
2.259386e+04,1.468731e-12,9.250407e-04
1.164889e+04,9.834615e-13,2.465788e-04
1.939010e+01,1.462184e-15,2.224379e-09
6.182889e+02,7.364016e-15,9.389343e-07
6.325022e+02,2.228828e-14,1.834237e-07
5.115875e+04,3.851657e-12,1.550016e-03
4.789257e+04,9.860818e-12,2.210329e-02
2.250077e+11,1.221593e-06,6.774018e-01
1.323866e+07,3.446378e-11,9.229773e-01
1.137081e+06,3.581063e-12,1.283606e+01
2.165167e+03,3.037782e-14,9.371865e-06
2.495333e+08,1.604366e-09,9.985483e-01
1.195503e+10,4.388839e-08,9.998864e-01
4.262871e+05,1.521987e-10,2.600779e-01
1.470380e+03,1.427315e-13,1.475774e-07
5.608553e+05,8.126639e-11,1.206140e+00
5.929178e+07,1.068977e-10,7.613531e-01
2.158282e+10,3.138301e-07,9.999094e-01
7.355643e+01,6.083590e-16,1.501677e-08
2.017647e+02,1.059518e-14,3.593465e-08
4.409542e+04,1.986246e-12,2.906135e-03
3.592604e+11,9.547915e-06,8.652195e-01
8.322917e+02,1.314636e-14,1.426388e-06
5.495516e+02,1.548904e-13,2.120541e-07
1.100077e+03,8.879101e-15,1.893819e-06
2.659858e+04,3.226748e-13,1.380745e-03
1.607552e+03,6.599015e-13,6.612518e-06
1.279798e+05,5.669823e-12,1.162279e-01
3.484932e+09,3.303104e-07,9.999994e-01
2.784197e+04,1.642573e-13,1.563908e-03
4.302499e+10,3.262139e-06,1.000008e+00
2.720417e+05,1.321435e-11,1.947478e-01
1.570528e+02,6.645373e-14,1.346367e-07
2.018127e+05,1.432573e-11,1.715679e-01
5.577108e+04,3.409962e-13,2.243882e-04
7.496630e+03,7.648070e-14,2.611368e-04
6.714390e+03,1.151054e-12,1.096758e-05
3.295177e+05,8.808648e-12,2.539507e-02
3.497867e+03,2.073646e-13,1.043866e-05
6.871476e+04,5.166113e-13,9.495257e-05
9.900187e+06,3.012405e-11,4.731032e+00
1.055632e+04,1.139932e-12,2.205604e-04
1.951297e+02,1.076303e-15,3.172562e-08
1.306524e+04,3.142725e-13,3.237967e-04
1.220116e+04,2.347183e-13,2.546509e-03
1.017841e+05,9.574979e-12,1.082752e+00
2.673299e+02,3.103529e-15,3.437628e-08
2.513550e+05,6.865948e-13,6.355012e-02
2.805516e+10,2.687321e-06,9.999822e-01
4.867402e+10,2.251634e-06,9.999719e-01
9.484646e+03,1.278841e-13,7.443360e-05
1.901571e+04,1.177294e-12,2.142354e-03
9.163969e+01,1.560377e-15,2.017930e-08
2.591325e+02,3.412007e-15,9.770820e-07
6.646434e+03,5.560673e-13,8.761988e-05
2.179512e+07,3.250614e-10,9.489342e-01
3.920054e+02,9.741216e-14,2.596878e-06
4.609210e+05,7.567644e-11,3.676182e+00
5.834451e+05,2.267383e-11,2.106690e-01
1.374188e+03,1.676148e-14,2.363638e-06
1.381785e+10,4.100123e-06,9.999916e-01
7.588768e+05,9.165015e-12,9.381483e-01
2.238649e+09,4.512607e-07,1.000012e+00
1.622170e+04,7.429337e-13,6.878139e-04
9.962237e+10,4.303122e-07,1.000007e+00
9.656683e+07,1.104656e-09,1.010194e+00
8.745339e+09,7.402893e-08,9.996890e-01
8.750574e+06,1.062322e-10,2.457904e-01
1.241340e+08,3.040791e-08,9.910273e-01
3.504530e+04,5.444161e-12,9.748460e-04
1.308063e+02,2.472208e-16,1.886091e-08
3.165997e+02,4.206813e-14,1.496313e-07
4.747197e+02,2.012200e-14,9.475567e-07
5.720535e+06,4.730906e-10,1.049119e+00
2.955143e+06,8.323820e-11,1.207907e+00
1.210470e+07,1.220171e-09,1.220979e+00
2.530863e+03,4.586473e-13,3.463678e-05
4.841495e+03,6.024252e-13,1.999839e-05
2.258411e+07,9.637618e-11,8.428637e-01
4.210954e+10,1.927094e-16,9.999503e-01
9.401957e+05,7.208780e-11,8.768347e-01
3.180481e+04,3.395767e-12,2.953459e-03
9.140791e+09,7.275807e-08,9.999713e-01
1.308790e+02,7.498875e-15,2.970847e-09
3.672328e+09,3.743790e-08,1.000171e+00
2.811065e+12,3.574043e-05,9.999999e-01
6.821472e+03,4.700700e-13,1.148904e-04
5.739367e+13,4.550547e-20,1.000000e+00
1.070408e+02,5.064798e-15,2.425324e-08
4.577407e+05,3.658719e-11,6.047938e-01
4.004405e+05,5.571691e-12,3.633501e+00
1.546527e+02,4.999255e-15,4.843448e-08
1.340871e+02,2.565992e-14,1.693486e-07
1.146532e+03,7.023034e-14,2.437551e-06
1.901853e+03,5.840846e-14,6.822571e-06
7.349306e+03,3.836656e-13,9.393020e-05
4.844427e+09,2.865568e-07,1.000109e+00
2.927338e+10,1.823812e-06,8.222974e-01
1.985494e+01,1.235393e-15,3.548505e-09
8.070377e+03,5.773925e-13,8.290155e-05
4.167294e+05,6.107185e-11,5.307608e+00
4.600466e+06,3.291975e-11,9.311986e+00
1.499700e+05,5.753508e-12,7.402230e-04
2.935168e+02,3.183338e-15,1.310351e-07
4.667148e+03,3.612656e-13,3.941134e-05
3.946453e+00,5.691980e-16,1.675336e-10
5.678859e+06,3.059656e-10,9.050149e-01
2.388195e+03,1.977098e-13,2.002982e-06
2.916718e+02,1.332086e-15,1.500754e-07
3.058973e+06,3.019237e-12,1.075848e+00
5.633356e+02,3.788144e-15,9.576674e-09
2.089871e+08,3.464741e-09,9.991098e-01
5.433143e+06,1.585392e-10,9.323684e-01
1.338325e+06,9.446261e-11,9.550917e-01
1.903116e+06,7.092445e-11,9.446748e-01
1.961018e+05,9.364746e-11,1.158840e-01
7.516279e+04,3.823865e-11,3.602090e-01
5.151899e+06,2.076348e-10,9.000481e-01
8.765386e+03,5.748944e-13,1.412278e-04
4.462102e+03,2.890481e-13,3.864952e-05
2.699847e+03,7.700584e-13,3.528422e-06
3.917952e+03,1.453494e-13,2.935938e-05
1.092420e+04,4.166969e-13,9.189971e-08
8.771281e+06,1.138925e-10,1.002992e+00
1.804796e+02,1.381756e-13,2.610441e-07
2.049783e+06,2.472644e-10,3.605230e-01
8.377490e+05,1.514707e-10,7.372742e-01
9.237095e+01,9.175443e-15,2.569259e-09
1.806354e+05,1.551010e-11,5.763496e-01
1.861013e+05,7.374189e-12,1.030458e-02
3.546687e+02,6.497504e-15,7.157396e-07
2.236384e+06,2.531119e-10,9.329282e-01
1.510414e+05,9.240471e-12,1.666287e-02
4.840749e+03,3.005953e-14,1.359334e-04
5.382564e+05,4.065448e-11,1.511818e-01
6.286631e+06,3.777767e-10,1.080749e+00
2.501863e+03,1.609518e-13,1.239478e-05
1.110987e+05,2.058128e-12,1.983674e-01
1.137039e+03,1.295172e-13,2.580576e-06
8.174584e+06,3.945371e-11,7.441671e-01
2.241226e+03,3.039679e-13,1.567166e-05
2.475110e+07,8.718427e-10,2.216929e+00
3.653143e+02,5.361243e-15,2.415735e-09
1.495376e+04,9.944737e-14,4.135581e-04
1.441162e+02,8.704786e-15,1.173084e-07
1.076138e+06,6.595817e-11,8.163496e-01
4.186262e+03,6.989743e-13,2.691487e-04
4.614727e+09,4.727831e-07,9.999713e-01
1.363692e+02,1.420312e-14,1.390654e-08
2.543861e+05,1.744898e-11,3.056875e-01
6.291953e+11,3.676088e-01,1.671175e+01
8.407465e+02,4.501692e-14,2.568339e-06
2.698125e+05,2.932972e-12,7.633552e-01
8.049480e+05,9.553754e-11,3.881228e-01
7.769929e+09,9.292238e-07,9.999673e-01
2.552614e+02,1.262669e-14,2.503904e-07
2.009098e+06,1.011586e-11,6.248738e-01
3.322144e+01,3.994586e-15,2.810216e-09
1.760513e+01,2.360675e-15,5.299437e-10
3.083297e+11,8.974092e-05,1.000000e+00
4.930602e+03,7.585265e-14,4.217102e-05
1.181213e+05,6.518745e-12,2.625252e-02
4.577897e+02,2.580384e-14,3.922844e-07
1.747614e+12,3.484877e-06,1.000000e+00
1.998635e+12,3.227758e-04,1.000000e+00
4.306598e+03,1.458759e-13,1.504938e-04
1.018191e+06,5.918692e-11,1.130539e+00
3.541792e+04,4.408145e-13,1.896355e-02
2.773982e+05,1.349864e-11,7.700397e-01
1.427254e+04,5.242281e-13,4.083013e-04
5.063108e+04,3.723739e-12,8.694598e-03
4.298694e+08,1.680926e-09,9.995669e-01
2.009887e+10,1.336849e-07,9.999914e-01
3.096543e+12,1.071722e-05,4.284829e-01
3.542274e+02,1.396635e-13,4.799039e-08
2.194770e+03,9.443939e-14,8.776286e-06
2.715918e+05,1.434935e-11,3.380049e+00
9.092155e+04,5.673160e-12,6.619450e-03
8.101942e+03,9.689820e-13,6.022030e-05
3.940583e+11,1.253873e-05,1.317124e+00
8.344203e+05,8.182060e-13,1.396689e+00
9.080028e+02,4.118141e-15,2.908043e-08
4.875014e+04,4.577988e-13,4.639742e-03
1.429276e+06,1.648988e-10,1.160667e+00
1.207299e+02,9.468111e-15,2.933864e-08
1.298880e+04,3.020160e-13,8.765156e-06
3.320145e+06,3.525204e-11,9.322660e-01
5.351059e+02,2.748956e-15,4.125599e-07
3.380876e+13,1.829124e-06,1.000000e+00
7.259638e+03,2.302948e-13,2.484949e-04
7.795445e+09,1.795500e-06,9.999801e-01
1.023409e+04,6.788526e-13,2.059515e-04
1.435964e+02,4.834713e-15,2.550837e-08
7.188189e+03,5.218886e-13,1.061231e-04
1.160662e+05,1.295447e-12,1.707045e-03
5.425621e+02,5.123652e-14,5.785660e-07
4.849683e+06,4.907079e-10,1.001616e+00
5.023466e+05,2.330150e-11,3.360316e-01
1.009474e+05,1.208436e-12,1.737596e-02
7.156865e+03,6.750658e-13,8.075812e-05
1.229751e+03,1.709733e-14,6.911981e-07
2.129761e+03,2.387203e-14,6.984053e-06
2.289507e+10,3.341140e-06,1.000004e+00
1.110662e+04,1.644458e-13,2.441035e-04
2.122167e+04,3.534197e-12,2.718063e-03
8.535072e+01,6.082638e-15,5.538237e-09
2.018182e+05,1.242640e-12,1.026566e-01
7.362683e+01,6.105800e-15,1.598348e-08
1.096243e+02,3.587002e-15,2.134504e-08
7.983931e+02,3.386474e-14,6.522660e-08
2.849018e+04,5.834274e-12,1.364530e-02
9.987154e+06,3.308365e-10,1.295259e+00
1.425938e+01,2.267607e-16,2.705324e-09
8.216564e+02,4.046601e-14,9.273238e-08
2.215862e+09,6.227822e-09,1.001310e+00
3.948023e+03,1.181692e-13,9.661685e-06
1.149994e+05,1.185993e-11,3.211094e-03
6.429749e+06,6.084430e-11,2.547306e+00
1.310621e+06,2.558559e-11,9.158086e-01
2.592391e+06,6.711003e-11,1.123951e+00
1.971993e+05,1.904150e-11,1.029950e-01
2.355989e+11,6.639837e-06,1.689335e+00
4.263493e+06,6.943261e-10,9.502522e-01
1.476410e+03,1.009551e-13,3.868162e-06
1.655856e+03,5.753945e-14,3.248870e-06
2.438292e+04,1.346283e-12,2.535266e-03
8.957381e+02,1.106367e-14,1.974599e-06
1.345477e+05,6.566011e-12,1.621822e-03
3.272459e+10,6.405560e-07,9.999730e-01
4.952308e+02,5.007012e-14,1.996561e-06
2.050915e+05,2.489038e-11,9.894379e-01
1.126631e+05,3.189066e-12,1.584509e-02
5.268556e+01,1.328402e-15,4.691692e-09
7.768626e+02,7.306891e-15,2.573155e-08
2.353880e+04,3.810685e-12,4.022382e-03
1.563075e+04,7.067164e-14,4.006761e-04
1.059202e+02,4.957510e-15,2.715833e-08
1.320346e+07,2.055695e-10,8.902842e-01
2.309943e+02,2.746295e-14,9.854717e-08
2.639801e+04,1.571108e-12,1.240325e-03
4.874448e+02,5.622891e-14,4.422861e-07
4.436641e+06,2.344373e-11,9.570786e-01
1.229835e+10,2.494575e-06,3.732313e-01
4.502174e+04,8.815049e-13,6.811246e-04
2.211015e+05,1.413924e-11,1.966296e+00
2.452335e+04,6.082926e-12,1.054316e-03
1.943252e+02,1.120501e-14,2.211031e-07
3.742817e+02,5.806824e-15,2.618471e-07
1.394459e+05,1.310714e-11,5.743506e-01
5.950532e+04,1.206994e-12,1.475797e-02
9.354739e+04,1.631092e-11,2.155731e-02
1.621945e+10,8.275279e-07,1.532929e+00
8.629325e+10,8.283726e-06,8.870757e+00
1.104911e+03,9.359358e-14,2.210538e-06
1.343442e+03,4.383182e-14,9.595390e-07
3.968593e+07,7.540510e-10,9.751205e-01
2.233365e+05,3.214971e-11,2.905561e-03
5.220885e+07,2.078601e-10,8.496495e-01
1.197736e+03,7.618502e-14,1.510797e-05
2.277908e+06,1.810305e-10,9.703032e-01
9.992255e+05,6.086547e-11,1.586546e+00
6.938193e+06,1.275170e-10,8.746088e-01
4.686254e+11,5.044555e-07,1.000000e+00
1.756609e+03,3.457104e-14,1.299101e-06
1.827613e+05,1.627667e-12,7.631263e-02
3.072354e+05,3.458396e-11,7.103417e-02
2.964614e+10,8.509016e-07,1.000003e+00
8.057834e+02,8.377256e-15,9.639611e-08
9.254967e+01,2.917487e-15,6.098397e-08
5.882646e+05,2.353460e-12,7.290540e+00
3.065160e+03,1.787674e-12,1.496531e-04
7.297465e+07,3.929955e-09,9.908013e-01
1.220978e+05,1.442369e-11,6.969781e-03
1.877985e+09,1.609895e-07,9.999297e-01
2.353176e+04,1.154635e-13,1.039860e-03
1.816327e+05,1.070514e-11,6.683445e-02
4.922388e+09,4.071497e-08,9.999692e-01
5.256116e+11,7.522756e-05,1.000000e+00
5.521709e+10,2.366766e-08,9.999259e-01
8.600781e+05,8.981654e-12,1.116652e-01
5.194209e+10,2.035341e-06,2.272482e+00
4.809795e+06,4.073473e-10,8.673972e-01
4.681160e+06,2.670093e-12,9.651389e-01
3.888240e+03,7.504893e-13,2.471544e-05
1.810555e+05,1.672924e-11,1.637336e-01
4.655392e+02,2.729255e-14,1.662813e-07
8.669106e+01,1.153242e-16,4.053314e-09
4.612394e+11,3.869016e-06,1.000001e+00
1.504238e+05,1.637084e-11,2.054373e-01
2.814790e+01,1.450532e-15,5.433597e-10
1.636563e+04,8.738078e-13,4.241694e-04
4.758721e+02,3.411008e-14,2.168382e-07
7.370602e+05,4.480699e-11,1.118090e+00
1.645194e+05,8.108241e-11,6.894635e-01
5.418559e+04,6.214125e-13,1.275831e-04
1.825774e+05,2.918990e-12,1.742136e-02
4.668145e+10,4.966627e-07,9.999675e-01
7.967588e+04,3.495825e-12,2.279843e-03
2.809922e+04,2.706883e-13,8.936825e-04
2.790698e+05,8.103962e-13,5.016140e-01
2.323745e+12,1.255406e-05,9.999999e-01
2.578266e+05,8.230211e-12,9.792345e-02
3.043988e+06,2.161007e-10,9.825441e-01
4.192543e+05,4.021456e-12,2.877737e-01
7.167635e+06,6.381915e-10,1.262714e+00
3.013348e+05,8.158823e-12,1.873850e-01
1.716024e+11,6.406656e-06,1.000000e+00
2.066903e+11,1.479522e-06,1.000004e+00
1.645749e+05,1.729617e-12,1.987817e-02
4.910531e+02,4.721271e-14,4.793675e-07
1.213967e+11,1.568707e-05,1.000000e+00
3.112024e+10,3.252097e-08,1.504165e+01
7.911184e+05,2.763752e-11,7.465018e-01
7.324529e+02,1.972199e-14,5.716271e-07
6.902659e+09,4.756222e-07,9.999473e-01
9.532660e+03,1.078103e-12,1.212952e-04
7.167594e+05,1.671778e-11,2.883598e+00
7.064667e+06,1.043295e-10,1.004317e+00
1.064673e+04,9.509267e-13,9.962900e-05
9.849066e+01,3.552987e-14,1.218408e-07
1.472222e+11,2.456389e-05,1.000001e+00
3.235848e+06,1.517570e-11,4.702078e-01
2.707939e+02,9.498157e-16,3.339096e-08
2.886475e+11,2.583158e-07,1.000000e+00
8.522669e+03,6.822011e-13,1.442730e-04
1.736635e+04,2.267244e-12,1.210731e-03
8.730574e+05,1.886532e-11,3.746015e-01
5.561674e+05,9.692818e-12,2.416191e-01
3.143395e+03,2.374287e-13,1.455337e-06
5.048831e+12,1.218050e-06,1.000000e+00
1.714802e+01,2.839124e-16,3.603962e-10
3.816182e+04,1.484252e-12,2.942002e-03
7.930158e+04,1.385793e-12,5.583539e-03
2.725777e+04,1.644046e-13,1.812004e-04
6.696739e+10,3.411797e-07,9.999761e-01
4.534176e+04,2.371876e-12,1.459903e-03
5.017969e+05,9.535761e-12,8.037375e-01
9.705535e+01,1.030443e-14,1.731226e-09
4.691548e+03,6.087169e-14,4.223735e-05
4.565203e+09,7.736390e-08,9.999381e-01
8.574629e+05,1.393518e-10,4.236895e-01
1.575384e+02,9.257446e-15,7.483990e-08
2.561586e+05,2.533692e-11,5.014930e-01
3.927557e+12,4.672389e-07,1.000000e+00
1.034348e+02,2.346034e-15,2.142830e-08
6.430491e+06,1.865782e-09,1.050307e+00
2.715028e+02,3.676661e-14,1.418042e-07
7.401285e+02,2.585104e-14,1.063040e-06
9.515959e+01,3.511177e-16,1.800049e-08
3.463674e+05,1.314624e-10,8.551365e+00
5.354125e+05,1.347660e-11,9.488174e-01
1.408417e+02,1.980115e-15,4.237116e-08
1.071147e+03,7.846887e-14,5.192109e-06
6.158906e+05,2.762310e-11,1.745611e-01
1.811725e+03,9.803000e-15,6.395607e-06
1.657515e+04,1.630589e-13,7.056329e-05
3.890621e+10,2.307958e-06,1.000082e+00
1.177626e+06,1.072609e-10,9.914899e-01
1.166501e+07,1.137337e-09,1.059461e+00
5.314693e+04,1.634495e-12,2.439261e-03
8.613009e+05,1.442920e-11,8.136777e-01
1.495014e+06,1.064795e-11,1.132700e+00
3.899334e+05,2.118122e-10,1.562154e-01
1.180117e+06,5.844576e-11,2.745333e-01
6.495735e+08,3.071554e-08,1.001093e+00
3.338238e+02,5.542891e-15,1.330335e-07
2.402421e+09,6.050381e-07,9.999637e-01
1.507811e+11,4.867196e-07,1.000001e+00
3.354844e+02,6.363483e-15,2.367283e-07
1.834991e+02,1.944422e-15,2.611900e-08
2.743773e+11,3.787771e-05,9.999999e-01
1.593570e+01,2.131247e-15,6.255005e-10
2.914579e+03,3.772785e-13,9.851093e-06
1.232049e+11,9.396370e-06,1.000001e+00
2.515867e+06,4.651174e-10,9.470484e-01
4.203460e+03,5.860710e-14,9.014068e-06
4.497919e+06,9.301139e-13,9.151322e-01
1.418376e+02,1.274938e-15,6.664831e-08
2.305054e+02,1.581648e-15,9.014743e-08
5.771401e+11,6.805007e-05,1.000000e+00
2.320163e+09,1.180251e-09,9.999349e-01
7.875047e+03,1.282108e-12,2.379352e-04
1.613710e+08,2.598406e-09,9.964220e-01
4.554660e+06,1.821157e-10,9.059815e-01
7.982562e+02,3.218141e-15,1.256773e-06
4.244078e+06,9.690623e-11,9.482387e-01
1.225888e+05,4.901690e-12,6.405043e-01
3.395836e+02,1.967377e-13,1.264516e-06
2.015506e+03,3.430947e-13,3.881396e-06
4.996584e+05,4.898989e-11,9.458297e-01
1.239697e+07,1.087932e-10,1.071347e+00
2.305092e+06,1.902952e-11,7.553732e-01
1.652307e+11,4.260043e-05,9.999999e-01
4.618208e+03,9.368786e-13,1.140065e-04
3.381068e+09,3.161382e-07,9.999702e-01
2.743130e+02,2.248965e-14,1.105854e-08
7.815660e+09,1.192041e-08,9.999503e-01
4.768646e+10,3.648669e-06,1.000009e+00
1.976007e+09,3.022488e-07,9.998441e-01
4.319427e+01,6.267231e-16,3.594784e-09
5.318421e+04,1.696616e-12,1.469202e-03
8.300802e+02,5.656121e-14,5.548350e-07
7.728719e+03,1.069228e-12,1.192475e-04
4.834197e+04,2.268749e-12,1.188989e-05
1.106315e+05,2.290596e-11,4.563186e-03
1.639714e+04,5.900085e-13,7.232745e-05
7.981013e+03,1.074827e-12,1.228085e-04
1.426665e+03,1.688620e-13,3.601296e-07
2.090207e+10,7.890035e-07,9.999984e-01
3.851123e+05,2.252561e-10,8.692709e-01
6.676775e+03,4.047351e-13,2.914513e-05
5.532662e+09,1.014861e-07,9.999235e-01
5.767307e+05,1.694420e-11,1.300865e+00
1.213147e+02,2.273183e-14,5.365400e-08
8.880286e+05,4.117944e-12,1.464150e+01
1.859682e+05,3.865609e-12,2.422396e-01
1.949565e+11,1.458364e-05,1.000000e+00
1.854160e+11,9.949252e-06,1.000005e+00
2.605149e+09,3.349776e-07,1.000056e+00
5.559747e+04,2.151332e-12,5.540131e-03
2.187615e+05,1.601928e-12,1.607795e-01
2.898191e+02,1.798691e-14,1.060363e-08
6.090937e+02,5.813411e-14,4.350003e-07
1.847562e+02,4.055247e-15,6.059142e-08
1.597767e+07,1.027820e-10,8.561396e-01
2.616474e+05,6.010065e-11,3.174734e-01
1.186892e+04,2.061473e-13,2.760789e-04
1.045972e+08,3.085071e-09,9.841295e-01
2.949708e+03,4.205856e-13,1.000865e-04
5.769019e+05,1.019486e-10,1.140798e+00
2.287097e+02,4.343657e-15,3.538936e-08
3.498654e+05,1.347629e-11,9.610426e-01
7.006283e+09,7.610535e-07,9.999723e-01
6.866295e+04,1.499880e-12,2.140297e-02
7.747192e+12,3.741313e-09,1.000000e+00
1.209258e+04,3.367390e-13,3.697951e-04
6.659746e+09,1.419908e-07,9.998700e-01
2.872105e+02,6.880534e-14,2.432230e-09
7.416556e+03,3.247531e-14,1.077813e-04
2.200534e+11,1.684725e-06,1.000000e+00
9.130115e+03,6.177796e-13,9.499754e-05
2.168533e+05,1.166339e-11,2.536022e-01
5.432370e+10,7.318633e-09,1.000001e+00
9.907622e+04,3.074130e-12,2.110482e-02
1.207450e+01,1.058237e-15,1.028410e-09
1.089043e+04,1.268944e-13,2.378429e-04
1.757978e+07,1.085841e-10,9.786502e-01
2.122489e+10,2.898332e-06,1.000082e+00
3.825095e+12,2.676424e-04,1.000000e+00
1.394136e+03,6.489243e-13,1.322708e-05
9.760973e+10,1.343010e-05,1.000000e+00
1.701657e+06,7.359448e-11,7.615478e-01
2.006712e+06,9.929710e-11,2.347714e+00
1.928490e+13,6.262124e-07,1.000000e+00
3.467249e+05,6.049702e-13,3.278495e-01
2.695485e+02,8.724959e-15,3.638856e-08
5.980080e+02,3.266336e-14,2.214995e-08
9.761058e+05,5.072524e-11,9.593437e-01
5.369699e+04,4.023681e-12,3.157322e-05
1.269277e+10,5.387169e-07,9.999633e-01
1.323559e+05,1.797067e-11,1.486754e-01
3.335826e+04,5.520736e-13,1.151764e-06
4.843241e+06,1.522968e-09,9.955517e-01
2.584571e+03,2.247084e-13,1.115455e-05
1.136655e+08,1.949429e-09,9.941682e-01
1.993498e+04,1.640318e-13,7.413177e-04
4.310216e+02,1.561246e-15,2.323429e-07
5.099477e+02,5.024560e-14,3.307265e-06
1.665338e+11,1.604989e-07,9.999744e-01
6.070448e+05,2.475223e-11,7.495820e+00
1.522705e+05,4.534675e-12,8.442523e-03
1.413759e+06,2.366769e-11,2.036753e+00
1.869976e+07,1.297141e-09,9.444391e-01
5.128361e+08,2.281344e-08,1.000145e+00
6.324856e+07,1.261902e-05,1.017347e+00
7.850435e+04,9.525332e-13,3.449658e-03
5.780933e+05,3.197489e-12,1.765808e+00
3.784740e+03,6.436142e-14,2.739686e-05
5.806307e+04,5.953367e-12,6.905305e-03
2.027651e+01,4.549906e-15,1.519506e-09
2.829226e+04,1.197491e-12,2.036396e-03
2.226154e+04,4.231370e-12,8.810480e-03
4.685659e+04,3.114505e-13,4.200540e-03
5.441485e+02,3.638963e-15,1.434973e-07
1.981687e+07,1.506376e-09,1.011047e+00
1.777069e+10,1.534668e-07,9.999550e-01
1.553308e+05,9.117610e-12,1.082572e+00
7.508245e+05,2.610308e-11,9.682485e-01
1.462784e+05,1.126602e-11,3.918542e-02
1.108570e+05,7.039906e-11,1.387140e-01
7.078702e+05,1.595542e-11,2.210875e-01
4.583835e+05,5.456586e-12,4.216820e-01
4.388314e+10,2.935837e-07,1.000640e+00
1.313788e+03,3.052929e-14,6.407385e-07
1.482276e+04,1.147713e-12,4.400416e-04
8.255744e+10,2.449117e-09,1.000006e+00
1.090363e+08,2.572870e-06,9.890302e-01
5.058060e+05,9.026143e-11,2.397142e+00
3.317602e+01,2.715404e-16,1.999402e-09
2.018442e+10,2.803744e-06,7.599754e-01
9.064520e+08,2.084597e-16,9.998524e-01
1.465026e+06,5.576855e-11,5.568311e-01
9.326493e+04,1.087868e-11,5.755986e-02
2.309617e+11,1.774038e-08,9.999858e-01
1.595837e+06,3.989373e-11,3.012751e+00
1.405075e+02,1.377346e-15,1.581068e-09
2.829562e+06,3.253139e-10,1.080671e+00
5.439152e+06,7.091620e-12,9.943942e-01
7.293660e+05,7.710780e-11,6.122395e-01
2.833199e+05,1.703061e-11,2.261145e-01
4.617676e+09,9.332114e-10,9.849012e-01
1.345881e+05,4.031762e-12,5.499575e-01
2.745410e+02,4.979685e-15,2.372815e-07
2.219141e+03,5.259006e-13,1.151517e-05
1.841918e+03,3.565475e-13,6.380925e-06
1.040334e+01,1.421422e-16,5.451096e-11
7.441062e+03,8.767675e-15,3.438776e-04
6.428480e+04,5.860980e-13,3.161739e-03
1.538070e+04,1.003187e-13,3.645155e-04
1.555152e+03,8.524414e-15,4.211077e-06
1.508439e+05,1.681265e-11,5.250159e-02
1.902147e+07,1.889054e-09,9.917876e-01
4.933284e+03,4.481354e-13,4.540515e-05
2.236347e+03,3.971245e-13,4.413609e-06
1.934429e+04,6.967772e-13,6.120524e-05
1.958835e+06,3.766034e-11,8.457759e-01
1.038283e+11,5.501990e-08,9.999694e-01
1.083962e+01,4.991986e-16,2.875567e-11
7.774544e+05,1.299421e-10,2.730651e+00
1.754041e+05,1.846642e-11,2.892882e+00
7.493724e+05,2.212638e-11,3.373729e-01
7.021382e+02,7.207518e-15,8.264233e-07
3.249967e+02,5.259112e-14,5.845549e-07
2.233440e+04,7.451675e-13,8.830228e-04
1.365823e+03,1.524245e-13,1.010776e-06
6.528922e+05,1.171316e-10,1.299714e-01
9.411592e+04,1.492090e-12,1.922976e-02
9.410257e+10,4.033997e-06,1.000091e+00
9.935081e+02,1.762903e-14,1.434062e-06
1.111583e+05,1.049736e-12,5.822924e-03
7.753949e+01,8.881434e-15,6.144092e-09
2.623255e+07,7.246922e-10,9.621941e-01
3.134800e+06,5.782554e-10,9.604247e-01
5.230521e+03,2.985271e-13,5.611819e-05
4.609133e+09,7.672690e-07,9.999764e-01
6.847123e+10,3.991045e-07,9.999764e-01
2.130973e+04,6.594064e-13,4.451712e-04
7.882795e+00,5.378917e-16,3.415008e-10
8.736993e+05,7.544340e-11,7.636192e-01
8.392040e+01,1.147333e-14,1.124201e-08
1.964822e+06,1.025821e-10,5.313631e-01
3.811048e+04,1.628001e-12,1.101902e-03
7.967432e+10,3.293129e-07,3.636983e+00
6.608436e+03,8.438782e-13,8.667825e-05
6.372068e+11,6.371984e-06,1.000001e+00
4.075338e+04,3.203174e-12,3.292951e-03
3.665832e+06,6.414895e-11,9.096956e-01
3.596503e+04,2.553495e-12,5.584897e-04
3.470777e+04,5.542280e-13,2.426526e-03
1.707777e+02,2.325688e-14,3.916412e-08
3.523047e+03,1.770808e-13,2.441350e-05
6.974979e+04,3.325507e-12,1.007521e-02
1.721897e+04,1.753970e-13,2.201431e-05
8.006648e+05,7.200168e-11,2.491720e+00
8.264855e+05,4.426196e-11,8.798751e-01
5.301545e+03,2.049987e-12,2.399740e-04
3.197758e+04,8.177383e-13,1.246323e-03
6.234211e+06,2.205285e-10,9.636359e-01
5.170196e+05,1.760664e-12,2.282190e+00
2.501413e+05,1.816752e-11,1.300111e-01
1.148500e+03,2.624562e-13,2.634199e-06
2.440198e+02,8.380728e-15,2.922434e-09
1.388628e+11,3.285321e-07,4.905705e+00
1.881127e+10,4.279592e-07,8.797004e+00
7.848603e+05,3.156544e-10,1.210095e+00
1.327837e+03,6.513003e-15,3.368293e-06
1.966390e+03,1.126187e-13,4.237750e-06
1.705932e+11,3.193798e-05,9.999999e-01
1.839535e+06,2.956080e-10,8.056375e-01
4.145335e+10,1.051307e-10,9.999994e-01
1.567855e+07,1.383545e-10,8.903545e-01
3.759690e+05,1.510668e-10,9.301572e-01
8.513827e+02,7.645566e-14,1.373097e-06
1.879589e+08,8.980924e-09,1.011592e+00
6.349122e+12,2.699522e-05,9.999999e-01
4.043808e+01,2.123296e-15,4.774959e-09
5.867927e+04,1.398202e-11,6.988182e-03
2.302781e+06,8.943223e-11,8.795345e-01
1.924125e+04,1.193830e-12,4.066252e-03
7.793882e+02,1.650090e-13,1.908045e-06
3.105034e+11,4.017117e-05,1.000005e+00
1.025889e+05,2.899900e-12,1.497868e-02
4.296798e+01,4.810351e-15,2.416994e-09
5.568884e+05,2.199869e-11,2.968048e+00
3.303392e+09,4.110822e-08,9.994244e-01
5.668332e+00,1.385700e-15,1.401431e-10
7.515324e+02,1.066948e-15,1.191187e-06
2.723125e+01,3.077962e-16,8.059118e-10
2.866872e+06,3.554791e-12,7.085770e-01
2.782728e+05,4.050433e-12,3.362206e-01
9.830193e+03,2.490833e-12,1.835687e-04
2.317214e+02,1.904983e-14,1.000460e-07
1.475583e+06,2.990913e-10,1.032454e+00
1.506929e+10,4.420906e-07,1.000034e+00
2.590332e+05,1.336766e-11,2.555557e-01
6.993581e+03,6.659030e-14,8.151857e-05
1.678225e+02,2.935748e-14,3.604636e-07
2.708349e+11,1.489503e-06,9.999674e-01
6.109991e+06,2.781935e-11,1.024044e+00
3.604652e+06,5.117672e-11,9.100583e-01
1.287744e+02,3.229116e-15,2.270799e-07
8.052885e+01,3.050601e-15,1.111770e-08
4.208109e+07,4.351612e-09,1.023442e+00
1.953474e+01,1.675888e-15,5.834542e-10
1.624824e+10,1.082416e-07,9.999752e-01
6.687969e+03,2.658409e-14,3.636135e-05
1.825882e+03,3.650520e-14,4.997198e-06
7.555903e+04,4.582380e-12,9.731793e-03
1.211433e+06,5.047948e-11,7.996377e-01
1.443535e+12,1.647074e-04,1.000000e+00
1.370580e+07,1.504197e-09,9.420282e-01
4.001571e+05,7.260334e-11,1.026369e+00
2.956947e+10,1.582667e-06,9.999694e-01
8.133872e+05,1.665308e-10,7.087387e-01
2.569585e+07,1.841172e-10,9.466877e-01
2.093464e+05,3.493537e-11,2.925610e-01
2.971817e+05,6.123359e-12,3.831326e-01
3.869566e+01,4.209276e-15,3.359425e-09
6.337032e+04,2.954782e-13,8.181277e-03
6.111116e+10,7.328606e-06,1.000002e+00
1.758548e+02,1.904092e-14,4.527034e-08
1.448378e+04,9.730439e-14,4.208278e-04
5.193378e+04,1.431305e-12,1.349703e-03
6.508688e+02,3.132420e-13,4.991828e-06
4.818491e+06,6.332368e-10,8.402544e-01
1.234702e+05,6.172718e-13,2.943330e-02
9.007677e+01,1.064553e-14,1.375389e-08
6.581209e+10,3.104240e-06,9.999659e-01
1.378888e+03,1.948547e-13,1.150938e-05
1.235127e+06,1.867498e-11,5.861164e-01
6.458586e+03,1.381016e-13,3.422374e-06
3.644293e+03,1.361809e-13,1.577474e-05
2.406212e+07,2.247900e-10,9.624946e-01
2.335516e+09,2.047976e-08,1.000004e+00
5.337919e+05,1.093933e-11,6.369877e+00
3.185038e+08,3.833622e-09,9.988166e-01
4.534382e+10,6.864491e-09,1.000004e+00
5.469119e+04,7.070728e-13,1.573152e-04
4.106824e+05,3.905742e-11,7.173004e-01
1.452644e+08,1.157396e-08,1.005312e+00
3.547612e+06,2.772071e-10,9.742346e-01
4.581462e+02,1.563703e-14,4.466160e-07
2.702804e+03,1.566318e-13,9.284528e-07
5.962095e+02,1.589069e-13,1.922646e-06
4.470360e+02,2.672941e-14,3.556887e-07
2.313453e+04,1.940130e-12,8.228321e-05
9.015696e+01,5.473245e-15,3.448518e-08
1.627737e+05,6.285870e-13,5.300292e-02
1.475868e+03,2.349069e-14,5.211209e-08
2.548804e+11,1.559721e-06,1.000001e+00
3.337858e+06,2.763207e-10,9.309014e-01
1.052722e+10,8.915273e-07,9.999861e-01
2.174817e+05,3.709804e-12,8.437653e-04
1.636979e+12,2.624925e-06,6.690523e-01
7.224193e+06,2.532734e-10,9.689642e-01
2.802400e+07,1.732085e-09,9.116368e-01
3.949065e+09,6.347358e-08,9.995075e-01
2.742195e+04,3.415221e-12,1.499081e-03
1.233035e+01,3.892379e-16,5.689824e-10
9.217873e+02,2.701053e-14,5.702295e-06
4.326415e+05,3.252050e-11,9.479802e-01
4.896283e+10,3.674849e-06,1.000001e+00
2.430691e+04,9.643775e-13,1.029657e-03
4.849964e+12,2.181528e-04,1.000000e+00
8.279222e+04,3.161176e-11,4.059880e-02
1.731992e+03,2.818534e-14,5.234564e-06
6.096336e+03,3.447081e-13,5.537016e-06
5.282824e+01,3.103067e-15,5.006006e-10
1.805142e+04,1.773767e-12,2.773654e-04
5.369271e+04,6.662452e-12,3.250199e-02
9.190621e+06,1.329775e-09,1.059605e+00
7.606174e+03,2.608309e-13,3.761146e-05
4.692145e+11,3.342548e-06,1.000007e+00
2.144242e+11,5.010123e-06,9.999999e-01
6.705027e+06,8.133189e-11,8.555219e-01
7.607973e+10,5.424172e-07,1.000001e+00
2.908591e+09,1.584219e-08,9.982422e-01
4.124199e+02,2.344034e-15,2.755028e-07
2.521938e+07,6.422399e-10,9.770987e-01
4.805602e+04,7.936029e-12,3.612784e-03
1.462505e+01,2.582246e-15,2.508003e-10
1.166732e+05,6.876018e-12,2.527998e-01
7.587532e+05,2.724548e-11,4.024295e+00
6.533925e+05,2.169125e-12,1.739578e+00
2.056175e+07,7.771014e-10,9.890824e-01
1.563804e+03,2.390369e-13,4.554774e-06
4.794192e+04,3.922101e-12,4.330230e-02
1.774449e+05,2.975518e-11,2.701459e-01
9.188048e+09,1.283282e-16,1.000067e+00
1.286864e+02,9.584953e-15,2.056788e-08
1.637106e+11,2.652830e-06,1.000011e+00
8.980843e+11,5.716953e-06,1.613015e+00
4.378367e+03,2.432777e-13,1.757694e-05
1.370296e+02,4.487544e-15,3.760981e-08
3.037375e+07,5.432620e-10,1.004986e+00
2.259474e+04,4.415869e-13,2.306221e-07
5.870894e+09,5.162746e-07,9.999563e-01
1.241774e+03,2.545618e-14,2.910728e-06
3.677682e+01,1.539431e-15,1.610824e-09
2.853033e+05,8.968294e-11,9.640446e-01
3.276294e+04,4.117029e-12,2.179266e-03
3.471693e+02,2.436759e-15,1.176569e-07
1.820216e+04,1.120335e-13,6.653946e-04
1.924728e+02,1.646855e-14,4.549044e-08
5.342861e+09,1.518251e-08,4.699479e-01
7.047214e+01,4.715680e-16,8.632984e-09
1.428166e+05,1.754648e-12,3.917021e-02
7.998813e+07,2.555540e-09,9.928675e-01
8.865524e+09,8.433774e-07,9.184076e-01
1.295819e+10,1.541373e-06,9.999644e-01
8.376393e+03,6.127724e-13,8.295023e-05
7.284300e+06,1.022767e-10,8.227494e-01
6.803986e+10,1.733558e-07,1.000003e+00
2.980751e+03,3.167374e-14,5.058464e-07
2.096182e+05,6.535082e-12,1.343015e-01
1.621138e+03,4.667795e-13,4.085882e-05
2.552681e+05,1.485223e-11,4.117661e-04
1.380921e+03,3.592646e-15,8.758004e-07
5.922011e+05,3.061578e-11,5.277664e-01
3.858058e+05,8.350699e-11,6.410386e-01
1.723866e+03,8.649109e-13,1.502737e-05
7.052635e+05,8.054127e-11,2.323197e-01
1.776953e+06,5.961670e-12,3.327350e-01
1.160149e+10,4.796249e-07,9.999611e-01
6.269304e+02,1.569957e-14,7.298616e-07
3.123188e+05,2.843659e-11,5.135071e+00
8.929867e+00,4.641927e-16,1.989023e-10
5.588508e+06,4.387036e-10,9.614884e-01
4.623411e+03,6.287404e-14,4.261938e-05
8.269446e+05,6.819285e-12,2.958220e+01
2.231107e+05,3.455832e-11,5.459450e-01
5.471771e+06,2.285858e-10,1.956910e+00
4.670660e+03,1.093766e-13,2.811163e-04
2.212547e+07,6.108178e-10,9.751419e-01
7.313948e+05,1.758591e-11,1.174880e-02
1.238693e+05,5.611817e-13,3.126965e-02
9.786180e+09,2.520415e-07,9.998985e-01
1.784244e+10,3.363951e-06,9.997230e-01
2.837179e+03,2.144759e-14,1.531653e-05
3.409291e+07,4.811323e-10,1.001875e+00
4.744077e+03,4.743617e-13,4.267528e-05
4.036799e+11,3.757613e-05,1.000000e+00
1.308988e+05,1.802819e-12,1.459536e-02
2.304838e+06,1.528404e-10,6.966464e-01
2.891203e+09,3.136191e-07,9.999191e-01
9.734758e+07,1.674520e-10,9.900260e-01
2.212181e+03,1.296813e-13,7.106622e-06
8.463946e+04,2.902059e-12,1.488256e-02
1.695557e+11,8.895962e-06,1.000001e+00
2.032108e+02,3.599317e-14,3.026358e-09
9.022752e+01,2.563534e-14,2.910499e-08
6.753407e+09,1.331580e-09,9.999783e-01
3.226454e+05,3.705048e-11,9.414680e-01
3.219701e+07,1.229740e-09,9.896190e-01
1.645628e+08,8.808339e-09,9.999774e-01
2.992880e+04,9.507933e-13,4.413112e-03
1.995533e+04,2.669052e-12,3.432004e-03
1.457085e+04,5.312457e-13,1.581256e-05
1.388733e+06,5.468856e-11,9.800859e-01
1.462116e+10,1.917172e-07,9.999594e-01
2.832239e+01,2.956574e-15,1.005765e-09
1.106248e+06,4.633168e-11,1.355567e+01
1.907951e+03,1.277995e-13,1.893291e-05
7.071206e+09,8.287838e-08,9.999775e-01
1.293382e+11,1.523766e-06,9.999684e-01
5.771705e+10,1.791137e-09,4.737760e-01
1.029763e+03,1.489267e-14,7.280430e-06
1.719249e+10,6.574175e-07,9.999683e-01
1.432221e+05,1.285362e-11,3.479041e-01
4.149487e+10,6.674254e-08,9.999679e-01
4.166397e+07,2.117166e-09,1.016566e+00
1.418304e+02,8.891221e-15,3.852574e-08
2.925008e+04,8.206633e-13,6.494420e-04
3.145038e+06,3.009217e-10,2.089990e+00
3.751237e+03,2.183328e-13,1.239481e-04
5.924166e+04,1.080976e-11,8.929366e-03
1.674531e+06,5.663788e-11,4.227497e+00
1.553569e+02,5.419695e-15,5.246122e-08
3.734525e+11,1.754512e-08,1.000000e+00
7.111353e+10,5.054051e-06,1.000000e+00
2.040852e+07,5.374570e-10,1.029237e+00
1.257211e+02,1.853336e-15,1.681180e-07
1.289273e+03,3.061855e-14,3.221369e-06
1.279789e+03,7.356550e-14,1.544321e-06
2.834850e+02,7.787949e-15,9.604429e-09
1.751065e+04,7.918155e-13,4.375312e-04
8.888566e+02,4.190496e-14,9.580402e-07
5.530041e+03,7.229090e-14,3.687456e-05
3.713753e+10,3.315326e-06,1.000002e+00
1.887763e+02,1.194655e-14,5.336026e-09
2.632788e+05,9.978467e-12,3.351888e-01
1.438587e+12,8.791271e-05,1.000000e+00
7.072299e+09,9.780784e-09,1.000072e+00
1.741042e+01,2.882697e-15,4.728449e-10
1.208202e+06,1.569252e-10,9.349439e-01
4.627241e+02,2.363492e-14,8.161020e-07
9.649350e+05,8.560510e-12,6.651407e-01
1.747792e+03,3.487518e-14,1.945766e-08
9.912378e+00,5.774236e-16,3.063115e-10
1.434423e+05,5.147430e-12,3.133374e-01
3.053679e+10,3.274952e-06,1.000017e+00
9.583758e+09,1.983159e-09,9.983436e-01
2.280447e+06,7.819703e-11,1.113224e+00
2.715217e+10,2.975093e-06,1.000005e+00
5.987040e+05,4.973916e-11,1.078049e+00
6.723176e+03,2.283071e-13,1.776332e-04
2.690311e+10,3.956280e-08,1.000004e+00
8.359987e+05,6.668391e-11,6.211709e-01
4.981391e+05,6.476121e-11,6.138417e-01
2.901901e+07,5.744980e-09,1.052131e+00
1.458930e+06,1.055888e-10,7.027192e-01
5.316959e+09,3.218156e-08,9.999765e-01
1.897305e+03,1.869277e-13,4.466289e-06
1.486403e+04,1.222588e-13,1.668387e-04
6.322286e+02,7.410239e-14,1.343011e-06
2.877239e+06,5.086934e-10,9.746952e-01
2.199461e+05,1.520327e-12,4.886593e-02
2.898551e+06,2.111193e-11,5.822467e-01
2.305833e+06,2.513020e-11,7.583849e-01
1.297886e+05,1.368115e-11,4.489799e-01
9.713394e+03,1.076765e-13,1.871041e-04
9.924818e+06,3.489644e-10,9.884347e-01
7.103328e+04,2.417414e-12,7.958140e-03
3.880243e+05,6.715974e-12,6.346523e-01
8.675865e+05,1.957910e-11,2.218709e+00
3.862269e+07,3.909303e-10,9.071490e-01
1.010453e+05,4.020384e-11,9.276728e+00
4.463398e+03,5.016503e-13,3.356146e-05
1.803601e+03,1.231936e-13,1.493889e-06
5.133983e+10,2.605550e-08,1.000003e+00
5.046292e+03,1.962738e-13,4.624629e-05
5.176749e+11,2.703917e-06,1.000000e+00
8.189577e+03,2.362335e-13,1.323047e-04
7.945714e+05,2.282798e-10,1.032395e+00
9.805007e+05,9.582959e-11,1.109218e-01
5.023650e+01,1.324974e-15,8.614231e-10
1.733784e+05,3.121145e-11,4.481805e-01
6.618256e+02,1.537272e-14,2.426402e-07
1.753297e+02,1.408501e-14,2.600797e-08
9.309375e+03,1.503320e-13,2.324062e-04
4.780163e+09,4.413685e-08,9.994450e-01
1.653196e+02,8.112816e-15,7.038907e-11
6.005892e+01,7.975991e-15,3.525958e-09
4.204570e+03,2.095807e-13,3.132428e-05
1.357275e+02,1.338384e-14,9.465651e-09
4.487501e+09,3.772857e-09,9.999820e-01
4.004014e+04,1.834031e-12,1.057089e-02
9.276163e+06,6.036496e-10,9.950924e-01
1.798239e+07,1.798492e-10,9.338823e-01
1.666815e+04,4.179961e-14,4.663367e-04
3.217429e+06,4.946633e-11,8.704464e-01
7.102424e+06,4.019677e-11,8.968612e-01
9.781965e+11,7.367553e-05,1.000000e+00
4.213932e+11,7.070645e-06,1.000002e+00
8.251271e+10,6.659891e-05,1.000000e+00
1.227666e+12,2.267466e-05,1.000000e+00
8.538121e+05,9.273716e-12,9.334029e-01
1.618856e+02,1.511746e-14,1.198790e-07
9.462993e+06,4.971973e-11,1.125367e+00
4.265905e+03,1.152380e-12,1.073617e-04
1.221241e+04,4.788694e-13,5.367408e-04
1.480489e+07,1.058340e-10,1.517019e+00
3.166734e+01,3.138101e-15,1.902751e-10
8.880787e+03,2.502142e-13,1.116710e-04
2.750283e+04,4.995812e-12,1.519050e-03
2.088780e+05,5.362446e-11,5.132253e-01
1.685718e+05,1.793871e-13,5.549173e-02
1.146610e+06,6.383176e-12,5.886482e-01
9.427826e+10,5.333937e-06,1.000008e+00
5.962327e+04,2.325537e-12,9.428276e-03
1.734077e+02,3.483402e-15,1.046292e-07
1.545932e+09,3.770008e-07,9.998920e-01
2.240452e+10,1.290338e-07,9.999628e-01
4.576154e+07,1.885326e-10,1.005859e+00
2.412186e+11,5.056946e-06,1.000001e+00
2.004991e+05,2.544838e-11,1.464833e+00
3.159159e+09,5.225854e-07,9.999871e-01
1.849919e+01,1.054972e-15,1.287769e-11
1.540373e+04,1.452247e-12,4.732398e-04
1.564795e+12,2.283916e-06,9.999998e-01
6.105652e+06,1.340293e-10,8.383310e-01
1.038597e+03,2.613906e-13,8.579850e-06
6.051113e+03,1.722994e-12,3.448121e-04
9.739881e+09,1.903475e-07,9.996595e-01
6.951589e+02,2.834091e-14,8.758559e-07
1.072823e+03,6.225954e-14,3.439758e-07
8.611484e+06,9.355987e-11,4.496856e-01
3.647465e+04,4.770992e-12,1.374293e-03
4.861834e+04,2.747343e-12,4.707667e-03
2.058298e+06,2.784587e-11,3.738106e+00
9.018323e+02,2.462414e-13,1.973253e-07
3.617870e+10,5.496723e-19,1.000001e+00
6.626993e+06,1.571084e-10,9.416602e-01
5.009669e+03,1.920452e-12,5.054209e-05
5.476852e+02,1.305419e-14,1.602696e-06
3.808801e+04,2.038202e-12,2.529224e-02
1.227341e+05,9.702274e-11,5.862347e-01
5.395868e+03,6.398838e-13,4.950340e-04
1.079895e+04,1.532701e-13,2.081834e-04
9.982484e+03,1.120194e-12,2.635926e-04
2.511756e+03,8.500597e-14,1.154363e-05
2.787024e+09,1.495359e-16,1.000801e+00
1.796072e+03,2.064816e-13,2.353953e-05
1.823130e+03,8.512782e-14,6.492669e-06
1.486676e+11,1.550114e-05,9.999999e-01
5.100726e+05,2.826144e-11,7.664233e-01
1.471847e+04,1.909863e-12,3.987228e-04
4.299416e+05,8.951908e-12,1.175010e+00
1.503560e+06,1.695313e-10,1.834245e+01
7.179950e+05,1.843658e-11,2.544584e+00
2.860754e+05,1.802175e-11,1.245114e+00
5.743262e+10,1.327826e-08,1.000003e+00
5.865535e+02,3.606225e-14,1.436916e-07
5.880280e+07,6.378062e-10,9.866130e-01
1.166958e+04,3.440096e-13,1.531198e-04
1.141222e+04,2.042155e-12,3.910652e-04
2.879836e+09,1.688749e-09,9.999805e-01
1.453534e+05,1.894170e-13,2.374369e+00
2.878440e+05,3.609786e-11,4.244290e+00
4.412239e+03,1.213326e-12,3.888270e-05
1.682619e+03,3.821517e-14,1.102258e-06
5.082388e+06,1.160781e-10,3.704157e+00
6.096619e+05,2.103903e-10,7.681097e-01
4.734416e+02,9.814008e-15,4.445898e-07
3.371100e+04,1.814170e-12,2.175417e-03
3.640041e+12,2.660334e-16,9.999999e-01
2.385414e+02,2.365257e-14,4.149559e-08
1.361754e+05,1.408016e-12,3.188131e-02
2.247347e+03,8.974843e-15,2.000286e-05
4.048866e+12,2.211089e-05,9.949110e-01
1.986195e+10,2.954927e-06,9.999482e-01
2.784959e+06,1.127916e-10,8.113648e-01
7.642439e+05,1.196139e-10,8.063596e-01
2.140762e+06,6.116889e-11,4.186415e+00
3.713343e+07,1.573312e-10,9.544793e-01
2.191055e+02,5.079232e-14,2.659138e-08
6.263351e+04,6.064517e-13,2.657643e-02
7.200577e+05,2.627235e-11,1.416405e+00
9.406499e+06,1.071428e-10,7.703646e-01
2.627349e+04,1.897574e-12,4.449459e-03
1.170079e+11,2.338800e-06,2.539471e-01
6.354950e+07,6.436847e-08,9.412621e-01
2.443828e+06,3.211445e-11,4.951010e+00
1.936790e+06,1.841499e-11,1.058361e+00
8.638786e+04,4.201363e-12,6.767869e-03
1.436592e+05,3.990187e-12,4.124276e-02
5.247002e+11,2.813145e-04,1.000000e+00
1.194274e+07,1.675023e-10,9.241511e-01
1.163283e+05,7.743891e-12,1.782399e-02
7.048675e+02,1.205784e-13,1.174048e-06
1.581199e+05,4.561998e-12,4.443794e-02
8.033000e+03,2.505315e-13,7.046633e-05
3.856991e+02,2.330189e-14,1.338217e-07
2.489779e+03,6.000383e-14,7.057143e-07
2.677427e+04,7.137065e-13,3.688106e-04
8.364033e+06,1.944231e-09,9.629249e-01
9.480460e+04,1.593134e-12,1.941599e-01
4.087251e+13,1.881549e-06,1.000000e+00
2.180761e+09,1.365820e-08,9.997815e-01
6.392049e+02,1.561254e-13,4.704494e-06
9.373090e+05,5.256891e-11,8.647972e-01
9.230091e+10,3.065914e-06,1.000004e+00
5.625789e+05,3.176453e-12,3.626312e+00
5.947851e+06,1.036412e-10,1.011675e+00
1.518094e+03,5.525440e-14,2.946172e-06
7.623627e+06,4.779492e-10,8.232854e-01
4.303279e+03,5.745952e-14,2.251419e-05
2.461486e+07,4.273300e-09,9.820878e-01
5.041257e+12,6.168681e-05,9.999999e-01
1.617344e+04,8.993865e-13,2.805141e-03
1.491145e+06,6.522366e-11,1.009972e+00
3.657755e+03,1.193455e-13,2.665537e-05
6.086368e+06,4.185825e-10,1.056400e+00
1.405580e+11,4.029691e-06,9.999567e-01
3.434021e+02,9.345737e-15,2.203525e-07
2.087013e+10,2.216484e-07,9.998237e-01
4.449552e+01,1.537116e-15,3.248402e-09
6.877095e+00,6.811936e-16,1.932889e-10
3.902032e+02,5.161418e-15,2.773347e-07
3.264249e+04,1.317921e-12,1.603678e-03
3.288106e+03,1.095207e-13,2.245589e-05
4.147621e+02,3.145760e-14,3.498600e-07
8.827722e+05,8.970624e-11,8.922494e-01
8.216945e+05,2.170593e-11,6.454004e-01
2.338008e+04,2.479729e-15,1.099528e-03
1.785823e+04,6.856155e-13,6.375954e-04
3.043019e+09,6.386727e-08,1.000228e+00
1.286907e+05,4.988231e-13,3.771049e-02
2.494504e+03,2.798045e-14,2.253139e-06
4.224847e+11,4.662550e-06,9.999999e-01
8.860735e+02,1.480978e-14,1.574861e-07
3.216964e+05,2.219185e-11,4.672658e-03
2.639529e+00,5.356903e-16,3.311538e-11
2.498354e+05,2.346921e-11,2.785655e+00
3.354044e+01,1.255315e-14,2.166901e-09
2.117025e+05,1.798689e-12,1.402932e-01
5.202737e+10,2.565802e-07,1.143060e+01
1.094084e+08,1.603230e-08,9.996639e-01
7.500426e+04,1.295331e-12,4.779694e-02
2.800166e+07,2.742294e-09,9.987042e-01
2.871849e+06,2.608492e-11,1.031558e+00
1.083610e+10,4.874390e-07,9.999847e-01
1.091774e+07,3.994472e-10,9.840998e-01
4.333670e+03,1.084461e-14,2.890982e-05
9.136643e+04,4.557973e-13,3.038364e-01
2.639417e+06,3.057701e-10,9.920323e-01
2.953426e+03,2.351644e-14,6.217888e-06
2.870908e+06,9.706377e-11,1.001201e+00
1.679393e+08,2.323464e-09,1.018071e+00
7.417246e+04,3.411390e-11,5.448861e-01
2.678290e+04,1.316003e-13,1.367561e-03
4.169642e+03,5.975261e-13,3.425929e-05
2.439842e+04,8.748902e-13,1.006630e-03
2.093932e+05,5.953874e-12,9.596242e-02
1.672721e+11,6.795773e-08,9.999999e-01
2.476001e+03,1.063659e-13,4.655638e-06
2.846948e+05,3.727939e-11,6.221778e-03
2.780188e+07,3.337565e-10,9.872712e-01
8.906427e+04,2.922098e-12,1.639170e-04
7.104188e+11,2.144281e-07,1.000003e+00
8.220776e+09,7.367678e-07,9.999490e-01
3.887340e+01,1.400415e-15,1.377778e-10
6.875236e+03,2.050787e-13,2.821416e-04
5.819787e+07,8.170210e-09,9.962647e-01
2.515748e+04,1.814003e-12,8.613421e-04
2.849062e+12,6.395308e-05,1.000000e+00
3.051417e+03,3.699827e-14,1.829015e-05
2.155212e+10,1.586515e-07,9.999593e-01
1.968584e+04,7.993812e-13,6.820882e-05
4.308177e+09,1.765877e-06,1.000047e+00
3.613335e+04,4.661319e-12,5.444617e-03
2.772343e+05,1.269732e-11,7.840186e-02
4.889920e+09,5.242690e-08,9.999345e-01
8.830771e+06,3.468049e-10,9.927471e-01
9.890814e+09,1.362350e-06,9.999541e-01
4.682613e+05,2.205749e-13,8.420641e-01
2.464011e+04,9.054961e-14,1.205868e-03
1.105829e+06,1.864644e-10,8.816953e-01
1.107107e+05,1.091549e-12,9.095096e-04
2.897744e+03,5.422179e-14,2.371106e-05
7.975619e+04,8.683518e-12,6.248965e-01
1.587361e+06,2.409203e-10,3.676238e-01
1.057235e+04,4.197285e-12,8.529542e-04
3.302114e+09,6.180087e-08,9.984128e-01
4.939999e+03,3.471542e-13,3.235353e-04
6.208209e+02,1.086389e-14,4.231348e-07
8.434012e+02,1.908189e-14,8.399680e-07
4.396810e+04,1.508663e-12,1.098704e-02
3.821638e+03,6.987915e-14,3.650774e-05
6.082041e+02,2.230455e-14,2.292725e-06
2.126810e+11,1.217835e-05,1.000003e+00
7.664303e+04,1.956883e-13,1.204250e-02
1.703171e+12,9.369259e-05,1.000000e+00
1.053714e+02,1.891327e-15,1.099221e-08
2.372389e+05,1.057832e-12,2.125791e-01
1.471967e+04,3.496258e-13,3.104539e-04
1.045107e+05,9.387211e-12,3.083546e-02
1.249921e+10,4.517361e-07,1.000074e+00
1.360154e+06,3.234614e-11,8.948139e-01
2.608748e+03,4.381842e-13,1.325853e-05
1.003576e+04,2.426538e-13,1.981753e-04
1.173843e+07,3.821379e-12,9.814128e-01
5.961378e+05,7.052967e-12,2.428415e+00
2.511742e+10,4.533975e-06,1.000003e+00
1.641454e+02,2.057751e-16,2.757668e-07
1.763393e+06,1.616167e-11,2.615039e-02
1.663016e+06,1.481216e-10,1.066644e+00
6.086987e+01,1.024792e-15,5.006005e-10
4.861668e+11,8.433125e-05,1.000000e+00
1.217604e+06,1.246513e-11,2.416085e+01
4.052048e+05,4.177178e-11,7.110004e-01
8.786700e+10,2.251527e-06,9.999692e-01
4.398432e+10,7.648744e-07,1.000030e+00
6.667871e+01,1.434159e-15,1.484560e-08
4.425769e+04,7.468767e-12,1.902217e-04
4.193474e+01,1.524717e-15,1.027956e-09
4.734354e+03,2.957789e-13,4.471298e-05
6.736574e+10,1.071785e-08,1.000002e+00
9.124316e+04,4.598422e-12,8.636410e-03
1.035626e+05,2.264570e-12,1.322766e-02
1.156589e+05,2.266567e-12,1.466315e-02
9.832046e+05,3.566092e-11,1.100740e+01
3.556134e+04,7.461378e-12,8.531953e-04
3.973685e+01,1.914597e-15,4.414137e-09
1.090187e+06,1.077903e-10,9.514371e-01
1.855057e+06,6.811548e-11,7.546545e-01
3.606935e+02,1.103126e-14,2.298449e-07
8.961108e+03,3.352646e-13,7.948032e-06
4.565589e+04,9.354283e-13,3.802272e-03
3.623550e+04,1.589809e-12,2.398014e-03
1.280407e+06,8.260051e-11,1.497341e+00
7.330926e+02,4.464192e-15,9.083577e-07
1.205777e+03,7.391127e-14,4.210659e-06
1.717715e+07,2.281548e-10,1.025217e+00
3.034716e+11,4.497990e-04,1.000000e+00
6.605104e+02,8.153314e-14,3.422550e-07
3.556072e+05,3.574882e-11,3.492724e+00
6.629178e+10,2.924942e-06,9.998652e-01
3.703776e+02,1.737926e-14,1.085531e-07
1.042632e+07,9.030984e-11,1.096300e+00
3.621374e+05,1.443615e-10,1.754619e+01
3.370290e+01,1.026883e-14,1.191158e-09
2.339323e+01,2.153030e-15,1.361023e-09
1.073860e+04,2.793860e-12,1.586383e-04
1.904269e+11,8.027873e-06,1.397658e+00
1.497622e+07,1.585255e-09,9.537191e-01
9.762618e+03,5.821637e-14,1.441794e-04
2.488416e+04,5.838407e-13,1.918026e-03
2.740971e+06,4.404678e-11,9.292579e-01
1.362967e+02,1.064462e-15,4.241152e-08
1.064451e+11,9.179163e-07,9.999423e-01
2.669009e+04,6.013354e-13,1.375913e-03
2.422042e+06,3.271165e-10,1.239333e+00
1.195008e+10,5.006611e-07,9.999643e-01
2.168083e+03,1.787114e-13,6.782548e-06
2.603243e+11,1.878085e-06,1.000004e+00
3.482143e+04,1.217009e-12,9.324723e-04
1.663750e+07,7.711628e-11,8.488803e-01
8.895311e+04,3.211408e-12,1.383008e-02
6.884139e+05,7.824386e-11,2.873521e-02
3.652118e+05,4.118587e-12,4.097257e-01
3.044261e+07,3.055418e-10,9.935676e-01
1.448576e+05,3.618608e-11,3.517459e-02
1.750853e+05,4.935588e-13,5.290802e-02
4.085551e+09,1.542629e-07,9.994415e-01
3.231097e+06,5.756271e-10,9.518388e-01
4.397822e+10,2.939580e-07,1.000112e+00
1.142991e+04,7.757838e-13,2.617616e-04
1.830810e+10,4.563812e-08,1.000160e+00
5.886349e+04,4.690361e-13,6.767091e-03
4.658029e+05,5.091446e-11,7.221913e-01
6.316312e+05,2.031725e-10,8.430388e-01
9.202097e+10,1.045541e-05,1.000001e+00
2.419675e+04,2.664154e-12,6.991455e-04
1.143738e+12,8.577357e-07,1.000001e+00
9.331631e+03,1.083992e-12,7.121689e-05
5.566994e+01,4.768812e-16,1.211047e-08
3.839963e+10,4.712180e-06,1.000003e+00
1.180369e+04,2.729108e-13,2.765519e-04
1.238878e+02,1.077311e-14,8.355428e-09
1.306790e+04,3.407465e-12,7.013412e-04
3.185385e+11,4.911614e-06,1.000011e+00
8.593258e+05,3.032262e-10,7.258997e-01
5.124052e+01,1.672125e-15,1.388779e-09
1.420356e+10,1.516172e-06,9.999236e-01
7.202041e+03,1.552694e-13,1.794958e-04
1.243491e+01,1.001309e-15,7.885597e-08
1.238393e+06,5.746044e-11,1.270077e+00
2.226859e+10,2.125234e-06,1.000018e+00
1.364090e+02,1.669875e-15,4.916040e-08
2.315866e+11,1.817072e-07,1.000000e+00
2.806625e+05,4.003732e-12,1.748260e-01
2.310341e+11,7.544425e-06,1.000000e+00
3.107140e+05,6.170603e-12,2.894005e-02
2.844889e+01,1.418333e-15,5.656981e-10
2.245173e+02,6.037819e-14,6.280675e-08
1.828205e+02,3.565908e-14,2.460003e-07
1.092818e+07,6.877737e-11,9.501188e-01
4.089532e+04,2.649996e-12,8.011435e-03
4.067992e+05,5.870113e-12,1.274633e+00
2.080092e+11,2.309421e-05,1.000000e+00
9.994797e+03,2.171182e-14,1.893559e-04
1.071590e+11,5.290407e-06,2.411542e+00
5.086475e+10,4.414849e-06,9.999684e-01
8.530806e+01,7.337418e-15,1.274081e-08
3.425033e+04,5.460889e-12,8.563944e-04
1.326415e+04,4.859460e-13,3.766362e-05
9.200910e+04,5.815196e-13,1.456431e-02
2.732387e+11,3.146313e-05,1.000000e+00
2.321779e+10,8.564006e-17,9.999732e-01
1.600870e+03,1.718989e-14,4.396096e-06
8.262780e+06,6.046856e-10,9.607072e-01
1.108291e+05,4.689260e-12,2.574880e-02
1.758189e+04,1.030247e-12,6.137202e-04
1.584528e+10,3.334179e-06,9.995558e-01
4.425507e+04,5.022352e-12,1.843874e-02
5.990815e+12,4.547341e-03,1.000000e+00
1.428954e+07,2.050891e-09,9.726818e-01
2.219456e+06,1.114688e-10,8.993219e-01
4.586827e+10,7.104191e-07,9.999727e-01
1.538767e+04,7.607681e-13,3.381690e-05
6.542504e+04,5.408577e-13,2.960284e-03
3.124609e+02,9.510692e-15,1.091349e-06
2.124805e+02,1.194693e-14,2.237543e-07
2.701997e+04,1.387444e-12,9.114253e-06
5.980357e+04,1.366970e-12,2.000575e-05
3.239956e+03,2.178816e-14,2.107623e-05
5.143028e+04,3.794897e-12,6.394633e-03
5.028824e+06,7.931267e-11,8.492762e-01
2.092934e+06,2.725321e-10,8.703117e-01
7.607744e+03,2.860311e-13,1.362939e-06
3.503059e+05,4.618915e-12,4.288946e-01
3.457826e+05,1.830441e-11,2.552107e-01
4.060392e+10,4.591693e-17,1.000196e+00
2.779470e+06,1.403090e-10,1.037791e+00
3.543125e+02,4.725062e-14,8.728718e-07
9.844353e+09,4.782627e-07,9.999037e-01
7.658517e+10,2.370500e-08,1.000000e+00
5.254489e+05,1.077014e-11,5.041349e-01
1.872252e+06,3.024468e-10,4.096723e+00
1.370441e+02,5.464740e-14,3.424288e-07
1.907297e+07,2.621963e-10,9.520190e-01
8.944655e+10,6.579482e-06,1.000007e+00
2.022674e+11,3.933346e-06,2.332466e+00
9.507434e+03,1.227769e-13,1.348106e-04
3.195899e+11,1.586420e-05,9.999994e-01
9.691926e+01,1.470481e-16,1.845846e-08
4.539217e+03,2.047084e-13,3.398132e-05
3.916262e+06,6.049354e-11,4.747387e-01
6.312925e+03,1.252242e-12,1.002176e-04
6.054026e+09,2.315195e-07,9.999136e-01
9.559962e+05,1.073428e-11,2.460398e+00
9.454756e+06,8.307408e-10,1.181443e+00
9.344531e+06,1.995386e-09,9.293543e-01
7.465436e+04,1.619314e-13,6.971483e-03
3.206560e+04,5.957996e-13,6.675082e-04
5.924091e+04,8.473717e-13,7.947761e-03
4.580237e+04,1.925801e-12,7.059059e-03
2.841865e+10,3.318078e-08,9.999568e-01
8.097310e+01,1.014936e-14,2.200126e-08
1.463970e+06,1.086724e-11,2.911175e-01
3.821215e+06,1.955995e-10,8.988822e-01
6.648127e+02,3.725735e-14,3.913824e-07
2.426313e+03,7.066731e-14,1.070177e-05
3.294412e+07,2.133359e-10,9.373834e-01
3.203220e+01,2.027457e-15,3.516872e-09
5.153495e+01,1.202728e-14,8.711531e-09
5.682515e+00,7.314849e-16,3.693377e-11
4.751484e+11,4.508860e-06,1.000001e+00
7.441577e+10,1.476475e-05,1.000001e+00
1.062981e+04,6.119200e-13,2.233120e-04
1.615123e+05,3.557720e-12,3.955215e-02
7.998987e+03,8.619457e-13,3.468632e-04
2.543417e+02,2.115757e-15,1.229672e-08
6.832035e+04,3.606351e-12,2.377417e-03
3.177047e+01,1.529076e-15,2.442272e-10
4.778887e+04,1.940843e-11,2.752895e-02
1.482358e+02,3.812972e-15,5.479051e-08
1.235618e+07,3.645313e-10,1.011557e+00
3.179647e+04,5.604988e-12,9.876265e-03
6.502382e+01,2.078101e-15,1.043710e-08
8.769833e+04,1.925716e-12,2.078815e-02
7.065123e+05,3.976325e-11,2.215816e-01
1.193294e+10,2.166176e-06,9.999622e-01
5.578295e+09,3.900387e-09,9.999607e-01
1.182738e+03,1.492878e-14,2.732343e-06
3.213744e+06,1.612109e-10,7.655692e-01
4.671087e+06,1.915650e-10,1.033579e+00
1.158657e+06,1.022805e-10,1.402589e+00
5.720039e+04,5.054606e-12,9.565104e-03
1.325787e+06,6.832481e-11,6.466955e-01
8.236363e+06,6.832001e-10,1.025221e+00
1.568486e+02,1.332475e-15,2.878174e-08
1.277192e+11,2.867686e-07,1.000000e+00
1.713198e+11,2.662802e-05,1.000000e+00
1.556613e+07,1.628057e-10,9.528951e-01
9.227821e+11,2.201123e-06,9.999999e-01
5.387219e+05,2.389099e-11,7.498892e-02
6.033346e+10,8.330398e-06,1.000011e+00
1.227527e+03,1.057417e-13,2.987805e-06
5.816817e+05,1.793037e-11,1.127212e+00
1.586378e+04,1.716238e-13,3.338090e-04
7.489825e+02,1.135653e-13,6.714174e-08
3.380588e+03,1.137369e-13,9.604957e-06
2.697930e+09,6.750792e-10,9.999898e-01
1.314222e+03,1.551245e-14,3.536533e-06
2.669771e+02,3.654292e-15,4.632506e-08
6.795678e+02,6.144548e-14,1.117393e-06
1.073062e+03,6.994748e-14,2.212898e-06
1.391248e+04,3.927351e-13,3.370846e-04
1.321315e+06,2.879438e-10,9.518150e-01
9.672429e+02,1.213088e-13,1.752627e-06
1.799675e+09,1.848187e-08,1.000038e+00
9.507855e+10,1.240541e-06,1.000002e+00
3.527752e+04,9.717285e-13,1.487652e-03
8.897432e+05,6.103420e-11,1.047641e+00
1.545019e+03,3.018963e-13,1.892681e-06
2.127988e+05,2.538536e-11,1.178815e-01
5.031900e+04,4.138486e-12,4.471174e-03
4.459740e+06,8.820868e-10,9.737417e-01
4.841809e+06,1.321106e-10,7.692955e-01
5.103646e+06,8.131723e-11,7.906669e+00
4.706600e+05,2.246050e-10,7.673691e-01
6.000944e+10,4.837947e-07,9.999980e-01
2.567815e+03,7.901801e-14,5.812435e-06
2.114990e+05,1.332934e-11,5.285205e+00
1.557643e+06,3.658782e-10,8.476621e-01
1.835244e+11,6.705937e-09,1.000004e+00
6.104515e+11,3.499037e-05,1.360245e+00
8.276049e+10,1.214243e-05,1.000000e+00
2.619825e+02,2.106416e-15,2.885637e-09
1.060120e+03,1.782883e-13,2.336846e-06
1.350382e+05,5.793071e-13,3.026194e-04
4.412981e+02,3.361016e-14,3.889121e-07
2.366290e+03,5.455929e-14,1.966028e-05
1.399569e+04,9.679326e-14,3.215550e-04
5.999542e+11,6.627752e-05,1.000000e+00
1.217376e+03,3.432350e-14,6.017696e-07
2.935311e+06,8.996533e-11,1.228408e+00
2.534230e+02,1.104282e-13,3.746903e-07
2.683348e+11,3.397319e-06,7.198306e-01
7.967275e+04,3.026252e-13,8.264070e-03
2.242950e+06,2.071246e-11,4.747694e+00
3.899139e+10,9.740947e-07,1.000028e+00
1.938638e+03,5.501174e-14,3.094109e-06
1.190764e+02,2.393324e-15,1.085343e-08
1.422882e+05,1.147587e-12,3.486983e-02
5.587888e+03,6.094936e-14,7.555790e-06
1.890925e+05,1.311317e-11,7.099751e-01
1.001153e+10,4.116933e-09,1.000098e+00
1.060963e+12,1.168962e-05,1.000001e+00
9.183209e+04,8.747488e-12,1.990319e-01
2.891563e+11,3.649629e-06,1.000000e+00
1.917213e+06,4.566447e-11,8.537955e-01
3.023349e+06,4.283436e-11,1.647610e+00
1.920043e+04,2.540709e-13,1.993516e-03
6.517948e+02,4.357910e-15,8.894284e-07
2.541052e+06,1.259891e-11,6.890319e-01
1.013310e+03,8.672362e-14,2.791357e-06
2.316178e+09,3.114346e-07,1.001954e+00
9.686510e+10,8.761108e-06,1.000001e+00
7.467018e+01,3.849461e-15,1.149181e-08
4.336758e+02,8.505972e-15,1.177023e-06
2.627937e+12,1.957705e-07,1.000000e+00
1.816912e+00,5.881839e-16,1.397780e-10
7.811575e+02,1.514130e-13,1.472933e-06
2.779272e+11,3.467503e-06,9.999335e-01
9.078064e+06,5.698742e-10,9.880184e-01
2.471980e+01,4.474451e-15,1.147090e-09
2.012507e+03,4.596091e-14,2.711620e-08
8.833400e+08,1.398768e-08,9.996001e-01
8.355982e+10,7.852910e-07,1.000001e+00
2.059646e+10,1.937128e-07,9.999768e-01
6.230746e+09,1.444233e-07,9.999756e-01
2.935344e+09,9.800816e-07,9.999607e-01
7.490225e+03,1.192115e-13,1.918022e-04
5.114401e+05,2.108290e-11,9.422203e-01
2.362427e+07,2.002238e-10,1.067332e+00
3.404924e+03,1.441171e-13,4.232532e-06
3.903164e+07,3.746523e-10,9.958176e-01
1.711899e+04,9.945056e-13,1.730285e-04
4.423385e+02,2.977526e-14,1.200116e-07
2.801569e+04,3.343383e-12,2.176573e-04
8.944465e+04,4.714139e-12,1.636713e-02
6.196584e+06,2.631320e-10,9.824623e-01
3.708787e+04,2.736189e-12,3.238910e-03
6.119675e+01,3.786060e-15,6.468049e-09
4.810340e+02,5.042604e-14,5.473325e-08
1.628079e+03,5.902053e-14,2.098753e-06
9.937093e+06,6.333777e-11,1.220730e+00
1.966016e+06,5.026317e-11,6.682676e-01
7.994615e+05,1.293822e-11,7.946023e-01
2.716557e+07,3.869034e-11,9.896880e-01
1.114594e+10,1.615893e-08,1.245456e+00
3.977844e+04,3.499228e-12,4.681506e-06
4.591907e+05,1.769200e-11,1.262679e+00
6.498695e+06,1.235497e-10,1.250004e+00
4.208103e+06,4.632405e-10,1.369249e+00
2.914158e+12,5.018300e-05,1.000000e+00
9.177852e+05,4.846677e-11,9.976175e-01
1.989217e+02,6.692287e-15,6.079471e-09
9.114400e+04,1.451792e-12,1.565982e-02
3.038173e+10,6.146572e-08,9.999527e-01
3.647793e+03,1.079497e-12,9.234819e-05
1.074313e+09,4.473555e-12,9.996696e-01
6.569673e+07,1.028323e-09,9.747294e-01
4.670953e+02,1.043711e-14,2.506169e-09
6.134469e+05,3.245471e-11,1.597017e-01
2.657035e+04,1.260403e-12,6.079787e-03
1.069143e+04,1.371013e-13,2.279328e-04
4.984309e+04,1.471083e-12,1.185399e-03
1.777413e+05,7.184038e-12,6.080197e-02
1.469690e+06,1.041681e-10,5.859921e-01
7.940049e+05,1.613768e-11,7.292974e-01
2.751140e+09,3.371621e-07,9.998377e-01
6.007425e+04,1.233891e-12,7.675758e-03
8.604910e+03,3.790221e-12,1.588138e-04
4.453671e+04,5.737610e-12,3.633632e-03
8.926305e+05,4.686491e-11,4.166266e-01
1.064619e+05,3.336351e-12,2.273891e-03
4.559417e+10,7.558191e-06,1.000002e+00
1.549588e+02,3.236617e-15,5.103332e-08
7.301239e+05,9.090478e-12,8.179083e-01
1.458869e+06,7.603894e-11,1.373780e+00
1.191684e+06,3.790464e-11,1.071985e+00
1.010388e+11,9.070255e-07,1.000003e+00
3.482618e+03,3.994137e-14,9.921683e-05
3.904861e+03,1.472831e-13,1.496717e-05
1.161295e+04,4.307651e-13,8.730591e-06
1.828368e+04,4.195413e-13,1.628583e-05
7.152034e+05,3.110174e-11,1.663092e+00
1.084472e+04,1.317654e-12,5.261527e-04
1.172871e+11,1.204682e-06,1.000004e+00
3.190627e+02,9.682427e-14,2.019783e-07
3.258895e+05,2.482030e-11,4.721151e-01
1.400002e+05,8.013924e-11,3.977134e-01
3.504186e+07,1.656474e-09,9.375494e-01
2.661814e+06,8.808820e-11,9.293554e-01
1.344763e+04,1.211716e-12,3.992622e-04
9.081428e+03,9.215960e-13,1.246311e-04
1.238863e+02,1.667014e-14,1.562739e-08
2.229000e+04,5.396322e-13,9.876304e-04
3.667991e+04,2.810110e-12,6.588336e-03
3.225352e+03,6.001246e-14,5.964070e-05
6.690680e+05,2.399271e-11,8.555858e-01
3.213734e+11,1.702564e-16,1.000004e+00
7.951184e+06,5.188370e-11,8.862502e-01
4.600554e+04,1.199942e-12,1.097350e-04
1.906764e+03,3.606024e-13,2.172360e-05
6.275098e+03,1.023332e-12,9.354232e-05
3.428142e+02,1.809335e-14,4.437712e-07
9.719155e+05,2.225342e-10,8.725243e-01
1.399466e+02,4.283176e-16,9.160340e-09
9.091291e+02,1.177719e-13,1.109336e-06
2.980518e+02,4.273537e-15,5.869016e-08
2.557055e+10,2.064132e-10,1.000005e+00
4.975346e+05,3.770492e-12,1.105129e-01
2.292078e+05,1.337670e-11,3.098040e-02
5.036690e+03,3.045869e-14,4.772516e-05
4.502422e+04,1.376283e-12,8.854298e-04
1.924760e+06,4.746716e-11,6.122186e+00
1.926941e+10,5.668353e-07,9.999994e-01
5.827328e+05,3.706395e-11,3.558078e-01
1.432110e+06,3.216986e-11,7.581764e-01
4.730843e+11,5.240439e-07,1.000002e+00
3.383333e+10,2.105184e-06,9.999626e-01
5.414903e+07,8.471888e-10,1.035579e+00
1.874429e+05,1.983680e-11,3.068082e-03
3.365678e+03,4.521402e-13,2.865823e-05
2.531046e+02,4.438299e-14,7.217260e-08
2.511056e+11,1.855277e-16,1.229115e+00
2.343376e+09,3.291178e-07,9.997937e-01
5.158889e+04,6.526502e-12,2.039478e-02
1.546526e+05,1.380197e-11,7.735156e-01
3.074772e+01,9.942728e-16,1.194490e-09
1.053268e+05,3.339477e-12,1.546018e-02
2.305916e+04,1.675905e-13,7.070263e-04
1.913029e+04,3.351304e-13,2.221281e-04
4.213464e+01,8.863599e-15,1.251663e-09
9.955395e+03,2.412465e-12,1.471210e-04
5.688066e+04,2.324352e-12,4.092301e-03
4.480684e+02,1.248712e-14,1.726684e-07
5.586147e+02,2.843476e-14,1.291320e-06
9.314450e+08,4.024643e-10,9.997003e-01
4.072699e+02,2.616987e-14,3.363153e-07
6.917892e+03,4.165340e-13,4.331527e-05
2.992774e+02,1.449431e-14,1.685884e-07
1.879080e+04,5.893096e-13,6.580481e-04
7.163741e+09,3.549146e-07,9.999014e-01
4.730051e+10,2.964519e-06,9.999677e-01
2.462339e+07,7.648869e-10,8.991259e-01
2.071391e+09,2.812226e-07,1.000219e+00
1.913455e+03,8.047875e-14,7.261220e-06
4.912394e+06,4.736148e-10,2.669134e+00
2.237038e+03,1.095737e-13,3.965107e-06
1.740552e+11,2.423031e-05,1.000000e+00
1.309990e+06,1.858832e-10,1.202408e+00
1.476378e+07,1.828608e-10,1.150756e+00
1.626870e+06,5.813880e-11,1.006509e+01
1.384413e+06,1.332866e-10,5.863438e-01
3.776260e+02,7.747990e-15,2.402255e-07
1.719114e+06,5.433565e-11,4.407290e+00
5.701840e+03,3.512135e-13,2.596892e-05
1.076190e+05,1.554695e-11,2.306100e-02
1.103054e+10,1.432444e-08,9.997932e-01
9.100735e+04,8.617961e-13,2.542839e-03
7.285556e+05,1.668844e-11,7.676194e-01
5.100131e+06,1.288091e-10,2.016219e+00
2.413909e+09,4.369667e-07,9.999708e-01
1.201150e+05,2.461490e-12,5.194596e-02
1.789088e+03,1.919667e-14,4.048264e-06
3.951764e+01,3.038501e-15,1.466391e-09
1.638619e+02,2.855569e-15,1.516459e-08
3.232284e+06,6.058591e-11,5.856760e-01
1.943024e+06,1.635899e-10,7.746053e-01
2.923916e+02,1.178628e-15,3.834165e-07
9.644663e+07,2.420660e-10,9.784043e-01
1.464862e+06,6.401064e-11,1.494559e+00
1.836588e+04,1.996816e-13,6.634311e-04
5.225655e+03,7.067546e-14,9.304712e-05
1.452880e+04,1.491039e-12,2.461829e-03
1.057298e+09,2.425313e-09,9.998588e-01
1.041855e+04,1.169706e-13,7.820172e-05
1.799536e+06,7.269947e-10,8.656957e-01
2.214299e+03,5.414101e-15,8.290036e-06
1.522114e+05,2.678527e-12,4.974419e-02
1.433658e+08,1.669588e-09,9.965859e-01
2.415143e+04,3.029632e-13,7.547807e-05
1.918269e+02,2.781975e-15,9.724452e-10
2.058518e+04,1.019334e-12,7.853751e-05
6.478275e+09,9.085029e-07,9.999701e-01
2.876259e+01,1.518552e-15,5.251894e-10
1.364564e+10,1.331282e-07,9.999614e-01
2.164262e+02,1.267987e-14,2.845047e-08
9.928140e+05,1.700549e-11,6.088364e+00
1.757879e+11,6.860191e-07,9.999692e-01
1.916756e+02,7.637279e-15,1.163059e-08
7.718481e+04,3.453486e-12,1.242061e-02
7.409446e+04,5.351454e-12,1.141327e-02
5.474320e+10,2.228516e-07,9.999960e-01
4.106798e+01,1.188112e-14,1.785491e-08
4.415871e+06,3.161405e-11,1.424062e+00
4.934885e+05,3.984872e-12,7.570128e-01
1.208923e+03,5.940948e-14,2.661122e-06
1.366812e+04,3.901957e-13,9.838251e-07
1.169737e+04,3.741976e-13,9.400744e-05
4.891075e+11,2.001042e-04,1.000000e+00
6.520934e+05,4.291588e-11,6.370089e-01
6.415820e+06,4.332678e-10,8.920715e-01
1.477250e+10,1.988181e-07,9.999616e-01
2.759233e+12,1.992559e-05,1.000000e+00
2.161827e+02,5.793616e-15,8.548817e-08
5.438921e+11,1.282920e-06,1.000000e+00
5.579500e+03,1.450788e-13,1.462172e-05
1.319546e+01,1.144483e-15,1.078139e-10
6.952817e+04,2.440735e-13,9.971687e-03
1.229961e+04,7.260822e-12,2.451620e-03
1.498159e+03,2.370124e-14,2.687032e-06
5.349987e+06,1.202246e-10,1.797274e+00
4.782215e+10,1.150426e-06,2.409486e-01
5.961113e+06,7.948264e-11,8.386157e-01
1.142045e+07,1.396269e-09,9.839435e-01
2.568386e+02,1.081600e-14,7.772561e-09
3.060208e+04,2.205933e-12,2.033920e-03
2.272938e+07,4.897977e-11,9.848204e-01
3.486485e+02,1.670080e-14,4.241383e-07
1.399941e+03,1.775144e-13,2.922170e-05
2.046894e+04,3.493210e-13,7.983432e-04
1.644455e+09,3.497160e-10,9.998217e-01
3.272783e+04,9.419277e-13,6.683882e-05
2.063701e+01,7.758629e-16,9.169341e-10
8.008858e+06,1.912493e-10,9.544655e-01
1.186083e+04,4.012998e-14,2.755547e-04
3.013371e+05,1.196768e-11,1.191337e+00
2.175177e+01,9.632540e-16,3.063115e-10
8.235406e+05,1.582854e-11,4.483484e-01
7.177880e+03,1.076176e-12,2.273672e-04
1.913813e+05,2.938600e-11,8.916339e-01
5.819886e+13,5.049697e-03,1.000000e+00
5.980953e+09,1.859413e-07,9.999646e-01
1.607515e+02,1.552097e-14,4.747204e-09
2.582686e+04,1.300835e-12,3.826517e-04
7.268085e+10,1.302355e-08,1.000001e+00
2.629767e+07,2.234117e-10,9.322251e-01
7.386035e+02,3.460463e-14,1.021184e-06
1.434831e+06,9.143083e-11,9.506571e-01
2.940048e+01,9.910937e-15,2.693291e-09
7.383738e+04,2.382531e-12,8.828111e-03
9.140035e+05,1.800471e-11,1.003142e+00
1.114563e+04,5.580078e-13,2.104597e-05
1.582935e+05,2.579036e-13,6.179027e-02
1.176670e+05,9.308277e-12,1.905606e+00
7.870210e+03,4.113868e-13,1.128775e-04
3.719953e+04,4.658214e-12,9.406521e-03
4.789417e+06,2.411848e-10,3.236846e+00
2.745005e+11,2.845922e-05,1.000000e+00
6.099625e+10,1.245006e-05,9.999980e-01
1.604690e+04,6.151458e-13,1.021356e-04
1.333544e+01,3.696094e-15,2.679427e-10
5.775214e+10,9.255298e-10,9.999526e-01
9.958031e+11,6.722786e-07,9.315532e-01
9.152345e+09,9.707086e-07,9.999901e-01
3.743207e+02,5.057518e-15,1.697819e-07
6.559682e+04,3.503681e-13,3.296191e-03
3.028505e+06,6.674652e-10,3.412068e+00
3.462290e+05,8.851317e-12,3.382793e-01
4.098487e+10,4.484705e-07,9.999769e-01
3.128129e+02,8.494527e-14,2.640419e-07
8.507254e+04,1.308044e-11,7.978748e-01
3.454356e+10,8.432155e-08,9.999799e-01
2.378473e+06,2.432618e-10,9.553851e-01
4.329585e+11,4.201855e-05,9.999999e-01
1.343335e+03,1.367215e-14,2.690599e-06
2.425785e+10,3.186983e-09,1.000059e+00
5.371755e+05,4.137541e-11,1.077415e+00
3.443908e+13,2.693298e-06,1.000000e+00
1.060501e+06,3.360747e-11,8.749759e-01
2.147472e+05,3.316250e-11,2.776056e-02
1.311468e+03,3.709864e-14,1.621308e-05
6.113844e+06,1.432870e-09,9.799327e-01
1.021835e+04,2.033495e-13,2.332413e-06
5.255021e+10,3.927028e-06,1.000056e+00
6.487890e+03,6.172593e-13,2.660156e-04
1.641051e+06,3.387648e-11,7.565876e-01
3.488527e+09,5.894237e-08,9.999720e-01
1.416682e+10,1.001696e-06,9.999605e-01
1.462485e+06,2.246750e-11,3.211358e+00
4.469383e+03,1.016679e-13,3.944269e-05
6.935907e+08,2.183618e-09,9.984860e-01
1.525503e+01,6.883933e-16,1.366136e-10
6.305456e+03,6.350794e-13,7.945913e-05
1.677396e+01,1.082430e-15,9.842997e-10
1.148149e+06,8.993558e-12,9.169346e-01
9.584597e+11,1.598174e-08,1.000000e+00
1.170024e+02,2.812152e-15,3.161460e-08
1.928038e+07,1.291894e-10,9.074248e-01
1.421754e+04,1.111277e-12,5.000953e-04
1.588909e+05,2.507119e-12,4.804360e-02
1.341336e+03,3.149693e-14,1.049550e-06
8.416200e+06,7.023275e-11,1.078849e+00
9.515755e+10,1.443854e-05,1.000002e+00
2.061873e+04,4.487415e-13,8.577812e-04
4.927390e+09,6.589947e-07,9.999245e-01
2.028557e+05,5.346359e-12,1.071342e-01
5.456880e+02,7.670907e-15,5.578971e-08
1.205557e+05,1.886675e-11,3.105252e-02
3.107165e+05,9.965446e-11,6.722984e-01
3.126830e+04,2.072237e-13,1.891019e-03
8.922302e+02,5.093814e-14,7.290840e-07
3.081545e+03,1.665557e-14,6.428997e-06
8.129679e+03,1.412458e-12,1.558023e-05
1.414749e+07,6.992926e-10,9.868038e-01
4.206687e+03,9.153545e-13,6.324343e-05
1.516633e+06,6.675990e-12,9.171028e-01
2.369738e+10,6.021247e-06,9.999645e-01
2.144780e+05,4.982445e-12,1.052688e-01
4.460078e+01,5.447566e-15,5.360370e-10
1.297801e+02,2.434297e-14,1.196365e-08
5.415233e+01,1.432058e-15,3.303914e-09
3.311794e+01,2.039035e-15,2.508002e-10
8.537194e+03,3.344631e-13,2.386400e-05
1.912971e+02,1.006032e-14,5.953671e-08
2.989845e+11,1.191509e-07,1.000000e+00
9.101574e+09,7.697813e-08,9.998641e-01
4.060142e+07,2.215289e-09,7.819405e-01
9.259887e+04,2.012313e-11,6.196186e+00
2.196129e+04,2.163294e-12,8.422146e-03
9.428162e+10,2.109982e-06,1.000005e+00
2.816133e+04,2.016194e-12,1.841926e-03
5.613962e+10,2.427995e-07,9.999951e-01
2.525144e+04,1.010062e-12,5.974387e-04
3.427798e+04,3.611206e-12,3.533051e-03
3.283909e+06,3.464825e-11,9.207237e-01
5.454584e+02,4.370278e-14,1.384058e-07
1.036154e+03,2.865056e-13,5.708963e-06
2.578096e+03,1.663472e-13,9.456353e-06
1.080427e+06,1.239291e-10,8.045238e-01
4.579027e+05,6.925037e-11,8.272247e+00
1.343241e+11,2.366162e-06,9.999605e-01
1.642468e+03,1.791175e-13,1.207840e-06
8.473895e+04,1.138812e-11,4.210263e-02
8.309347e+06,1.637153e-10,7.884855e-01
2.660681e+03,9.102827e-15,1.407238e-05
4.715994e+01,7.971824e-15,3.859025e-09
7.579180e+02,2.374091e-14,6.507556e-08
1.973775e+03,7.542904e-14,1.966931e-05
8.406405e+02,4.417775e-14,1.304929e-06
7.741318e+05,3.229928e-11,6.151505e-01
3.201305e+06,2.277308e-10,1.036359e+00
3.233198e+05,7.260353e-12,2.600845e-01
5.453444e+12,7.145416e-08,1.000000e+00
1.268906e+05,4.409688e-12,2.495201e-02
3.382010e+02,1.393308e-14,2.115858e-07
2.760380e+03,1.392808e-13,1.267483e-05
2.100464e+07,1.390167e-09,9.485831e-01
3.430730e+08,1.201790e-09,1.009699e+00
1.841913e+06,5.345870e-11,1.347461e+00
1.965105e+11,7.965172e-07,1.000000e+00
3.394271e+02,3.816749e-14,5.139503e-07
1.306785e+02,2.991375e-15,1.274081e-08
1.237062e+04,6.804953e-13,1.169668e-03
3.900991e+10,7.289249e-07,9.999932e-01
1.263172e+02,3.604517e-14,5.409564e-08
2.335278e+05,1.320829e-11,9.670377e-06
5.712735e+08,6.122054e-03,9.971994e-01
2.159864e+03,3.226860e-13,8.910068e-06
9.288238e+01,6.223879e-16,6.736454e-09
8.720960e+05,1.251153e-11,7.393887e+00
2.060948e+12,1.977027e-05,1.000000e+00
6.135921e+05,5.318044e-11,1.675739e+00
6.615934e+01,1.634501e-15,9.724452e-10
7.393227e+01,2.682247e-15,8.938296e-09
3.340592e+04,1.839016e-12,2.230717e-03
5.508750e+11,1.045957e-05,1.000000e+00
8.915471e+04,1.176388e-12,1.675678e-02
5.915193e+06,6.790716e-12,2.872494e-01
5.246648e+03,7.085920e-13,6.718851e-05
8.512425e+01,6.626213e-15,1.332873e-08
1.055936e+04,2.121401e-12,8.040191e-05
8.118304e+07,1.879800e-02,9.903701e-01
2.114443e+03,8.011642e-14,4.575517e-07
2.400768e+02,1.134784e-14,1.021415e-07
3.080877e+04,3.129922e-12,8.874309e-04
1.843095e+01,1.643624e-15,5.838672e-10
5.913176e+02,6.579359e-15,6.712696e-07
2.309382e+10,4.784202e-18,1.000069e+00
2.669590e+03,8.468767e-14,9.336907e-05
2.381634e+01,9.459270e-16,6.261129e-10
1.138884e+04,1.240075e-13,1.849170e-04
1.675394e+05,1.834974e-11,5.172530e-03
3.229687e+03,1.889692e-14,3.473415e-05
6.639369e+06,3.130427e-11,7.178262e-01
1.988283e+05,3.320062e-11,1.098800e-01
1.915088e+07,3.557293e-10,1.005981e+00
1.646414e+02,1.555610e-14,5.481826e-08
1.464111e+03,6.710629e-14,3.832222e-07
1.649700e+05,2.578363e-11,4.016849e-01
1.346618e+03,3.353929e-15,2.755075e-06
2.752447e+06,1.770729e-10,1.260555e+00
5.286225e+02,9.527386e-15,4.733168e-07
7.945734e+05,1.377107e-11,1.371411e+01
6.208918e+10,7.406069e-06,1.000001e+00
2.597254e+04,2.180915e-13,2.864127e-05
4.474656e+11,4.557703e-08,1.000027e+00
1.160458e+06,1.792386e-11,9.551642e+00
7.217256e+04,1.009697e-12,1.010832e-02
4.456323e+02,1.793769e-14,3.370370e-07
1.163201e+07,1.403579e-10,8.057534e-01
3.131848e+03,9.782938e-13,2.967827e-05
3.259475e+07,8.380900e-11,1.324719e+00
6.644651e+03,2.085148e-13,1.260391e-07
7.883685e+04,3.559623e-12,1.265850e-02
9.756422e+11,1.299353e-06,6.811604e-01
2.819929e+04,3.284281e-12,2.641706e-04
1.169214e+08,5.089429e-10,9.894049e-01
4.034666e+09,2.031362e-08,9.987457e-01
3.166325e+11,1.946516e-16,1.000000e+00
4.591923e+02,1.705770e-14,1.203855e-06
4.787169e+02,1.226599e-13,1.658409e-06
5.647553e+03,1.701970e-13,1.806533e-05
4.037358e+05,1.179700e-11,5.633569e-01
2.067615e+07,1.468999e-10,1.069532e+00
1.051917e+04,7.805046e-14,2.173565e-04
1.149192e+02,9.840271e-15,2.600585e-08
6.870860e+09,1.959021e-08,9.999675e-01
7.930769e+01,1.602685e-14,8.085809e-09
5.515591e+01,8.686886e-15,3.498203e-09
2.597466e+11,6.519546e-07,1.000005e+00
3.040480e+07,1.324695e-09,9.825464e-01
3.454690e+03,1.028155e-13,1.378742e-05
1.810242e+05,1.772733e-11,9.621155e-01
1.458529e+02,2.090293e-14,3.754277e-08
2.241719e+05,1.603423e-11,2.021972e-03
1.960596e+06,3.838310e-11,1.105284e+00
8.897950e+02,1.895925e-14,5.443031e-08
7.314913e+02,1.922111e-14,1.046442e-06
9.759035e+06,2.767607e-11,9.127240e-01
7.571010e+01,2.994162e-15,1.562786e-08
1.700360e+06,1.306830e-11,1.238299e+00
1.021828e+04,7.454669e-13,2.922727e-04
8.567679e+05,3.439389e-11,8.353920e+00
8.533513e+06,2.213106e-10,1.007375e+00
7.444361e+06,8.875418e-11,9.667307e-01
9.664757e+05,1.421019e-11,6.689024e-01
4.879220e+02,7.101970e-16,4.037058e-07
4.705174e+11,4.100263e-05,1.000006e+00
7.646158e+03,3.468167e-13,1.168849e-04
7.441919e+05,2.201416e-10,3.694873e+00
1.223552e+02,1.662242e-15,1.549798e-09
2.790353e+06,9.910369e-11,8.827889e-01
9.211424e+01,1.308275e-14,1.168610e-08
1.685843e+13,6.988611e-06,1.000000e+00
2.424422e+05,7.044268e-12,6.420794e-02
2.807135e+07,8.122357e-11,9.607347e-01
1.206425e+02,2.836656e-15,2.384304e-08
9.483941e+10,3.310872e-06,1.000013e+00
7.559790e+09,2.004199e-07,9.998635e-01
8.354585e+04,2.723781e-12,4.188573e-03
8.615022e+03,2.908490e-13,9.271414e-05
2.179627e+08,9.151149e-09,9.958351e-01
7.988303e+06,1.024954e-11,8.871038e-01
1.218721e+11,2.278947e-08,9.999775e-01
1.536583e+05,8.965031e-13,8.025529e-05
7.351835e+06,3.624052e-10,8.461209e-01
1.952650e+05,2.988253e-11,1.620448e-01
1.366846e+07,5.189599e-10,9.287213e-01
2.613437e+05,1.234486e-11,9.444247e-01
4.930626e+04,9.802832e-13,2.674208e-03
6.991696e+11,6.330736e-07,1.000000e+00
1.891059e+03,2.678573e-13,5.483741e-05
1.482321e+11,2.440704e-05,1.000000e+00
4.521575e+07,1.379219e-09,9.997576e-01
2.138947e+10,3.781987e-06,1.000018e+00
3.997037e+10,7.082821e-07,1.010262e+01
3.082606e+04,5.692223e-13,8.668611e-03
2.168173e+04,4.003923e-12,1.094827e-03
5.115273e+06,1.607350e-10,9.636904e-01
2.317767e+04,3.209465e-12,9.728535e-04
4.613172e+10,4.440124e-07,5.420748e-01
1.480444e+05,8.508062e-12,5.146393e-02
1.835246e+04,4.451842e-13,6.370802e-04
3.651979e+04,1.946757e-11,2.135209e-02
5.384966e+03,4.262448e-13,5.243467e-05
9.934481e+05,4.343521e-11,2.237870e+00
4.802674e+05,9.284131e-12,7.304888e-01
2.034625e+05,2.359351e-12,4.680606e-03
2.792562e+04,1.404543e-12,4.269966e-03
2.123682e+07,7.776593e-10,9.583712e-01
2.851332e+09,4.869812e-08,1.000624e+00
4.998487e+01,1.609649e-15,4.108825e-09
1.693453e+06,3.713984e-10,9.861417e-01
3.857842e+10,4.864131e-08,1.000002e+00
6.205479e+11,7.591802e-06,6.501846e-01
2.805952e+05,2.326886e-11,4.502220e-01
4.625543e+11,4.977157e-05,1.000000e+00
1.428784e+02,2.609466e-14,2.312139e-08
5.079694e+02,1.007693e-13,5.011834e-07
5.189577e+06,8.983238e-11,1.910584e+00
4.150377e+06,7.913527e-11,4.117420e+00
2.553211e+06,9.921758e-12,7.568672e-01
8.104986e+05,6.387575e-11,5.259675e-01
8.395210e+02,4.656776e-14,2.568787e-06
9.986591e+03,1.150820e-13,1.278118e-06
5.178054e+01,1.433150e-14,4.294610e-09
5.252496e+10,7.471439e-06,1.000000e+00
9.864348e+03,3.253464e-13,3.424689e-04
4.033562e+11,6.543766e-05,1.000000e+00
8.977241e+06,9.818270e-11,8.784439e-01
1.516694e+12,1.224627e-06,1.000000e+00
3.396256e+03,1.223314e-13,2.259637e-05
6.981417e+04,4.089060e-12,8.895758e-04
1.858893e+04,2.277442e-12,2.217829e-05
9.068716e+04,3.996510e-12,2.198456e-01
1.971014e+12,9.117724e-07,1.000000e+00
7.733001e+13,1.946990e-02,1.000000e+00
1.316960e+10,1.308862e-07,9.999573e-01
7.773491e+05,2.113209e-10,8.331077e-01
1.599042e+04,1.296428e-12,3.206211e-04
1.514728e+03,4.208339e-14,9.065229e-06
5.366570e+02,3.022123e-13,1.774524e-06
2.502301e+01,2.046974e-15,8.709647e-10
5.156073e+01,1.792092e-15,2.053988e-09
1.512985e+05,7.227073e-12,3.352087e-02
7.365948e+04,5.654403e-12,9.028125e-02
7.496344e+03,1.621114e-13,2.207411e-05
7.201384e+01,6.070813e-15,1.323065e-08
3.166465e+04,3.061643e-12,6.411911e-04
6.165503e+05,2.134145e-12,4.893549e+00
2.691019e+06,3.194104e-10,8.059462e-01
1.389825e+10,1.780643e-07,9.999612e-01
2.938778e+03,1.381380e-13,6.995662e-05
9.183609e+01,5.319212e-15,8.355428e-09
5.784826e+03,9.616979e-14,1.505180e-04
1.678167e+06,1.195077e-10,6.112745e-01
5.859065e+01,9.560493e-16,1.749601e-09
1.461593e+06,4.812163e-11,8.018446e-02
5.565056e+04,2.270881e-12,2.653349e-04
6.110437e+01,9.038295e-16,4.303114e-09
3.853271e+03,1.003170e-13,2.935852e-05
2.535379e+05,4.691767e-11,3.728512e+00
5.214666e+03,5.990352e-13,4.776804e-05
1.577469e+03,1.080630e-13,1.234932e-05
3.020331e+06,1.059367e-10,1.065043e+00
8.978128e+06,3.216996e-10,9.576998e-01
2.147524e+06,5.826066e-11,8.165608e-01
2.698941e+01,4.700669e-15,2.138179e-09
1.815243e+14,2.114973e-02,1.000000e+00
4.090697e+09,4.093261e-16,1.000009e+00
2.395780e+11,3.368538e-07,3.297311e-01
8.502614e+12,9.090909e-04,1.000000e+00
1.244330e+06,2.795040e-10,9.204587e-01
1.289093e+02,6.084710e-15,1.023804e-07
4.079735e+04,1.833658e-12,1.080117e-03
2.824416e+05,2.956857e-11,1.165933e+00
8.297138e+03,1.040651e-12,3.098326e-04
6.039395e+02,5.046585e-14,1.437676e-06
7.739394e+10,3.917674e-06,2.336933e+01
4.811840e+05,1.272619e-11,1.959894e+00
5.321835e+02,3.982083e-14,1.156921e-07
5.856265e+10,5.537553e-17,9.999584e-01
1.161846e+05,1.573425e-11,1.459584e-02
4.097314e+06,4.937712e-10,8.895715e-01
1.884738e+05,1.283913e-12,5.611130e-02
1.467796e+06,5.763251e-11,8.475531e-01
1.619159e+03,2.207025e-13,7.362732e-07
6.212283e+05,1.712171e-11,9.152874e-01
6.823611e+07,3.813632e-09,9.769964e-01
2.357470e+05,9.757523e-12,2.209765e-01
1.244351e+04,1.115328e-12,1.783197e-03
9.064250e+06,1.546545e-09,9.765570e-01
6.759717e+05,1.225237e-11,1.232804e+00
5.453058e+09,3.082496e-09,1.000031e+00
4.565926e+03,5.769729e-13,2.100791e-06
4.409903e+05,1.867620e-11,1.130562e+00
6.841083e+06,1.432284e-11,6.736207e-01
1.189356e+03,2.322256e-13,6.094082e-06
7.957816e+04,9.972637e-13,1.317425e-02
1.021798e+04,1.720938e-12,7.152275e-04
1.490771e+06,7.803013e-11,1.002767e+00
4.667595e+06,8.148995e-10,9.745845e-01
3.877434e+02,4.564493e-14,4.953364e-07
4.188070e+11,2.180843e-07,1.000000e+00
6.590216e+10,4.313506e-07,1.000019e+00
2.058959e+03,2.117497e-13,8.295319e-07
5.531985e+05,6.049138e-12,1.538076e-01
7.964833e+10,8.023752e-07,9.999690e-01
6.581260e+03,2.084589e-13,5.946768e-05
2.849655e+02,8.412268e-15,6.553191e-08
1.085271e+03,6.784398e-14,9.347824e-06
3.600263e+10,7.610271e-07,9.999702e-01
2.201499e+02,1.158609e-14,2.236617e-07
2.188695e+10,5.692184e-07,1.000053e+00
2.949272e+05,1.956074e-11,1.700907e+00
1.129633e+04,4.537397e-13,7.826015e-05
6.930621e+11,2.127173e-05,9.999999e-01
2.142139e+04,5.982341e-13,9.145102e-04
2.003378e+02,6.366427e-14,1.033723e-07
1.033653e+04,7.538692e-12,1.455042e-03
1.065090e+03,1.616353e-14,1.616647e-06
1.132229e+03,1.549772e-14,1.017807e-07
9.057952e+09,4.038383e-08,9.999444e-01
6.535256e+10,5.655661e-06,1.000001e+00
1.915497e+06,2.389964e-11,2.073564e+00
4.465277e+06,4.132562e-11,7.244604e-01
1.028347e+03,1.583881e-13,2.080892e-06
3.337008e+05,2.242031e-12,4.256006e+00
1.678716e+09,2.489523e-07,9.998669e-01
3.486591e+11,3.013955e-05,1.000000e+00
8.607722e+03,1.058174e-13,1.439109e-04
1.001527e+06,1.133111e-10,4.956327e-01
1.714140e+02,2.105141e-15,4.810141e-08
1.796269e+06,1.038175e-10,8.511660e-01
5.367789e+05,2.648234e-12,7.800773e-02
4.274656e+02,2.711458e-14,2.776955e-07
8.519577e+00,3.132067e-16,1.172779e-10
8.669565e+09,7.254163e-09,9.999749e-01
5.553642e+05,1.869323e-11,2.250269e+01
2.188048e+04,1.281942e-12,7.929239e-03
3.074493e+06,8.111575e-11,8.445466e-01
3.007754e+05,5.115130e-12,1.999514e-01
1.392161e+07,2.891443e-10,5.985629e+01
2.762300e+04,9.203706e-13,1.422038e-03
1.242815e+05,2.039670e-11,3.831499e-02
2.870265e+10,1.141991e-06,7.141224e-01
3.921958e+03,9.309619e-14,2.943627e-05
1.583674e+03,2.248542e-14,3.565566e-06
6.680544e+02,9.005234e-14,1.377304e-06
5.320053e+03,2.598689e-13,2.041957e-04
1.217847e+11,7.348335e-07,5.323292e-01
1.378555e+03,1.060455e-13,2.327764e-06
2.108632e+11,1.535590e-07,3.312382e-01
8.972518e+03,1.141329e-13,8.932796e-05
1.404871e+02,5.325019e-15,4.636181e-09
1.387871e+03,1.066976e-13,7.968913e-07
1.834609e+06,5.921251e-11,8.417021e-01
2.398107e+07,3.342301e-10,9.104420e-01
1.350128e+02,2.997065e-15,7.411739e-09
1.420919e+04,9.028692e-13,3.523093e-04
4.039740e+00,2.211425e-16,3.361697e-11
2.632404e+04,5.925630e-14,1.382558e-03
4.995058e+03,5.462043e-14,4.943029e-05
1.411106e+07,5.656803e-10,9.407348e-01
1.781041e+03,1.299870e-14,4.727969e-06
2.127222e+03,2.085944e-13,7.898655e-06
1.339166e+04,1.573158e-12,2.070612e-04
1.099600e+03,9.641178e-14,1.895396e-07
2.524566e+05,3.029331e-11,2.001854e-02
1.236873e+05,4.792681e-12,1.893283e-01
7.823693e+05,1.514673e-10,1.646097e+00
5.656390e+07,2.324731e-09,9.996903e-01
2.414922e+07,6.533741e-10,9.923372e-01
1.801262e+02,1.107412e-14,7.833553e-08
1.818369e+03,3.201808e-13,6.556839e-06
6.884464e+02,5.633505e-14,1.686815e-08
2.343977e+03,4.712263e-14,3.018808e-06
2.732531e+03,3.826776e-13,9.627394e-05
5.894765e+03,2.271185e-13,6.660611e-05
4.977397e+09,5.328749e-08,1.000045e+00
1.197457e+10,9.129049e-07,9.999814e-01
5.613240e+12,2.547636e-06,1.000000e+00
1.713833e+04,1.660309e-12,1.785022e-04
1.660554e+03,5.094153e-14,8.814071e-07
1.473213e+03,2.628244e-14,4.372365e-06
2.439656e+06,5.706323e-11,2.937685e+00
5.266337e+02,6.567958e-15,5.460364e-07
8.032144e+02,1.643781e-14,9.998665e-06
2.241618e+04,1.554721e-12,8.316825e-03
2.160255e+03,2.870764e-13,8.620133e-06
8.330476e+04,1.946358e-12,3.080990e-03
8.872419e+09,8.765746e-07,4.621380e-01
3.098435e+02,2.178287e-15,1.209876e-07
1.102726e+11,8.609619e-08,9.997886e-01
6.712736e+09,8.369381e-06,1.000001e+00
2.656934e+04,2.910623e-12,5.674452e-03
4.876644e+03,2.505874e-12,6.823015e-06
1.440937e+06,3.486988e-11,8.665157e-01
4.213092e+03,6.146463e-14,2.545497e-05
3.424703e+10,3.404964e-06,9.999217e-01
1.685637e+04,1.696074e-13,1.221531e-05
1.082573e+04,1.583994e-13,2.349703e-04
4.362980e+10,3.583405e-06,9.999977e-01
1.804348e+03,1.103468e-14,6.127794e-06
1.051196e+06,1.132617e-11,1.125268e+00
9.104775e+04,6.793819e-11,5.228827e-02
1.701107e+02,1.741260e-15,2.981049e-08
4.853715e+05,9.607337e-12,9.636268e-01
7.259023e+09,3.205971e-08,9.999636e-01
8.532476e+10,6.502729e-08,9.999774e-01
2.088234e+04,3.144752e-12,5.873938e-03
4.139179e+04,2.647499e-13,3.328512e-03
2.915627e+05,3.321987e-11,1.416296e+00
1.100938e+04,4.109832e-13,2.200103e-04
4.600830e+06,5.823760e-10,5.267405e-01
5.813286e+09,1.838857e-09,9.999711e-01
3.691903e+09,9.054729e-09,9.999707e-01
1.816679e+04,1.564954e-12,2.786988e-03
2.616873e+05,1.383809e-11,5.265259e-01
4.593443e+04,1.340180e-12,1.651745e-03
6.993020e+06,4.548892e-11,1.616804e+00
4.304228e+05,3.567391e-11,2.347762e+00
1.579634e+03,7.710003e-14,4.845125e-06
8.666219e+02,1.435082e-13,9.755817e-07
1.958959e+09,5.523133e-09,1.000035e+00
6.110331e+04,2.706767e-12,6.280176e-03
1.546299e+05,5.672983e-12,1.479861e-01
8.979606e+04,3.234060e-11,2.717017e-02
1.447701e+04,2.860924e-12,4.158321e-04
9.033699e+01,5.556583e-15,1.324041e-08
6.713552e+05,3.094185e-12,9.455348e-01
3.164797e+04,1.002140e-12,9.757538e-04
2.936205e+06,8.113710e-11,7.199143e-01
6.846137e+03,2.121111e-13,1.023298e-05
3.026264e+03,2.689863e-13,1.205868e-04
1.726863e+04,5.656035e-13,5.954260e-04
2.677357e+04,2.069236e-13,1.612478e-04
1.964685e+03,3.559668e-13,3.624210e-05
4.374597e+03,9.751225e-13,7.874843e-05
1.154195e+02,9.859832e-16,4.174877e-09
4.119349e+02,3.097623e-14,1.377684e-06
7.576827e+02,3.210775e-14,9.973976e-07
2.812490e+06,2.434933e-10,9.879336e-01
1.205550e+03,2.810908e-14,1.694396e-06
9.888681e+05,1.153497e-11,7.638252e-02
9.508282e+05,1.503056e-11,1.154094e+00
5.886833e+01,7.732603e-15,1.158986e-08
1.377006e+06,1.342140e-10,4.666946e-01
3.597132e+02,3.057477e-14,2.638592e-07
1.599912e+11,4.686118e-06,2.894809e+00
8.737549e+03,2.225734e-13,1.280510e-04
2.114739e+06,1.319528e-10,8.789984e-01
4.499286e+02,3.174098e-14,1.620360e-06
2.021925e+02,4.884748e-14,9.965736e-08
1.031655e+07,1.061957e-09,9.821328e-01
9.605226e+05,5.288206e-11,1.510419e+00
5.367007e+03,1.671258e-12,2.683506e-04
2.525811e+01,3.269032e-15,7.504007e-10
1.339567e+07,7.732504e-10,1.030869e+00
8.341292e+05,2.649425e-11,9.327152e-01
7.688106e+04,1.462117e-12,1.419612e-03
3.690139e+04,7.862451e-13,3.598346e-03
4.682148e+05,2.012544e-10,1.336895e-01
8.608390e+04,1.369372e-11,3.914001e-02
5.456606e+06,1.711340e-10,9.707320e-01
7.396624e+03,7.631722e-12,5.568415e-04
6.192804e+06,2.364504e-10,1.404358e+00
1.778356e+02,3.885069e-14,5.620604e-08
2.039022e+04,3.794569e-12,7.056923e-03
2.571511e+03,4.711678e-14,1.309118e-05
5.190008e+04,9.111233e-12,3.730197e-03
1.924783e+06,1.181496e-11,5.536508e-01
9.500131e+06,5.598339e-10,1.036147e+00
4.980236e+01,3.559110e-15,2.859824e-09
1.101526e+03,3.542346e-14,6.032774e-08
5.723952e+05,2.214631e-11,1.384170e+00
6.621718e+06,3.249995e-11,7.307624e-01
4.313720e+05,1.400400e-11,6.402865e-01
2.460205e+10,9.758187e-08,1.000038e+00
7.979156e+05,6.028268e-11,1.359438e+00
1.302113e+04,3.031647e-12,1.279904e-03
1.744479e+03,2.347111e-14,1.657731e-06
2.290415e+06,2.179753e-11,9.435516e-01
3.785837e+03,2.744884e-12,1.373046e-04
4.591261e+02,1.192635e-14,2.407541e-06
4.772509e+03,4.493451e-13,2.132974e-05
4.785000e+02,9.077671e-15,4.923572e-07
6.352447e+01,1.851355e-15,4.633440e-10
4.246731e+02,7.977157e-15,4.041571e-09
2.790935e+10,1.864523e-06,9.999354e-01
2.639105e+02,6.607436e-15,2.867055e-07
1.974166e+02,4.394932e-15,1.103773e-09
2.666040e+03,8.635890e-13,1.280157e-05
6.570451e+01,1.246759e-15,1.040934e-08
6.069734e+02,1.926479e-14,2.102359e-06
2.145144e+05,4.313149e-11,4.411554e-01
2.360772e+10,1.648362e-07,9.999826e-01
1.222410e+07,4.495881e-10,8.345360e-01
6.804712e+05,5.423841e-11,9.365765e-01
1.447958e+05,9.525204e-13,4.867593e-02
7.038795e+05,2.112766e-11,1.576271e+00
1.592173e+05,2.957037e-11,5.564155e-01
3.541064e+04,4.110143e-12,2.483150e-03
1.314717e+07,1.799262e-10,9.543438e-01
1.690270e+05,5.946953e-12,1.542696e-01
2.086794e+06,9.316610e-11,9.729213e-01
8.416161e+04,1.013658e-11,2.313890e-02
1.289419e+02,1.900546e-14,2.712987e-08
1.717667e+11,4.130960e-06,1.000002e+00
3.005244e+11,1.547455e-05,1.000000e+00
9.879825e+04,3.925247e-12,1.006867e-01
5.743527e+02,1.990961e-14,2.678145e-07
8.238533e+06,1.525649e-10,9.173700e-01
1.758073e+06,4.877188e-11,3.284545e+00
5.124208e+02,1.082001e-14,4.763699e-07
1.248071e+06,1.589207e-10,4.144408e+00
1.909572e+05,3.212578e-12,4.615993e-03
8.653494e+10,2.074852e-06,7.075237e+01
2.666538e+02,6.490811e-15,1.632315e-07
4.846231e+05,1.972075e-11,7.057841e-01
5.771171e+05,2.550810e-11,3.762333e-01
6.753046e+05,5.745612e-12,7.321944e-01
2.885088e+06,1.465729e-10,4.136780e+00
2.457256e+03,1.012018e-13,6.545238e-06
1.871466e+03,2.529671e-13,6.038199e-06
1.314495e+03,9.458902e-14,1.919826e-06
1.495169e+04,6.880456e-12,2.566238e-03
1.207827e+06,5.953124e-11,1.705845e+01
1.503337e+05,5.860827e-12,2.003917e-04
7.764057e+03,1.922800e-13,7.650528e-05
4.451700e+06,1.465621e-10,1.649384e+00
1.667592e+05,7.956263e-13,6.055199e-02
9.737269e+09,1.680001e-08,9.999111e-01
1.036307e+05,1.003230e-11,9.808629e-02
4.261275e+06,1.821611e-10,1.399225e+00
6.101182e+03,4.115289e-14,7.384941e-05
3.825479e+05,1.800507e-11,7.594013e+00
1.186783e+06,2.986297e-10,1.521536e+00
1.016176e+05,1.248530e-11,2.112722e-02
7.101758e+04,1.945384e-12,3.930897e-03
3.115028e+02,1.923144e-14,2.167004e-07
3.481626e+11,9.253112e-06,1.000001e+00
2.354755e+03,3.476711e-14,2.086526e-06
1.773195e+03,7.664771e-14,6.347424e-06
1.648218e+05,1.487897e-11,1.169875e-01
1.206600e+02,4.826130e-15,1.374731e-08
1.407230e+02,1.691537e-15,2.770106e-08
1.701102e+04,3.527817e-12,5.581259e-04
3.136167e+03,2.024073e-13,1.835943e-05
6.547312e+02,1.054728e-14,8.162092e-07
1.175824e+04,1.853730e-13,1.305346e-04
1.459201e+11,5.968397e-06,1.000001e+00
1.039698e+10,5.090782e-08,9.998788e-01
2.774763e+05,4.218165e-12,2.332691e-02
1.834590e+05,8.088234e-13,3.221192e-02
1.081408e+06,1.724539e-10,5.935327e-01
2.007643e+03,6.190938e-14,3.801969e-07
6.060768e+04,3.223948e-11,1.616900e-02
4.280619e+06,1.240009e-10,9.795194e-01
7.725340e+02,7.220952e-15,1.404588e-06
2.993217e+05,3.724609e-12,1.645393e-02
5.315489e+12,5.509642e-04,1.000000e+00
6.173792e+02,1.553006e-14,6.171500e-09
4.965407e+06,4.415637e-11,4.001510e+00
6.235965e+05,2.232360e-10,8.951697e-01
1.528977e+05,3.863957e-11,1.533965e-04
2.179108e+05,1.900908e-11,3.046137e-01
3.178415e+02,6.619875e-14,2.271062e-08
1.856234e+13,4.546580e-08,1.000000e+00
1.250633e+05,1.210476e-11,2.540032e-02
1.184235e+07,5.960824e-10,6.499487e-01
9.102349e+04,1.189863e-11,5.070645e-02
4.373930e+02,1.039050e-14,3.029531e-07
1.247068e+01,2.217308e-16,1.259003e-10
3.879254e+03,3.658380e-14,2.953254e-05
3.781079e+04,5.661239e-13,2.879934e-03
6.729737e+05,4.944913e-11,2.305118e+00
1.795660e+01,1.345286e-14,4.594527e-09
1.674932e+03,7.288478e-14,7.653777e-06
2.650365e+10,9.409207e-07,5.034719e-01
7.718576e+11,6.098677e-05,9.999997e-01
5.217563e+11,6.940722e-06,1.000010e+00
9.572398e+11,8.008357e-05,1.000000e+00
5.291583e+04,1.191721e-11,5.612040e-03
1.590195e+04,9.493189e-14,2.086674e-04
3.546223e+05,6.384027e-12,1.686519e+00
1.264508e+07,9.692976e-10,1.004417e+00
1.070879e+02,7.431654e-16,1.071534e-08
4.502440e+02,3.071130e-14,4.148498e-07
4.836776e+10,1.438802e-05,9.999999e-01
1.050402e+02,2.796974e-15,1.601597e-08
4.949111e+04,4.747308e-12,1.822314e-03
2.615525e+06,6.374066e-11,8.162998e-01
1.997271e+04,1.591277e-12,3.991416e-03
5.078589e+05,3.264953e-11,2.842494e+00
2.063257e+02,1.226914e-15,1.521106e-08
1.197759e+04,5.633288e-13,1.071812e-03
1.151947e+05,1.374292e-11,1.098568e+01
3.776640e+04,2.727371e-13,2.807157e-03
6.612771e+03,9.372863e-14,4.964596e-05
2.979702e+04,1.353023e-12,1.932400e-07
4.608486e+03,7.894091e-13,3.561754e-05
6.365253e+06,6.996724e-11,9.444621e-01
5.052993e+04,9.892173e-12,4.192350e-03
7.251310e+03,2.331524e-13,8.638823e-05
3.087297e+02,8.617101e-14,2.222511e-07
5.673705e+05,3.371565e-11,7.496445e-01
3.479389e+06,3.804640e-11,1.076183e+00
1.578398e+12,5.552484e-04,1.000000e+00
8.193484e+05,1.756056e-11,1.058899e+00
3.062324e+12,3.162570e-04,1.000000e+00
3.324089e+09,4.981735e-07,9.999937e-01
3.433416e+05,7.494672e-13,1.253839e-03
5.354466e+07,1.337826e-09,9.492347e-01
3.866273e+04,3.757440e-13,2.794012e-03
4.104717e+00,2.135255e-16,2.599970e-10
1.114447e+04,8.338267e-14,2.366637e-04
1.102110e+04,2.285561e-13,2.422366e-04
5.517313e+10,6.120315e-07,9.999853e-01
5.767590e+00,1.002291e-15,1.399719e-10
6.695326e+02,3.572011e-14,8.603961e-07
3.278041e+07,2.136326e-10,9.978622e-01
2.619672e+06,6.553192e-11,7.607820e-01
1.412907e+02,3.413945e-15,2.353773e-08
2.955880e+06,3.938490e-11,7.238039e-01
3.647924e+02,1.740444e-14,2.469701e-07
7.182862e+09,6.597783e-08,9.999303e-01
4.819056e+05,3.839971e-11,2.335463e-02
9.517469e+01,9.050429e-15,1.694090e-09
1.469333e+13,9.686713e-05,1.000000e+00
1.156677e+05,5.668174e-12,2.962063e-02
5.072160e+06,1.258711e-10,1.128571e+00
3.568342e+02,3.312896e-14,9.845928e-07
4.280090e+03,1.926272e-12,3.113089e-05
3.968657e+04,2.941406e-12,7.308968e-05
8.003161e+04,1.419760e-12,1.182832e-04
2.636257e+02,9.303900e-15,3.963596e-08
5.616144e+02,1.299215e-14,2.452215e-07
3.388054e+01,4.695904e-15,1.377778e-10
5.425760e+11,1.801250e-04,1.000000e+00
3.264929e+04,1.661640e-12,9.540802e-03
7.838434e+03,4.860712e-13,1.287826e-04
8.476806e+10,1.428936e-05,1.000002e+00
2.509960e+06,8.854164e-11,1.516304e+00
4.005388e+07,3.654681e-10,9.476610e-01
1.053730e+06,2.659558e-11,1.373698e+00
6.064705e+02,1.286316e-13,1.292971e-06
1.720496e+11,4.439437e-06,1.000039e+00
1.691393e+07,6.934655e-11,9.661303e-01
9.316437e+02,9.867333e-14,1.338368e-09
2.226220e+02,6.315775e-15,1.213019e-08
2.260924e+05,6.082490e-12,3.014820e-02
5.154733e+02,4.334075e-14,4.011801e-07
1.004796e+11,2.757931e-05,1.000000e+00
4.406917e+04,7.006798e-13,4.990983e-04
6.514307e+02,6.247315e-15,8.590594e-07
4.690592e+09,6.642820e-07,9.999294e-01
8.697260e+10,1.605269e-07,9.999718e-01
2.326962e+07,2.180983e-10,8.413699e-01
6.733441e+05,1.560806e-10,8.152962e-01
4.234768e+10,3.683814e-06,9.999692e-01
1.107184e+05,1.053914e-11,9.428720e-03
3.534441e+05,5.115813e-11,1.119188e+00
4.900059e+10,5.182850e-06,7.024618e-01
7.376980e+03,1.791871e-14,1.055488e-04
5.607209e+03,4.336389e-13,3.122283e-05
1.996612e+06,1.220349e-10,5.181635e-01
3.238432e+06,2.623470e-10,5.783004e-01
1.965660e+12,6.133518e-06,1.000000e+00
6.945390e+03,1.268323e-12,1.051086e-04
3.372806e+11,2.197480e-06,5.844954e-01
1.309274e+06,1.294652e-11,7.926923e-01
8.109060e+05,2.830350e-11,7.091734e-01
5.407684e+11,7.005884e-05,1.000000e+00
3.267616e+11,1.233666e-05,1.000001e+00
1.932948e+04,1.836827e-12,7.099650e-04
9.242401e+02,5.115546e-14,1.408402e-06
4.532141e+01,7.556730e-15,3.970047e-09
1.415625e+06,1.488729e-10,7.397400e+00
2.481375e+02,2.980234e-15,1.962650e-06
9.333722e+04,1.213250e-12,1.118700e-02
1.625243e+04,1.354472e-12,1.036369e-03
2.803960e+02,8.591651e-14,1.241880e-07
1.574896e+03,6.900226e-14,2.619489e-06
4.951080e+03,3.337015e-13,2.083986e-05
2.085928e+09,2.050766e-08,5.258116e-01
1.542335e+04,8.176260e-14,4.254773e-04
4.404387e+02,1.005333e-15,3.458077e-07
5.650650e+02,2.860848e-15,5.855049e-07
5.124715e+10,3.734104e-06,1.000000e+00
2.394459e+03,2.304602e-13,3.635062e-05
4.384531e+02,6.041684e-15,3.439758e-07
1.752786e+05,1.702956e-12,7.996818e-02
3.096116e+10,1.250962e-06,9.999757e-01
6.178753e+09,2.434037e-08,9.999575e-01
8.787768e+04,2.787802e-12,7.071657e-04
1.621690e+11,2.852837e-07,1.000001e+00
1.769493e+03,1.079707e-13,1.064999e-05
5.566253e+03,2.439754e-13,6.193310e-05
1.149431e+02,1.927794e-15,2.145606e-08
1.364130e+05,2.667075e-12,4.297620e-02
3.837937e+10,2.449675e-06,9.999640e-01
2.725626e+13,3.150574e-03,1.000000e+00
3.858640e+09,1.880145e-08,9.999784e-01
3.202226e+10,6.114185e-06,1.000006e+00
3.767688e+04,2.707886e-13,2.933578e-03
3.122269e+02,8.770905e-16,2.036992e-07
1.897125e+03,1.448725e-13,1.621559e-05
2.237135e+02,9.183772e-14,1.020323e-07
6.639001e+01,8.286681e-15,1.379010e-08
1.802087e+10,2.418322e-06,1.000050e+00
4.873156e+02,5.371394e-14,4.301847e-07
1.071912e+03,6.595513e-15,2.996602e-09
4.362497e+04,1.100324e-12,3.861629e-03
1.520189e+02,3.832129e-14,4.200826e-08
9.075892e+04,1.675004e-12,1.750622e-02
1.324790e+06,7.664897e-11,1.026940e+00
5.256104e+09,5.112445e-09,8.653068e-01
4.393786e+05,6.793440e-12,3.537328e-01
4.604281e+01,4.908595e-15,4.520592e-09
1.448755e+12,1.053313e-04,1.000000e+00
5.934607e+02,3.598013e-14,3.219039e-06
2.534405e+12,3.721558e-06,9.999999e-01
2.167740e+04,7.483454e-13,4.454587e-04
8.450027e+10,1.650649e-06,9.999694e-01
2.416700e+02,5.970019e-15,6.973930e-08
5.614653e+09,4.717704e-07,9.999570e-01
7.869646e+10,1.112991e+00,2.343791e+01
2.391785e+04,8.631768e-13,8.222892e-05
1.287355e+04,6.683629e-13,2.073055e-03
1.769166e+06,5.905876e-11,7.620549e-01
8.435621e+02,5.648422e-15,9.354629e-09
9.470517e+03,7.663600e-13,5.605891e-04
1.571225e+03,1.052638e-13,3.598206e-06
1.925635e+06,2.409211e-11,9.103661e-01
1.635409e+11,1.544478e-05,1.000000e+00
3.357014e+10,8.510759e-07,1.000022e+00
1.428827e+04,9.780578e-13,2.824449e-04
8.660077e+03,8.051633e-14,1.453126e-04
1.615803e+07,1.175828e-09,1.031875e+00
2.390659e+04,2.820325e-12,2.330181e-03
1.302513e+03,5.660319e-14,8.728261e-06
8.207407e+03,1.351121e-12,1.349054e-04
2.004073e+03,2.618288e-14,7.997224e-07
5.276709e+10,1.398142e-05,1.000001e+00
1.566905e+12,6.870012e-09,1.000000e+00
1.726845e+05,4.049130e-12,5.208374e-02
4.827044e+03,2.579443e-14,4.569188e-05
9.962557e+05,1.049811e-10,6.746076e-01
3.060097e+07,1.179727e-09,9.619415e-01
3.629992e+03,9.462942e-14,8.072922e-05
1.327480e+07,2.645902e-10,8.753521e-01
6.325141e+12,3.470311e-04,1.000000e+00
1.438635e+04,1.442554e-13,4.138101e-04
8.850072e+02,2.119218e-14,1.518342e-06
1.051878e+06,8.289549e-11,1.277171e+00
2.653948e+04,2.154510e-12,1.383913e-03
6.681238e+05,1.050542e-10,1.204310e+00
4.839979e+03,3.722643e-13,1.727199e-05
3.934637e+05,3.810144e-11,1.574065e-01
2.500370e+06,3.882620e-11,5.214642e-01
1.620393e+07,8.369444e-10,9.362845e-01
1.062664e+03,8.717552e-14,2.679927e-06
7.180519e+09,2.162198e-07,9.999713e-01
7.098763e+04,3.089582e-12,1.015149e-02
1.020083e+04,1.073660e-12,4.065928e-05
8.630907e+11,9.474530e-07,1.000000e+00
3.554900e+05,5.890054e-11,5.136981e-01
1.041641e+13,4.911986e-06,1.000000e+00
1.764554e+02,3.158129e-14,4.166212e-08
1.580528e+04,1.204846e-13,4.912307e-04
1.292266e+03,1.524209e-14,2.827295e-06
1.459235e+02,3.865481e-15,9.724454e-10
1.104160e+01,3.051677e-16,1.932888e-10
6.385747e+10,1.101466e-05,1.000007e+00
1.471806e+06,1.030894e-10,9.303846e-01
1.265988e+07,1.562750e-10,9.951832e-01
2.238623e+04,4.570262e-13,9.547558e-04
1.878936e+03,3.780613e-14,1.584667e-05
5.965312e+02,1.379219e-13,5.798982e-07
9.426440e+06,3.693565e-10,2.833218e+00
5.123216e+10,1.428425e-07,1.000001e+00
6.067277e+04,3.404686e-12,6.293359e-03
1.439532e+02,8.167749e-15,1.451404e-08
9.601190e+00,4.485391e-16,4.759282e-09
1.248755e+02,2.465730e-16,3.905310e-08
2.670447e+02,4.021200e-14,1.313681e-07
1.011972e+06,2.278706e-11,2.178301e+00
1.502249e+05,6.650136e-13,9.781273e-05
2.477516e+11,1.419510e-04,1.000000e+00
8.031214e+01,8.828679e-15,1.057587e-08
8.319080e+03,4.401227e-12,8.339498e-04
3.212962e+02,2.223456e-14,1.323041e-07
1.141398e+03,5.085065e-14,2.366941e-06
7.494502e+03,8.391727e-14,1.126370e-04
4.430130e+06,2.148927e-11,1.322759e+00
2.972345e+03,1.778850e-13,2.567881e-05
9.479214e+03,8.798061e-14,1.192235e-05
8.620246e+03,1.922186e-13,4.997312e-04
3.283704e+06,1.348789e-10,9.455689e-01
4.146754e+10,1.075612e-06,9.999712e-01
1.791194e+04,2.762479e-14,5.904754e-04
7.472606e+11,5.125935e-07,6.544753e-01
1.852772e+05,1.468647e-11,1.713992e-01
6.827624e+06,4.792251e-11,1.254986e+00
7.851904e+01,2.633383e-15,4.469648e-09
1.479645e+07,4.671930e-10,9.777541e-01
4.439487e+07,7.951542e-10,9.942785e-01
4.221584e+10,2.426534e-07,1.000002e+00
4.475313e+03,2.021754e-13,2.155640e-05
1.612756e+03,1.207747e-13,2.990799e-08
2.957567e+11,2.048605e-06,2.742527e+00
5.928902e+04,3.827517e-12,5.947653e-03
3.424658e+02,6.685594e-15,3.689222e-09
8.368828e+02,1.201907e-13,4.476707e-07
1.895856e+06,1.726237e-10,1.488799e+01
7.231556e+06,4.108908e-10,1.007454e+00
8.871228e+00,9.897526e-16,1.377778e-10
5.327645e+02,4.574313e-14,5.297994e-07
2.616693e+06,1.446169e-11,5.540857e-01
1.501619e+07,3.541430e-10,9.424825e-01
9.994513e+03,2.300694e-12,2.628204e-04
6.725659e+01,1.152920e-15,2.358224e-09
2.282760e+04,6.050725e-13,8.404144e-04
1.794509e+01,1.955056e-15,7.324894e-10
1.645468e+05,2.129298e-11,1.716057e-01
6.067587e+07,7.571549e-09,9.873303e-01
8.270795e+03,9.096235e-13,7.283557e-04
1.586267e+05,4.138422e-12,1.414275e-01
1.636650e+10,6.942964e-07,9.999437e-01
2.804121e+05,1.741679e-11,6.804308e-02
6.746669e+02,8.075395e-15,1.228540e-06
2.645492e+06,2.488606e-10,9.619258e-01
1.387806e+01,9.897386e-16,3.762549e-08
1.573252e+03,9.231060e-15,4.731827e-06
3.864182e+02,2.876124e-14,4.068600e-07
3.729283e+03,1.331077e-13,5.842077e-05
1.536777e+06,9.832705e-11,2.085777e-02
1.322605e+06,3.634872e-11,4.851086e-01
4.891313e+10,7.918382e-06,9.999676e-01
2.124062e+06,1.437088e-10,2.367998e+00
5.176637e+08,2.595228e-10,9.981863e-01
1.056997e+11,1.555849e-06,1.000004e+00
2.884315e+01,1.211616e-15,2.501194e-10
2.195389e+05,3.270934e-11,1.965286e-01
4.986940e+09,2.972437e-07,9.999777e-01
1.731931e+02,2.453092e-15,5.082146e-08
2.278111e+04,3.331173e-12,8.074644e-03
1.600849e+05,2.352158e-12,1.263102e-02
2.131938e+03,1.241889e-13,3.435135e-05
6.680114e+10,6.751374e-06,1.000008e+00
1.717338e+04,4.466617e-13,4.695024e-04
1.081753e+05,8.231440e-12,2.465062e-01
3.369953e+06,1.875970e-11,2.653055e-01
3.139038e+07,1.914964e-10,9.912871e-01
6.234881e+06,5.296306e-11,1.228549e+00
3.481745e+02,3.621532e-14,2.363952e-07
7.056288e+06,7.211534e-11,9.384660e-01
3.180731e+04,2.027631e-12,9.589776e-03
3.581216e+07,2.478985e-10,1.083703e+00
2.926073e+07,4.710450e-09,9.865031e-01
2.731472e+02,5.084463e-15,1.323118e-07
9.917000e+01,1.068728e-14,1.763516e-08
2.492307e+03,1.060814e-13,4.815566e-06
1.227717e+02,6.703049e-15,1.056200e-08
8.903533e+05,1.255989e-11,1.047992e+00
1.458439e+04,2.841349e-12,4.244941e-04
1.518488e+03,1.727038e-14,3.595986e-06
2.229492e+04,2.152148e-12,1.219693e-03
6.783576e+05,3.036220e-11,1.273865e-01
6.456556e+02,1.218667e-13,2.171069e-06
2.119440e+02,2.850671e-14,7.491330e-08
2.684756e+06,1.774552e-11,1.280176e+00
4.229973e+01,5.272363e-16,2.165935e-09
1.783465e+02,1.512312e-14,1.634903e-08
2.801614e+04,3.832106e-13,3.060388e-04
6.811121e+05,1.057973e-10,4.041890e-01
5.369013e+02,5.600701e-15,5.072341e-07
1.061026e+02,1.488146e-14,9.431990e-09
2.011274e+02,1.017887e-14,8.035339e-08
8.611284e+05,7.201038e-11,2.397682e-01
4.992579e+09,4.154788e-07,9.999667e-01
4.164014e+05,2.078855e-11,1.592668e-03
9.385731e+09,1.553505e-08,1.218889e+00
1.327214e+07,1.120964e-10,8.924600e-01
1.780777e+06,1.203456e-10,3.423543e+00
2.711791e+06,1.061528e-10,6.976082e-01
8.004016e+08,2.680285e-08,1.000091e+00
9.850682e+01,2.282345e-14,3.586356e-08
3.912935e+05,3.018972e-12,4.776141e-01
1.427656e+05,1.942103e-11,1.080850e+00
5.689797e+04,4.759601e-12,6.586079e-03
9.500280e+02,2.355227e-14,7.802192e-08
9.953850e+05,1.360980e-10,9.661119e-01
5.811914e+09,4.473597e-08,1.000168e+00
2.703085e+03,8.931436e-14,2.988916e-06
6.628971e+04,5.939483e-12,7.450253e-03
2.190159e+07,6.211186e-11,9.751646e-01
5.303393e+05,4.771180e-11,9.540632e-01
8.815501e+01,7.923716e-15,1.318490e-08
3.301515e+06,1.395815e-10,1.075363e+00
3.973320e+05,1.730627e-11,2.400882e-03
7.158557e+02,1.020024e-13,1.816892e-06
7.667145e+02,4.989884e-14,1.085105e-06
9.663012e+05,1.206996e-10,3.073421e-01
5.155365e+03,2.700665e-14,3.042638e-05
5.247271e+03,2.418840e-13,2.292716e-05
2.505612e+06,1.774600e-11,7.987727e-01
3.581945e+02,2.727301e-14,1.078517e-09
4.408148e+06,5.818106e-10,1.954721e+00
2.854986e+04,3.374839e-13,2.971039e-04
2.308822e+06,6.306299e-11,1.067987e+00
4.488194e+10,3.685326e-06,1.000027e+00
2.077082e+11,2.420551e-05,1.000000e+00
2.717979e+05,3.888347e-11,7.149109e-01
6.191476e+03,2.891668e-13,2.466380e-05
3.695523e+07,4.494909e-10,1.159824e+00
1.427549e+02,1.820878e-15,2.861318e-09
4.614327e+00,7.925889e-16,7.165519e-11
7.834629e+06,1.090722e-09,9.861544e-01
2.990628e+02,9.686686e-15,1.716137e-07
2.723089e+05,4.879886e-12,8.635339e-02
3.139832e+06,3.984954e-10,1.173372e+00
8.330783e+01,1.274391e-15,1.590494e-08
4.959513e+02,1.098638e-13,1.303194e-06
1.972126e+03,1.491903e-13,1.337082e-05
8.546890e+05,1.142711e-11,1.209875e+00
3.082049e+05,6.720293e-12,4.752941e-01
1.312160e+05,4.007626e-12,2.825319e-02
1.131626e+02,1.569240e-14,2.123402e-08
4.915305e+05,1.608119e-10,9.196448e-01
3.524038e+11,4.408370e-08,9.999999e-01
9.211554e+01,1.708506e-15,4.414137e-09
1.837934e+05,3.975572e-12,1.850618e-02
7.616042e+01,4.393347e-15,1.327013e-08
2.634175e+04,6.985614e-13,7.592788e-04
5.959101e+03,8.710306e-14,1.857978e-05
6.313454e+06,2.614227e-10,8.665415e-01
3.998244e+03,1.646781e-14,3.252226e-05
2.612202e+04,1.043747e-12,1.092456e-03
1.327129e+10,8.471017e-09,9.004758e+00
1.130792e+04,1.553902e-13,3.255570e-05
5.209043e+05,5.826410e-11,4.450479e+00
1.487407e+06,9.180112e-11,9.211183e-01
1.424947e+04,9.384232e-13,4.971794e-04
1.133432e+04,4.908367e-13,3.539127e-05
5.122175e+05,6.236936e-12,9.192812e+00
9.943847e+05,8.366524e-11,9.301294e-01
1.913660e+03,5.811889e-14,8.015425e-06
4.601859e+04,4.668355e-13,4.299479e-03
1.878248e+05,1.728830e-11,1.865872e-02
6.185535e+02,5.557930e-14,7.432953e-07
1.112239e+03,7.145944e-14,1.957407e-06
2.108142e+02,1.475549e-15,5.931467e-08
1.817282e+06,2.073210e-10,1.173815e+00
4.259864e+10,9.952150e-01,9.999957e-01
1.247666e+04,2.162137e-12,4.195847e-05
6.627909e+04,2.948797e-12,2.912059e-02
2.324305e+03,9.644602e-14,1.555285e-06
1.557541e+04,1.565719e-12,2.542849e-03
3.803360e+06,8.670422e-10,9.902076e-01
5.749472e+01,1.325044e-14,6.063431e-09
1.798016e+11,3.356624e-06,1.000000e+00
2.761302e+10,1.230181e-06,9.999661e-01
2.464429e+00,8.089051e-16,1.377777e-10
1.322412e+04,1.626292e-13,1.291056e-04
2.138759e+03,4.071756e-14,3.120727e-06
7.537250e+04,1.684550e-11,9.656698e-03
1.341949e+04,2.925944e-13,3.599232e-04
6.295865e+04,4.692928e-12,4.255935e-05
1.955319e+04,1.239894e-13,5.014804e-04
1.780052e+06,1.282193e-10,1.073305e+00
1.680398e+02,6.716651e-15,2.713943e-08
3.895843e+11,1.047113e-05,1.000268e+00
6.352517e+05,1.396018e-12,3.437676e-01
6.383832e+01,3.180741e-15,2.277190e-09
1.113186e+11,6.048912e-06,1.000002e+00
1.008802e+03,1.013848e-13,2.214486e-06
1.204806e+03,2.930525e-14,2.566259e-06
4.921725e+02,1.757561e-14,2.585838e-06
3.472603e+03,2.433042e-13,7.909678e-05
8.511561e+04,4.464164e-12,3.073179e-03
1.439932e+02,4.322136e-15,1.146405e-08
7.214089e+06,8.665598e-11,1.041169e+00
1.295242e+06,3.072002e-12,1.060047e+00
2.713903e+04,3.334358e-12,1.473330e-03
1.532699e+03,7.183524e-14,3.130025e-06
2.704269e+06,8.940203e-11,2.627965e-01
1.515199e+07,3.934232e-10,1.116016e+00
1.493591e+06,5.181161e-11,7.535824e-01
7.834126e+08,7.658856e-09,9.984262e-01
3.042330e+01,6.962607e-16,5.561117e-10
5.806405e+02,2.013154e-13,3.339378e-06
1.159453e+03,2.827001e-13,1.606336e-05
5.180772e+03,9.004647e-14,3.091704e-07
5.797711e+03,2.589173e-13,1.252997e-04
2.633190e+05,6.757722e-12,1.035533e+00
1.867191e+12,4.048305e-04,1.000000e+00
2.047577e+11,1.599771e-05,1.000001e+00
5.379089e+02,1.168656e-14,2.509250e-07
4.546046e+03,1.422980e-13,4.025677e-05
4.847900e+00,5.241171e-16,1.717209e-11
2.894677e+07,1.520212e-10,9.114207e-01
3.422273e+04,2.125461e-12,2.334891e-03
9.737312e+05,8.865365e-11,5.884408e-01
1.015918e+11,5.166818e-07,1.000010e+00
5.317438e+10,1.517025e-06,1.000002e+00
4.460537e+05,1.758519e-11,6.664902e-01
8.431748e+06,4.816837e-10,9.659907e-01
7.542452e+04,1.092708e-12,1.180477e-02
1.868009e+03,1.088630e-13,1.025486e-06
1.616820e+05,2.174160e-11,3.496811e-02
2.960440e+04,1.013744e-12,7.060025e-03
1.142162e+04,1.034136e-12,2.223869e-04
2.192431e+03,2.357776e-14,9.063945e-06
1.610968e+04,1.538677e-12,3.271290e-03
4.934816e+05,5.252898e-11,7.388781e-01
6.783097e+03,1.348897e-14,7.861187e-05
2.266475e+07,5.052584e-10,1.152161e+00
1.859016e+10,5.328473e-07,9.999633e-01
4.623934e+00,2.686086e-16,2.875576e-11
5.383493e+05,8.001175e-12,1.467235e-01
1.955593e+04,2.092239e-12,2.039404e-03
2.775329e+03,9.842827e-13,2.210405e-05
5.418913e+06,2.805511e-10,1.249252e+00
7.964817e+03,1.653810e-13,1.221788e-04
2.239134e+04,1.189910e-13,2.528867e-06
7.888445e+03,7.214289e-14,3.541196e-06
5.123639e+06,3.296646e-10,1.089422e+00
6.638809e+10,3.580239e-05,1.000000e+00
9.103128e+03,4.827186e-14,1.070188e-04
1.678293e+01,1.248721e-15,1.332634e-10
1.849480e+07,1.999397e-10,9.901444e-01
8.251727e+05,1.020302e-10,2.765282e+00
1.369023e+04,4.615312e-14,3.694534e-04
6.132156e+04,2.311207e-12,3.478109e-02
2.383593e+11,8.629722e-06,2.952271e+01
1.355732e+03,1.612487e-13,9.284250e-07
1.395976e+07,1.217377e-09,2.006483e+00
1.165110e+04,1.074884e-12,6.806676e-05
2.669740e+01,5.254808e-16,2.054913e-09
4.709645e+11,1.429649e-17,3.189996e-01
2.591927e+10,5.021487e-07,9.999946e-01
2.844876e+03,1.170210e-13,1.069432e-07
1.286528e+04,5.299575e-12,5.804824e-04
1.782765e+04,1.121143e-12,6.205558e-04
1.346251e+04,2.809287e-13,2.958775e-05
8.989572e+10,5.844341e-06,1.000002e+00
9.378329e+04,1.538619e-12,1.876381e-02
3.054782e+09,6.933613e-11,9.999934e-01
1.394925e+03,3.418458e-14,5.190117e-06
4.043179e+04,4.158413e-12,3.097184e-02
3.623848e+05,2.968377e-12,1.119818e+00
9.648611e+00,7.320789e-16,2.875569e-11
4.311347e+03,1.997829e-14,3.630357e-05
3.379804e+11,5.311805e-05,1.000000e+00
5.212804e+05,4.521514e-11,7.397240e-01
3.072687e+08,3.503130e-09,9.970109e-01
3.569123e+03,1.714231e-13,2.454982e-05
4.345003e+02,4.781391e-14,7.668544e-07
7.859604e+09,1.222630e-16,9.999661e-01
5.835452e+04,6.703131e-12,5.231928e-02
1.188577e+05,9.703036e-12,1.624892e-02
9.837130e+01,3.455091e-15,1.418044e-09
4.367313e+02,2.532862e-15,3.606847e-07
1.838807e+01,9.242701e-15,4.285762e-09
1.853241e+03,9.430308e-14,5.153684e-06
2.192525e+01,4.263236e-16,2.800287e-10
2.369959e+11,1.532027e-05,1.000001e+00
8.629763e+01,5.845100e-15,1.757028e-08
2.777904e+03,1.167746e-13,7.733509e-06
5.445920e+10,1.783535e-06,1.000009e+00
4.398241e+05,2.178807e-11,3.520664e-01
4.885710e+05,1.118962e-11,1.191322e-02
1.981094e+11,2.798788e-06,1.000000e+00
6.223335e+10,8.086859e-06,1.000004e+00
1.600662e+04,6.011389e-12,1.441146e-03
6.504317e+10,2.012422e-05,1.000003e+00
2.159292e+10,4.691075e-06,1.000003e+00
2.336215e+04,2.228530e-12,1.359048e-03
9.934103e+01,3.167277e-14,1.494767e-08
1.237709e+02,1.894791e-14,1.224121e-08
3.304650e+04,1.461208e-12,9.406234e-03
2.133333e+02,2.886290e-14,5.265333e-08
1.129157e+12,1.543459e-05,1.935809e+00
4.346790e+06,3.335149e-11,1.346889e+00
2.971299e+03,3.322919e-13,4.505175e-06
3.961984e+09,4.242637e-08,1.000187e+00
3.701179e+10,4.505673e-06,1.000010e+00
8.311534e+03,2.579222e-13,5.004655e-05
4.886747e+12,2.436972e-19,1.000000e+00
1.352726e+03,1.697216e-13,3.615429e-06
1.301826e+05,1.366547e-11,4.500303e-01
1.148917e+12,1.775294e-06,1.000000e+00
1.089960e+05,2.239775e-11,2.578039e-02
1.611034e+11,2.619292e-05,1.000000e+00
2.480747e+02,1.456937e-14,1.167132e-07
1.591823e+07,2.023865e-09,9.711393e-01
6.112296e+06,6.818678e-10,6.986041e-01
1.083393e+03,1.375250e-14,4.531940e-07
3.110954e+03,3.445066e-13,1.547402e-06
1.383110e+06,5.687419e-10,2.667971e+00
8.219861e+04,2.908433e-12,1.347653e-02
5.254229e+02,8.486189e-14,2.260247e-07
5.620788e+07,2.658267e-10,1.001440e+00
6.199553e+11,4.426698e-06,9.999998e-01
3.285581e+06,2.200667e-11,6.479731e-01
1.194429e+03,7.220342e-14,1.274565e-06
1.007747e+05,1.296365e-12,1.341152e-02
9.637484e+03,6.010580e-13,4.735597e-04
4.334752e+02,2.833957e-14,3.898558e-07
1.679454e+07,3.299544e-10,1.029805e+00
3.284889e+02,4.517557e-14,1.059916e-06
2.965650e+04,3.699665e-12,1.668154e-03
1.212566e+03,1.127070e-14,2.482418e-06
2.369177e+09,1.370685e-16,9.997680e-01
1.114878e+02,1.252485e-15,4.003358e-10
1.053428e+08,3.905330e-10,1.018434e+00
2.257525e+10,1.860316e-06,9.999659e-01
3.981256e+05,7.590107e-11,8.834362e-01
1.937175e+03,1.341770e-13,9.529220e-07
1.925072e+04,1.957815e-13,6.631827e-05
3.998290e+06,9.011832e-11,8.888292e-01
1.364711e+04,3.271637e-12,3.720188e-04
4.641237e+05,9.489881e-11,4.573901e+00
7.477517e+09,2.444885e-06,9.999763e-01
5.414382e+03,2.740113e-13,7.863600e-06
1.083533e+02,1.111786e-14,2.226097e-08
2.896169e+11,4.478481e-05,1.000000e+00
4.996229e+06,1.755665e-10,9.609181e-01
5.398163e+03,3.694691e-13,2.874836e-05
4.160150e+02,1.093425e-14,2.212219e-08
8.354382e+02,1.583576e-13,4.669219e-06
8.659991e+11,2.117467e-05,1.000000e+00
8.372594e+02,3.697108e-14,1.623045e-06
2.124597e+10,6.111827e-07,9.999638e-01
2.761332e+08,4.976921e-09,1.016510e+00
1.127472e+11,4.538603e-06,1.000192e+00
2.102404e+03,1.426408e-13,2.455398e-06
4.116921e+10,9.792872e-07,9.852929e-01
1.781821e+09,5.648745e-08,9.999310e-01
1.528197e+02,4.757902e-15,3.477874e-08
1.881431e+13,1.231124e-03,1.000000e+00
1.238822e+01,2.087819e-15,8.967701e-10
6.208080e+02,1.736606e-14,6.513688e-07
4.670342e+03,4.995671e-14,1.451737e-05
3.055296e+11,1.499352e-05,1.000001e+00
4.079787e+01,3.455820e-15,3.950483e-09
1.676240e+11,2.227104e-06,8.771551e-01
5.981519e+09,3.139978e-07,9.994531e-01
7.563865e+03,3.533866e-13,9.494700e-05
4.910683e+09,7.333470e-07,9.999636e-01
2.593093e+07,1.154988e-09,7.212692e-01
5.993013e+01,8.212630e-16,1.109850e-10
1.036373e+04,4.738926e-12,1.181432e-03
1.833304e+05,2.835447e-11,3.288413e-03
1.596666e+04,5.236661e-13,3.181516e-04
1.284300e+11,1.724149e-08,9.999999e-01
4.064466e+05,1.268438e-11,6.829396e-02
2.269912e+05,5.365475e-12,1.615484e-01
7.419978e+04,1.948233e-12,9.862268e-03
1.052877e+04,4.067424e-13,6.420595e-05
1.025066e+10,1.594244e-16,9.998401e-01
1.292354e+06,2.700638e-11,9.305247e-01
4.478446e+02,5.221848e-15,3.483612e-07
6.305437e+02,1.490809e-14,5.711275e-07
7.963952e+01,6.286877e-15,9.021562e-09
3.220274e+03,2.010345e-13,1.012733e-05
2.926886e+02,8.994253e-14,4.839950e-07
6.287895e+09,6.021214e-08,9.998682e-01
2.617888e+05,4.875951e-11,7.038579e-02
1.649364e+11,7.976135e-06,1.379827e-01
5.179435e+06,1.341838e-10,9.506692e-01
5.836400e+07,1.568395e-09,9.785158e-01
1.342643e+03,7.508220e-14,3.476914e-06
2.277794e+03,7.039159e-14,2.411245e-05
1.290992e+11,1.863613e-07,1.000000e+00
1.152701e+05,3.647694e-13,4.553771e-03
5.249281e+06,3.541346e-11,9.098575e-01
1.638280e+05,8.124295e-12,2.188204e-05
1.004119e+07,4.477688e-10,9.268784e-01
8.753001e+04,1.269939e-11,3.716537e-01
1.252408e+05,1.943603e-12,7.058281e-01
2.460738e+01,4.324109e-15,9.673274e-10
1.754632e+07,7.270396e-09,9.696032e-01
4.466606e+05,8.676987e-12,2.603774e-02
2.149785e+01,6.098454e-16,1.120225e-10
8.838673e+06,1.308160e-09,9.814026e-01
2.277358e+03,3.828709e-14,1.276489e-07
4.805717e+04,4.586911e-12,4.322504e-04
5.874829e+09,9.419684e-08,9.997120e-01
2.725226e+06,6.204876e-11,9.586167e-01
5.539655e+01,2.733643e-15,6.551316e-09
2.149365e+11,1.445834e-07,1.000000e+00
8.613432e+04,2.503314e-11,5.427413e-02
1.910309e+07,8.632786e-10,8.803861e-01
4.338459e+04,4.046270e-13,1.766265e-03
1.048394e+04,3.879401e-13,4.210468e-04
2.315163e+06,2.639099e-10,9.478967e-01
9.434959e+09,1.840171e-08,1.000063e+00
3.285113e+02,1.679937e-14,3.358525e-08
2.850900e+10,1.486199e-08,9.998740e-01
9.984217e+09,4.984564e-08,9.997152e-01
1.089155e+04,3.994701e-13,2.024847e-04
9.538275e+08,8.929724e-08,9.999535e-01
3.622085e+01,3.003298e-15,2.575710e-09
1.665897e+06,2.045368e-10,9.170958e-01
2.303201e+11,4.417287e-07,9.802288e+00
2.162159e+01,2.406815e-15,1.094259e-09
3.335691e+04,1.061556e-11,1.589333e-02
9.164097e+08,1.071322e-07,9.999125e-01
2.436429e+03,2.332690e-14,1.055542e-05
2.620644e+03,9.236207e-14,4.533883e-07
8.286374e+04,1.014969e-12,3.084614e-03
3.388693e+09,5.592729e-08,9.997379e-01
2.785299e+11,2.680606e-05,1.000000e+00
4.903589e+06,7.371604e-11,8.768196e-01
6.232987e+02,2.411163e-14,8.038302e-07
9.874027e+11,1.397300e-05,2.356851e+00
1.212678e+07,4.477212e-09,9.520878e-01
1.945947e+05,6.830876e-11,2.202536e-01
8.009628e+03,1.894570e-13,1.235963e-04
6.557400e+05,6.923877e-12,2.174513e+00
6.973531e+07,3.229385e-10,9.711395e-01
2.934808e+12,2.768913e-04,1.000000e+00
2.816505e+02,4.672679e-15,1.255395e-07
1.385654e+07,6.700471e-10,9.596140e-01
2.807785e+10,6.803716e-07,9.999651e-01
7.296060e+03,1.347257e-13,9.947016e-06
1.059700e+07,2.800331e-10,9.346366e-01
2.090104e+10,0.000000e+00,1.000098e+00
2.176597e+11,2.561797e-05,1.000000e+00
8.102857e+03,7.054265e-13,1.300089e-04
5.854099e+04,1.243661e-12,6.967563e-03
7.623828e+09,1.819428e-07,1.000063e+00
4.053202e+06,1.711091e-11,6.663475e-01
2.968319e+06,1.049731e-10,9.710048e-01
6.676461e+09,3.693123e-08,9.999634e-01
1.067394e+07,2.378758e-10,1.173360e+00
3.258652e+06,1.989289e-10,1.161245e+00
8.279178e+04,7.754987e-13,6.115952e-02
5.356057e+09,1.017418e-07,9.996564e-01
6.513974e+01,1.453017e-15,1.594315e-09
7.971952e+03,7.470627e-13,5.869223e-06
2.203484e+05,2.609839e-11,8.531141e-01
1.575576e+06,2.296866e-11,2.107603e+00
1.860780e+07,1.991982e-09,9.835072e-01
4.404253e+03,2.595115e-13,1.038987e-05
4.115765e+03,1.623092e-14,3.421230e-05
1.239788e+06,2.724582e-11,1.963965e-01
3.235389e+05,6.308141e-12,5.839631e-01
2.237996e+04,1.795284e-12,5.704570e-04
8.102172e+02,1.508577e-14,3.317098e-07
9.753155e+05,1.504377e-12,1.310461e+00
1.074475e+04,2.324499e-13,7.408501e-04
6.487982e+03,1.507311e-13,1.233295e-05
4.137787e+03,2.767566e-13,1.342540e-05
5.437250e+11,5.481123e-08,1.000000e+00
5.749404e+03,3.184205e-14,6.353604e-05
6.875460e+11,5.717745e-05,1.000000e+00
7.434376e+08,3.527798e-09,9.965108e-01
1.630222e+07,4.460986e-10,1.342200e+00
5.400104e+03,9.247694e-13,5.656062e-05
2.235921e+09,2.428870e-07,1.015800e+00
7.855996e+04,1.880131e-12,6.933567e-04
2.409336e+05,2.290499e-10,3.405925e+00
1.616387e+07,5.938218e-11,8.990944e-01
4.623880e+05,6.132277e-11,1.478356e-02
1.427786e+05,1.184065e-11,4.756953e-02
2.902604e+03,1.989623e-14,1.524256e-05
3.354491e+09,4.842864e-07,1.000015e+00
2.410957e+03,3.048284e-13,7.297164e-06
2.445625e+07,2.293329e-10,1.421715e+00
4.592830e+03,1.590286e-12,7.109007e-05
1.279531e+04,2.392074e-13,2.694230e-04
5.933488e+04,1.199345e-12,7.181071e-03
2.967969e+02,4.259113e-14,3.474975e-07
1.087602e+06,1.139823e-10,4.965911e-02
2.367030e+03,2.317973e-14,2.303783e-06
1.370104e+02,7.163700e-15,3.283585e-08
1.369259e+03,2.081084e-13,2.571967e-05
2.580147e+05,5.086255e-11,9.350919e-01
3.222682e+02,4.843687e-15,1.709355e-09
3.053179e+10,4.524696e-07,9.999711e-01
1.167572e+06,1.294361e-11,7.007318e-01
4.581736e+04,1.569686e-12,5.042398e-04
1.595394e+06,6.564150e-11,1.116045e+00
1.467464e+08,8.982477e-07,9.954062e-01
2.880557e+05,5.810695e-12,1.034748e-01
6.080864e+02,1.438678e-15,6.661626e-07
1.207380e+11,1.391244e-07,1.000001e+00
6.211486e+00,1.684253e-15,1.608459e-10
4.753441e+01,2.331932e-15,4.025558e-09
7.609032e+02,2.496210e-14,1.193590e-08
1.534983e+06,7.685168e-11,2.692613e-01
1.028607e+02,9.383162e-15,3.636981e-09
2.472630e+05,1.027226e-11,4.098118e+00
1.271110e+04,2.166611e-13,2.283747e-03
6.081413e+05,1.522501e-11,4.912419e-01
2.425325e+04,1.510256e-12,8.516301e-04
8.245062e+13,6.932529e-03,1.000000e+00
6.823993e+11,4.380482e-04,1.000000e+00
9.255385e+09,1.219113e-06,9.999350e-01
3.387663e+07,5.949817e-10,1.081689e+00
1.932795e+06,5.794400e-11,1.929628e+00
4.046543e+01,6.179019e-15,7.441665e-09
2.842023e+04,7.068214e-13,4.031173e-04
5.575615e+10,4.617175e-07,9.997316e-01
2.215298e+01,1.416497e-15,9.169341e-10
4.624451e+06,4.654595e-10,9.881505e-01
1.859210e+05,1.042281e-12,5.475236e-02
4.950742e+11,5.277371e-05,1.000000e+00
6.130671e+03,3.340039e-13,8.585245e-06
2.588641e+01,1.665122e-15,1.638579e-09
6.806741e+04,1.237411e-11,7.817035e-03
3.449876e+03,6.169461e-14,1.953474e-05
4.258901e+01,8.538057e-15,2.300205e-09
8.248203e+01,2.176344e-14,7.729040e-09
8.074745e+01,8.053582e-16,1.743603e-08
4.808307e+10,1.888122e-16,1.000002e+00
1.206508e+02,5.255531e-15,3.748003e-09
4.401096e+05,5.893700e-11,1.829189e-01
7.827171e+03,2.613300e-12,3.425025e-04
2.745226e+02,2.434244e-14,3.005527e-07
5.358924e+04,2.738340e-12,4.910637e-03
3.716211e+11,4.209237e-05,1.000000e+00
7.156487e+06,9.607657e-11,1.084218e+00
2.817700e+03,2.769512e-13,6.696954e-05
2.143413e+06,1.351629e-10,5.894777e-01
1.795058e+04,2.084642e-12,8.527992e-04
1.306928e+04,1.739441e-12,8.178228e-04
4.151249e+09,4.837961e-07,9.999792e-01
1.924918e+05,2.607049e-13,8.409839e-02
3.143171e+13,3.752342e-03,1.000000e+00
8.060266e+10,6.514336e-07,5.075094e-01
1.276996e+05,7.029225e-12,2.139636e-03
5.187191e+04,4.436795e-12,1.912591e-04
1.511019e+02,1.179797e-15,2.095646e-08
3.293046e+07,7.215412e-10,1.018871e+00
3.963360e+10,4.469919e-07,9.999593e-01
1.247371e+05,9.736374e-12,8.634258e-03
3.695025e+04,4.938835e-12,1.514688e-02
4.773805e+06,2.526738e-10,8.723122e-01
4.026885e+03,1.848597e-13,3.621647e-05
1.998590e+02,4.094162e-15,8.732004e-08
1.692620e+02,1.181247e-14,9.330984e-10
2.664898e+06,2.489627e-10,8.605736e-01
2.151308e+01,3.428684e-15,1.527557e-09
4.693982e+03,8.540721e-13,2.931832e-04
1.926896e+07,1.463376e-10,9.765334e-01
1.350469e+03,1.215327e-13,2.237942e-07
2.045739e+10,1.126305e-07,3.495103e-01
4.012414e+10,3.219129e-06,1.000006e+00
2.285612e+12,5.087991e-06,1.000001e+00
3.783427e+03,2.261335e-14,2.790229e-05
1.707826e+11,8.620407e-07,9.999710e-01
1.246714e+02,3.225877e-15,2.073442e-08
8.349818e+11,2.849848e-05,1.000000e+00
3.430568e+05,1.562532e-11,2.273615e-01
2.848818e+02,3.837452e-14,1.476745e-07
4.493847e+05,3.233718e-11,7.315812e-01
1.211148e+04,4.050004e-13,2.881739e-04
8.983672e+04,7.593763e-12,1.612815e-02
4.726865e+01,1.279493e-14,1.805464e-09
1.976641e+05,5.778993e-12,3.084773e-01
5.531526e+02,3.822925e-14,4.979083e-07
1.490352e+12,2.449180e-04,1.000000e+00
7.438669e+02,2.899373e-14,1.623801e-08
5.864114e+05,5.310731e-11,2.168134e+00
4.579363e+05,1.749953e-11,8.438515e-01
1.826746e+03,1.751062e-13,4.245744e-06
5.359568e+03,9.600675e-14,4.449939e-06
1.370734e+02,2.478758e-15,1.684863e-08
5.142801e+05,2.866436e-11,6.050396e-01
1.206261e+07,1.808675e-10,7.848512e-01
9.045337e+03,2.343537e-13,1.262315e-05
4.698778e+06,3.707294e-11,1.101804e+00
7.534740e+03,6.272372e-13,1.051924e-04
4.926031e+09,2.760893e-07,9.996941e-01
2.208376e+04,6.849682e-12,6.934525e-03
7.838797e+02,3.050895e-14,1.190604e-06
6.168032e+09,4.269320e-08,1.000401e+00
6.504360e+10,1.106140e-06,9.999744e-01
6.390843e+04,1.429771e-12,2.035607e-03
5.346986e+04,7.682824e-12,2.263878e-02
1.543196e+03,3.379703e-15,4.885787e-06
2.796264e+04,1.059499e-12,1.910051e-03
5.263451e+01,6.576924e-15,4.303114e-09
1.683185e+06,1.885434e-11,3.815153e+00
8.133906e+03,2.602227e-13,1.298703e-05
1.003272e+13,8.670226e-04,1.000000e+00
3.881764e+06,7.213763e-11,1.072073e+00
3.816902e+03,6.086713e-13,2.109371e-05
1.047719e+07,7.842109e-10,1.112182e+00
1.608312e+11,3.907596e-07,7.128651e-01
2.196750e+05,3.464807e-11,1.388965e+01
3.224669e+03,1.872939e-13,2.018237e-05
8.149522e+06,1.336161e-10,1.174855e+00
5.301126e+04,3.199315e-12,2.895014e-02
2.298063e+03,1.841526e-13,1.016540e-05
6.007707e+04,2.796053e-13,7.394531e-03
3.557430e+03,1.305417e-13,2.484668e-05
2.830460e+05,2.996713e-11,3.137802e-02
2.141501e+03,1.165420e-13,8.969354e-06
1.162905e+05,1.139681e-11,2.311365e+00
2.297373e+02,6.923926e-15,7.731042e-08
2.729382e+03,1.210539e-13,1.806909e-05
8.180988e+02,2.263560e-14,7.841841e-08
2.266801e+02,1.873741e-14,6.880707e-08
1.671706e+07,1.341483e-09,1.008353e+00
3.696161e+01,2.741206e-15,1.172230e-08
3.652863e+11,0.000000e+00,1.000000e+00
1.323508e+04,1.477127e-12,1.513642e-05
1.743501e+06,2.338786e-10,8.303720e-01
3.736590e+05,2.518036e-11,1.075052e+00
5.273798e+07,6.805749e-10,9.843241e-01
4.810931e+04,4.662752e-13,4.659068e-03
1.687844e+04,2.555811e-13,5.647949e-04
1.778404e+05,4.637912e-11,1.167524e-02
1.444368e+10,1.460190e-07,9.998407e-01
3.107016e+01,5.899747e-15,2.655128e-09
1.509340e+10,2.620978e-07,1.000014e+00
1.772605e+12,1.790955e-06,9.999999e-01
1.025210e+10,2.659663e-08,1.000061e+00
3.140235e+05,7.292410e-12,1.758276e-01
5.121624e+04,3.244979e-12,4.863565e-03
1.073519e+03,3.389315e-13,7.642666e-07
1.608013e+07,7.495120e-10,9.133448e-01
6.125014e+05,1.261157e-11,7.895989e-01
2.694707e+03,5.302354e-14,9.062335e-06
9.400691e+02,7.703557e-15,1.840626e-06
3.242856e+05,3.040498e-11,1.924022e-01
2.755365e+05,1.981452e-12,1.460379e-01
4.750526e+09,1.283432e-08,9.999893e-01
1.825530e+04,5.604613e-13,2.669123e-05
2.423627e+02,3.670825e-15,2.004053e-08
2.682501e+02,1.296897e-14,3.677714e-08
1.291265e+12,1.110741e-04,1.000000e+00
1.109097e+05,5.040811e-13,2.609675e-02
8.498375e+11,5.519933e-06,6.974946e-01
4.846519e+04,7.028940e-12,1.567741e-03
2.425547e+05,1.842011e-12,4.757393e-02
1.547360e+11,3.784036e-05,1.000001e+00
7.345693e+11,1.200622e-06,1.000005e+00
2.320973e+06,1.096006e-09,9.573475e-01
1.318086e+06,3.133261e-11,1.771239e+00
4.127902e+09,3.876609e-07,9.999673e-01
2.074571e+10,1.581193e-06,1.000068e+00
1.927537e+06,1.942091e-11,1.089760e+00
1.156990e+04,1.367752e-12,9.083966e-05
1.051161e+04,3.171431e-14,1.236484e-06
1.199656e+10,2.909333e-07,9.999124e-01
2.221100e+10,3.362803e-06,1.865499e+00
6.704789e+10,4.129259e-06,1.000017e+00
3.833424e+03,3.368570e-13,1.873031e-06
4.688290e+07,1.521751e-09,9.644523e-01
2.182655e+11,7.333828e-06,1.000000e+00
1.302994e+04,2.437261e-13,2.662893e-04
1.414948e+04,2.553270e-12,5.901260e-05
8.832069e+01,1.099681e-15,6.634583e-09
2.349357e+06,5.356261e-11,5.849565e-01
9.847013e+01,1.468895e-15,1.601597e-08
1.113817e+05,2.628111e-12,1.413451e-02
6.829848e+02,4.906371e-14,2.371936e-06
1.602194e+05,9.845395e-13,2.837072e-02
8.021167e+04,9.068248e-13,1.309868e-02
1.718723e+06,3.755330e-11,1.171616e+00
2.676007e+02,1.731901e-14,3.828165e-07
5.014840e+05,5.521561e-11,4.713808e-01
6.383902e+04,2.184290e-12,2.527299e-03
2.635797e+03,9.301107e-14,5.732284e-08
1.055635e+05,6.806559e-12,2.524900e-02
7.269599e+06,3.313101e-10,8.472335e-01
1.767104e+06,6.905645e-12,5.954313e-01
7.393496e+06,1.189241e-10,4.979595e+01
9.069402e+05,7.237584e-11,1.414416e+00
6.485144e+12,5.014033e-04,1.000000e+00
1.333900e+09,2.776717e-09,9.999033e-01
3.178979e+06,4.150702e-10,8.589282e-01
4.146363e+10,3.203259e-07,9.999714e-01
8.609509e+05,1.037290e-11,8.864337e-01
3.910231e+09,2.742987e-07,9.999715e-01
1.155931e+03,1.015617e-13,2.554957e-06
5.932144e+06,2.239985e-10,1.535219e+00
2.149285e+04,1.505251e-12,2.521293e-03
1.221377e+03,5.405614e-13,1.313916e-05
2.086908e+06,6.019232e-11,1.204152e+00
1.122648e+05,1.608386e-11,2.593998e-02
2.095812e+01,7.308337e-16,9.486594e-11
7.408250e+04,2.629209e-12,5.135065e-03
1.569562e+03,1.421991e-13,2.675084e-07
3.854327e+03,3.163153e-13,2.446679e-05
2.412644e+03,1.320032e-13,1.091784e-05
4.095049e+04,1.955925e-12,4.502568e-05
9.909188e+01,3.984157e-15,1.496126e-08
8.559635e+02,5.517306e-14,3.420323e-06
4.444349e+03,5.502934e-13,6.277103e-05
3.025456e+06,9.523907e-11,5.181690e-01
4.543658e+06,3.655489e-10,9.606046e-01
4.978434e+10,2.636513e-06,1.000109e+00
4.285985e+05,4.852486e-12,1.933108e+00
8.868264e+05,2.070878e-11,6.079166e-01
2.647914e+03,7.515267e-14,4.891987e-06
7.002893e+03,2.723620e-13,4.334352e-08
2.256658e+02,3.641538e-15,3.722123e-08
1.929011e+06,3.010570e-10,1.002646e+00
9.527679e+06,2.679189e-10,8.830456e-01
5.320172e+01,6.606062e-15,5.021505e-09
2.544773e+04,2.350038e-12,2.073260e-04
3.927235e+04,2.029451e-13,3.111807e-03
3.243009e+11,3.276355e-06,2.212350e+00
1.749337e+07,2.932708e-10,1.013720e+00
2.144890e+11,2.654950e-05,1.000000e+00
1.727331e+06,3.753667e-12,1.636885e+00
8.257332e+08,6.382345e-09,1.001102e+00
2.065952e+02,6.392422e-14,5.065493e-08
4.898289e+03,1.055951e-12,6.196033e-05
1.411660e+03,3.149892e-14,5.913274e-06
1.023711e+05,1.412069e-12,8.999596e-03
6.832973e+02,5.157965e-14,2.260386e-06
5.348027e+05,1.223053e-10,9.047880e-01
5.679743e+05,3.664413e-11,6.353140e-01
1.860188e+05,1.617011e-12,2.979458e-02
1.390183e+04,1.506577e-13,3.463168e-04
1.484161e+10,1.554169e-06,1.000028e+00
6.330895e+01,1.068706e-14,1.129330e-08
2.786229e+10,8.596933e-01,9.999206e-01
4.086442e+04,6.916680e-13,1.341845e-03
1.932774e+12,3.639037e-05,1.000000e+00
1.133131e+10,3.093420e-08,9.996568e-01
7.207829e+04,4.022417e-13,3.122558e-03
2.769362e+04,2.356229e-12,1.234186e-03
1.169598e+08,2.772280e-09,9.906668e-01
8.141208e+03,2.530768e-14,8.758897e-06
4.313116e+01,3.799499e-15,4.747204e-09
2.342193e+03,1.905064e-14,1.058727e-05
5.309143e+02,2.639959e-15,6.160360e-07
8.823774e+02,1.318656e-14,2.331163e-06
2.446082e+06,2.646925e-10,8.637219e-01
1.464909e+03,2.788171e-13,3.712809e-06
5.604474e+04,1.897501e-12,1.504525e-03
3.407828e+03,3.573976e-13,2.253234e-05
4.487212e+02,8.369008e-15,4.147526e-07
3.832387e+04,1.008199e-11,3.022323e-03
6.144650e+01,2.779679e-15,7.467250e-09
1.674127e+04,2.254146e-13,7.144570e-04
1.057892e+03,2.033307e-14,2.065543e-06
1.049889e+03,7.473798e-15,3.144641e-06
3.517203e+01,4.148088e-15,1.550581e-09
2.598883e+03,4.676703e-14,5.541486e-08
5.995450e+03,2.092026e-13,1.724695e-05
1.139888e+03,9.958806e-14,1.400797e-06
3.857918e+12,2.709293e-04,1.000000e+00
7.978760e+05,1.508810e-11,1.068399e+00
1.545685e+08,2.857397e-09,9.906587e-01
4.126553e+09,2.682025e-07,9.999605e-01
8.211450e+11,1.733539e-05,1.000001e+00
2.157021e+03,3.200975e-14,6.269070e-06
3.368181e+05,7.428876e-12,2.326616e-02
1.370315e+04,3.774060e-14,3.743062e-04
3.639198e+10,5.374802e-06,1.000019e+00
6.485932e+05,3.991876e-11,6.931211e-01
2.137246e+05,4.724375e-12,2.981792e-02
1.186191e+02,6.561046e-15,6.185806e-10
2.657673e+05,1.022150e-10,4.040469e-01
5.988229e+02,1.407128e-13,2.035881e-07
4.673734e+02,1.762041e-14,4.053434e-07
3.860907e+12,5.956241e-05,1.000000e+00
3.535281e+01,2.755526e-15,3.498179e-09
3.193457e+10,4.305265e-06,1.000014e+00
8.179876e+00,1.457703e-15,2.230447e-10
8.251722e+04,1.522726e-11,1.470586e-03
1.057326e+10,1.534619e-07,9.998707e-01
4.129831e+03,6.231154e-14,3.350614e-05
1.132217e+07,1.859907e-10,2.019009e+00
7.661772e+03,2.836857e-12,8.437716e-04
1.076975e+11,1.329253e-06,9.999699e-01
3.949300e+03,1.268192e-13,3.756296e-05
2.105400e+05,4.494169e-11,1.069808e-02
6.325994e+07,3.261543e-10,9.839450e-01
2.946817e+04,4.385074e-12,1.875137e-03
4.450614e+03,3.768705e-13,1.699821e-05
2.608267e+06,1.016966e-10,8.082049e-01
1.767677e+10,1.847816e-06,1.000020e+00
3.839038e+11,3.545430e-05,1.000000e+00
1.129025e+06,4.529711e-11,1.066540e+01
2.401654e+06,1.768455e-10,5.961023e-01
7.718341e+04,1.521038e-12,1.085636e-02
1.008962e+03,3.343478e-14,9.097455e-07
2.645723e+06,3.429624e-11,6.720143e-01
4.568098e+03,4.870573e-13,1.395732e-04
2.316159e+04,7.444584e-13,9.420162e-04
2.127146e+06,1.043658e-10,8.644351e-01
1.795468e+03,1.339321e-13,3.848367e-05
2.757545e+03,4.505455e-13,1.391901e-05
2.575843e+06,7.133851e-11,1.255857e+00
2.263883e+10,5.441191e-09,1.000008e+00
3.311095e+01,1.837971e-15,3.875779e-10
8.272313e+01,3.448586e-15,1.218570e-08
8.476516e+10,6.048889e-06,1.000004e+00
1.538827e+06,2.571182e-11,1.351811e+01
7.449589e+02,3.549584e-15,9.390276e-07
1.829669e+10,4.010197e-07,2.148740e-01
6.998367e+04,3.597847e-13,9.700657e-03
2.101258e+06,1.939845e-11,4.008695e-01
1.506031e+05,3.405389e-11,4.497579e-01
3.001847e+03,3.242677e-13,1.376949e-05
1.778742e+04,1.061789e-12,6.698821e-04
3.802109e+04,9.028876e-13,2.948838e-03
4.233518e+01,2.018093e-15,1.688338e-08
5.463322e+10,9.066324e-12,3.589197e-01
6.503748e+07,9.483317e-11,9.032831e-01
3.696278e+03,1.642325e-13,2.052705e-04
2.357759e+02,6.984756e-14,1.220787e-08
1.718345e+03,1.159728e-14,1.071963e-06
4.317386e+03,6.118528e-13,2.180233e-04
4.613158e+06,4.000621e-11,9.825912e-01
9.756300e+01,9.133318e-15,3.405944e-09
4.359754e+06,2.649528e-11,9.320016e-01
6.576440e+05,5.486366e-12,4.808227e-07
9.361419e+04,2.060090e-12,9.589991e-03
1.825974e+05,4.897616e-12,1.313533e+00
1.476863e+11,4.644237e-08,4.632449e-01
3.037962e+09,2.197134e-07,9.999212e-01
6.605294e+09,5.182044e-08,9.998973e-01
2.327113e+03,1.341294e-14,3.806734e-06
1.936883e+06,2.261014e-10,1.020725e+00
2.104923e+01,9.176802e-16,5.777190e-11
7.951075e+09,6.091985e-07,3.426326e-01
2.104198e+05,1.780180e-10,1.208712e+00
1.751278e+03,2.759773e-14,6.200985e-06
1.149504e+05,9.640817e-13,2.685783e-01
2.916239e+11,1.432384e-07,1.000006e+00
3.354724e+03,9.324425e-14,1.780576e-05
6.757449e+05,3.658482e-11,3.332004e-01
6.532917e+05,1.165863e-11,7.084167e-01
2.212808e+06,8.379987e-10,8.457004e-01
6.888746e+09,8.887816e-08,1.000198e+00
3.732645e+10,2.183724e-06,1.001857e+00
6.379118e+03,1.165076e-12,8.137194e-05
3.818623e+03,2.887938e-14,1.490985e-05
4.464644e+11,9.798082e-07,1.000000e+00
4.483150e+01,2.938577e-15,1.000201e-09
7.155830e+06,2.471689e-10,9.650427e-01
6.907305e+05,1.089442e-11,9.254367e-01
3.095243e+06,7.776610e-11,7.554761e+00
1.104504e+06,1.220877e-10,9.292686e-01
4.089543e+05,3.934931e-11,2.247525e+00
2.903430e+06,6.353772e-11,1.366377e+01
2.057737e+03,4.240016e-13,1.137801e-05
1.471615e+03,2.035061e-14,2.152285e-07
4.104920e+06,1.658828e-10,8.676511e-01
3.465058e+03,4.378401e-15,2.341788e-05
2.696318e+06,4.276956e-10,7.331764e-01
2.020263e+06,1.128708e-10,7.990850e-01
1.481893e+06,1.295024e-10,2.622214e+00
1.358565e+06,1.334162e-10,8.698790e-01
2.268452e+04,4.097643e-13,1.966169e-04
1.824705e+05,6.076520e-12,5.997236e-02
2.434646e+11,1.778726e-05,9.999999e-01
1.604739e+05,6.289692e-13,1.901448e-04
9.623219e+06,5.331331e-10,9.609661e-01
2.995133e+03,3.217768e-13,3.361586e-05
1.819011e+06,6.507887e-11,6.462612e-01
2.770993e+05,3.035506e-12,3.604215e-01
1.512330e+02,8.299691e-15,4.132905e-08
3.271293e+10,4.361863e-11,1.000003e+00
1.213572e+05,1.468486e-12,1.936403e-02
1.225813e+02,1.520911e-14,2.655416e-08
3.075551e+11,3.469595e-05,1.000000e+00
2.891879e+10,6.335537e-07,9.999650e-01
1.479221e+11,1.131243e-05,1.000000e+00
1.064592e+05,2.630363e-12,3.609118e-03
8.737199e+05,2.314132e-12,1.033582e+00
1.674195e+01,4.696651e-16,5.422338e-10
1.397431e+07,1.100259e-09,7.329625e-01
2.660975e+12,1.078357e-05,6.716393e-01
8.993232e+12,6.411644e-04,1.000000e+00
2.234940e+03,6.373035e-14,8.763685e-06
3.054859e+12,1.135329e-07,1.000000e+00
1.131677e+04,4.457116e-13,1.370621e-04
1.176063e+07,1.874355e-10,9.661434e-01
8.543390e+03,1.641016e-13,3.624647e-05
3.393534e+11,1.682383e-05,1.000007e+00
1.223389e+07,7.460698e-10,9.651552e-01
6.034090e+01,8.424036e-16,2.202302e-09
1.865667e+04,1.246211e-12,4.724758e-04
2.580131e+05,1.147306e-11,3.222210e-01
1.514518e+03,3.547103e-14,4.346441e-06
1.424521e+05,2.794722e-12,1.282857e-03
1.254071e+06,4.184214e-11,8.958634e-01
3.201410e+06,1.785184e-10,8.620927e-01
3.153423e+01,1.576073e-15,3.087014e-10
9.154689e+02,1.295421e-14,1.560558e-06
9.392614e+01,6.667093e-16,1.243415e-08
8.956346e+05,4.480637e-10,7.920264e-01
1.844856e+04,8.236574e-13,3.100308e-04
2.168664e+11,1.983379e-05,1.000000e+00
1.203957e+06,1.452857e-10,1.772180e+00
3.904443e+11,4.431552e-05,1.000000e+00
8.298480e+01,5.396174e-15,2.249202e-09
5.865787e+03,1.863914e-13,4.423868e-05
1.834651e+10,1.169495e-06,9.999597e-01
1.381776e+02,3.001730e-15,2.203893e-08
1.402923e+06,7.840412e-11,1.328953e+00
6.289233e+01,4.482808e-15,7.106427e-09
3.744255e+02,1.597076e-14,2.474420e-07
6.507255e+04,1.108005e-12,2.053579e-02
6.021756e+01,2.133614e-15,9.169341e-10
2.668258e+05,4.879046e-11,9.287236e-01
2.012924e+03,4.470534e-14,5.326027e-07
7.502827e+04,3.080463e-12,5.441588e-02
3.085651e+03,6.713495e-14,2.094614e-05
4.409451e+03,4.607427e-14,3.308806e-05
3.427550e+06,4.919360e-10,7.973386e-01
4.256445e+04,9.163029e-13,1.498683e-03
2.718981e+09,1.656111e-07,9.998917e-01
1.048150e+02,1.729715e-15,2.395406e-08
1.397877e+09,1.251762e-09,9.985489e-01
1.097901e+11,9.157117e-06,1.000000e+00
3.807963e+05,2.110755e-12,5.671089e+00
3.358764e+07,1.410397e-09,9.172175e-01
1.353216e+04,1.577622e-12,1.103277e-03
3.593694e+10,4.166162e-07,1.000038e+00
2.067060e+04,4.588451e-12,4.031134e-03
3.735208e+11,7.714254e-06,1.000002e+00
1.005634e+09,1.029253e-07,9.996534e-01
5.933562e+02,4.507203e-15,7.459043e-07
9.995075e+02,7.863996e-14,8.344724e-07
9.270628e+01,3.738789e-16,2.787399e-08
3.328656e+05,1.854032e-12,3.947414e+00
4.186896e+04,1.360027e-12,3.527085e-03
4.760109e+01,4.284784e-16,4.589672e-10
3.675547e+07,3.151587e-10,9.925887e-01
3.924210e+03,5.424967e-13,1.142776e-04
4.279900e+05,4.120938e-11,8.131637e-02
4.633809e+06,1.284900e-09,9.554086e-01
5.237789e+04,6.913646e-12,3.562786e-04
1.426594e+04,8.861993e-13,4.072366e-04
4.200360e+03,1.240899e-13,2.822678e-05
1.152676e+03,8.270683e-15,2.372964e-06
1.181637e+11,1.469517e-05,1.000004e+00
6.107677e+05,2.792705e-11,1.067061e+00
1.244980e+05,5.701671e-11,8.694174e-02
5.078153e+02,1.301011e-13,5.998050e-07
2.602936e+10,5.607651e-06,9.998941e-01
3.467047e+03,2.007807e-13,1.784743e-04
1.161873e+07,1.750210e-09,2.997494e+00
7.578499e+02,6.993363e-15,1.665740e-06
3.834430e+02,3.818798e-14,2.449008e-06
8.269427e+05,2.470717e-11,6.508594e+00
1.246518e+06,2.478894e-10,9.436496e-01
4.093938e+10,3.238859e-07,1.000030e+00
9.261987e+05,4.728728e-11,6.688737e-01
7.711611e+01,5.945314e-15,5.667464e-09
2.571126e+03,2.804373e-13,7.945895e-06
1.956750e+11,1.750532e-06,1.000002e+00
1.903037e+02,3.230608e-14,3.665520e-07
9.455508e+05,2.870420e-11,1.023854e+00
2.258495e+04,2.737999e-12,2.040260e-03
3.425207e+04,7.139040e-13,1.754894e-05
4.828336e+04,8.692225e-13,1.824588e-02
2.505682e+04,3.632908e-12,3.265213e-04
7.050386e+05,2.341633e-10,9.182276e-01
8.302687e+02,3.619587e-13,1.146558e-05
5.557377e+09,3.763019e-08,9.998365e-01
1.062829e+11,4.214044e-05,1.000000e+00
7.944701e+04,1.447971e-12,4.861899e-03
5.454879e+06,2.304534e-11,5.424822e-01
5.132498e+01,1.914056e-14,7.911051e-09
1.139504e+11,7.987112e-07,7.679026e-01
8.098403e+04,4.857717e-13,1.327249e-02
8.672107e+03,4.828950e-13,1.251833e-06
9.533021e+02,1.913076e-14,1.596557e-06
4.370689e+07,6.595525e-10,9.766116e-01
5.273893e+08,1.916389e-08,1.000846e+00
4.578871e+01,6.302109e-15,3.692492e-09
6.992187e+10,1.197734e-07,9.999715e-01
4.694586e+07,1.710879e-09,5.860291e-01
3.353584e+05,2.866316e-11,3.608323e-01
8.572633e+02,2.827345e-14,1.405127e-06
8.825383e+10,1.109853e-05,1.000004e+00
1.548919e+11,1.883018e-06,1.000007e+00
3.447638e+08,1.997868e-09,1.019155e+00
5.249124e+01,3.025468e-15,2.471246e-09
6.107882e+11,9.203019e-05,1.000000e+00
2.364580e+11,1.531060e-05,9.999999e-01
3.567142e+07,9.844878e-10,9.291053e-01
4.347099e+05,1.145273e-10,1.709685e+01
2.316515e+05,1.452762e-11,2.816262e-02
4.939471e+03,2.839490e-14,4.884081e-05
5.348677e+03,1.799355e-13,1.011172e-05
2.388268e+02,6.704371e-16,1.386956e-07
9.120067e+04,1.129993e-11,7.972973e-02
2.412646e+09,4.782248e-08,9.996100e-01
1.575542e+09,1.292583e-11,1.000170e+00
3.592020e+12,2.874866e-05,9.999999e-01
5.687872e+02,1.015196e-14,6.469557e-07
1.336662e+04,7.646826e-13,3.191832e-04
1.013881e+03,1.469102e-14,1.192769e-06
1.350879e+10,2.170718e-06,1.000037e+00
2.982768e+02,3.192867e-14,1.722799e-07
5.408115e+09,1.020626e-06,9.999915e-01
2.597440e+07,9.488358e-10,1.087948e+00
1.774614e+05,1.668331e-11,8.035819e-02
6.098962e+08,4.161956e-09,9.990926e-01
1.569665e+05,1.146861e-11,1.680917e-02
1.124149e+03,3.281825e-15,2.075036e-06
2.406357e+00,1.435300e-16,2.875566e-11
2.809549e+08,4.286243e-09,9.855767e-01
9.541667e+05,1.520003e-10,8.333743e-01
5.625277e+01,5.359850e-15,6.079471e-09
3.536174e+10,5.265655e-06,1.000019e+00
3.203110e+04,2.669042e-12,1.429858e-02
2.036462e+07,2.926937e-10,9.901211e-01
1.118063e+04,8.511582e-13,1.242757e-06
5.991477e+03,7.299322e-14,6.240890e-05
1.404064e+07,1.106849e-10,8.484649e-01
5.091049e+03,2.083909e-13,5.269972e-05
7.938689e+03,2.799504e-13,2.922766e-04
7.315206e+03,2.036159e-13,2.458769e-05
4.556732e+10,2.553991e-04,1.000000e+00
2.515638e+03,2.491869e-13,1.260592e-05
1.672606e+06,1.565560e-12,7.519002e-01
1.295812e+11,3.487990e-06,1.000007e+00
7.099360e+05,1.076823e-10,9.538992e-01
1.737961e+11,8.665568e-08,9.999290e-01
9.589971e+07,2.139720e-12,1.000696e+00
1.334093e+07,9.842345e-10,9.563200e-01
6.916310e+00,1.266460e-15,1.722630e-10
7.055328e+01,5.283306e-15,8.704970e-09
7.156496e+04,7.740702e-12,1.617998e-03
1.515015e+04,9.380345e-13,4.431695e-04
1.322006e+12,2.177905e-04,1.000000e+00
1.906490e+04,3.531125e-12,9.248292e-04
1.128730e+09,1.567292e-07,9.999681e-01
2.600427e+04,5.587038e-12,7.873289e-03
5.140390e+04,2.304814e-13,4.198647e-03
5.084965e+06,1.447656e-10,9.342115e-01
3.936299e+09,1.938720e-16,9.999780e-01
6.133326e+10,1.366276e-07,1.000005e+00
2.291052e+10,5.863478e-08,1.000052e+00
4.446346e+11,6.820769e-06,1.219067e+01
8.638935e+01,1.448045e-15,3.859025e-09
1.368353e+05,2.517150e-11,2.835293e+00
1.627450e+02,2.356995e-14,6.297840e-08
2.583422e+02,3.678537e-15,1.379185e-07
2.358415e+05,8.810080e-12,4.561680e-01
2.718333e+04,1.894914e-12,1.940441e-04
3.252284e+10,4.221246e-07,9.999694e-01
5.292115e+05,3.644711e-11,1.115406e+00
1.124805e+02,1.437792e-15,1.138979e-09
2.678400e+05,1.549699e-11,4.346659e-01
7.585702e+05,1.962068e-11,8.349404e-01
1.042262e+03,3.050360e-14,3.717598e-08
6.107685e+02,1.435126e-14,7.965028e-07
1.246832e+10,3.181524e-09,1.000814e+00
1.316905e+08,5.270770e-03,9.998193e-01
2.626044e+02,2.236183e-15,1.253729e-07
3.685303e+05,1.689075e-11,1.186924e+02
4.537280e+02,5.169578e-14,5.033236e-07
6.547369e+11,5.771641e-06,1.000000e+00
2.952838e+02,4.213700e-14,2.163002e-07
9.572503e+06,5.805939e-11,5.992969e-01
7.970135e+10,6.513920e-07,9.037107e-01
1.029840e+07,1.791571e-10,9.686838e-01
4.674374e+10,2.235556e-06,9.999648e-01
7.054859e+09,1.093160e-07,9.999092e-01
1.123672e+06,1.128007e-11,7.687200e-01
4.244688e+02,8.851311e-14,3.350941e-07
1.818526e+02,1.867716e-15,3.230849e-08
4.807861e+06,6.537270e-11,9.928024e-01
2.469064e+09,1.870986e-07,9.999158e-01
6.540776e+03,3.944510e-13,4.296438e-04
3.547601e+04,5.213773e-13,6.363189e-06
1.360871e+10,1.039929e-06,3.245032e-01
1.161608e+06,1.137577e-10,7.916000e-01
1.444990e+06,1.503755e-10,9.099525e-01
1.261608e+06,8.187212e-11,1.652746e+00
1.625546e+04,1.652904e-13,5.027409e-04
6.523280e+03,6.673296e-14,7.029744e-05
1.988688e+04,1.542881e-12,6.804808e-04
3.617522e+06,9.303285e-11,7.404242e-01
5.815089e+06,4.097144e-10,5.770586e-01
9.556851e+07,9.487882e-10,9.951886e-01
2.837311e+08,5.201251e-10,9.986621e-01
4.474025e+05,6.456848e-11,9.782645e-01
3.057764e+03,7.302348e-14,1.805404e-06
3.338161e+05,3.408773e-11,3.940099e-01
5.348912e+03,1.778198e-13,4.223282e-05
1.176423e+05,2.523453e-11,3.056486e-02
3.005098e+08,3.239774e-09,9.824939e-01
5.660674e+03,1.361732e-13,5.771185e-07
4.339233e+05,3.065647e-11,9.840471e+00
1.615540e+03,7.268099e-14,1.631890e-06
1.757064e+05,2.047179e-11,1.940623e-03
4.352662e+04,1.516098e-11,1.831905e-02
6.524757e+04,1.009761e-11,1.052742e-03
6.717732e+05,1.964899e-11,2.279880e-01
3.836732e+02,9.971788e-15,2.126920e-07
9.748724e+03,1.369257e-13,7.661960e-05
1.837499e+01,7.374303e-16,4.173337e-10
2.296973e+03,1.002871e-13,9.613839e-06
2.690319e+02,1.027502e-14,1.847615e-07
1.826046e+04,1.722480e-12,6.099896e-04
1.044969e+04,6.232957e-13,6.291403e-04
1.362981e+06,1.052284e-10,8.940615e-01
1.315441e+05,9.778307e-12,1.096432e+00
1.231047e+01,6.765973e-16,3.877151e-10
1.825215e+02,8.199401e-15,1.099221e-08
1.026547e+04,5.558619e-13,5.726998e-04
2.159656e+02,1.576360e-14,5.980894e-07
9.772003e+01,1.719756e-14,7.186960e-09
1.138770e+07,2.415264e-10,9.709853e-01
5.055273e+06,6.750559e-11,9.502835e-01
3.732946e+04,4.623343e-12,3.251426e-04
1.050101e+07,9.040453e-11,1.217530e+00
3.134424e+02,1.434400e-15,1.722382e-07
1.096341e+11,3.012288e-07,9.999826e-01
1.264975e+01,2.441551e-15,5.283562e-10
1.954184e+11,1.145743e-07,1.000006e+00
4.273478e+05,6.369944e-12,2.126220e+00
4.041559e+01,2.217827e-15,1.305692e-09
4.703801e+05,2.210674e-12,2.283680e+01
4.117288e+01,1.067917e-14,3.243018e-09
2.667086e+05,2.667234e-11,5.343102e-01
8.648618e+01,1.504786e-14,2.504372e-09
1.963477e+05,1.809226e-11,7.721461e-01
5.561355e+04,2.601588e-12,1.689916e-03
1.235772e+08,8.345071e-10,9.481252e-01
2.639810e+11,6.638690e-06,1.000001e+00
4.353037e+05,3.137533e-11,7.939905e-02
6.823945e+07,1.028885e-10,9.868337e-01
1.235323e+03,2.247087e-14,4.519473e-06
4.836061e+01,5.916293e-15,3.151258e-09
1.325844e+10,9.784615e-07,9.999736e-01
1.327738e+03,3.014550e-13,3.727861e-07
1.981990e+08,1.704919e-09,9.982918e-01
1.824109e+05,2.022249e-11,8.277784e-01
